# Blender v3.1.2 OBJ File: '1.blend'
# www.blender.org
mtllib human.mtl
o human_fall_flat_character_(1).004_human_fall_flat_character_(1).001
v 74.676956 36.471561 43.646805
v 74.687958 36.458038 43.647915
v 74.687386 36.458038 43.659855
v 74.676331 36.471561 43.659855
v 74.667191 36.486221 43.645817
v 74.669205 36.486221 43.631912
v 74.678825 36.471561 43.633877
v 74.558968 36.511597 43.634872
v 74.552803 36.486023 43.642113
v 74.551575 36.487370 43.673615
v 74.557770 36.511597 43.659855
v 74.566338 36.538170 43.659855
v 74.567497 36.538170 43.635735
v 74.562538 36.511597 43.610130
v 74.731079 36.703300 43.652275
v 74.707222 36.693798 43.649864
v 74.730721 36.703300 43.659855
v 74.754356 36.710045 43.659855
v 74.753548 36.709930 43.654549
v 74.755356 36.710045 43.649506
v 74.732162 36.703300 43.644772
v 74.708656 36.693798 43.639969
v 74.700104 36.445782 43.649143
v 74.713264 36.434910 43.650475
v 74.712814 36.434910 43.659855
v 74.699585 36.445782 43.659855
v 74.689667 36.458038 43.636093
v 74.701637 36.445782 43.638535
v 74.549088 36.463501 43.665329
v 74.547844 36.442505 43.688797
v 74.546593 36.450596 43.756187
v 74.547844 36.468895 43.714901
v 74.556465 36.484673 43.610859
v 74.552803 36.458107 43.616009
v 74.684326 36.681728 43.647549
v 74.662590 36.667225 43.645351
v 74.683731 36.681728 43.659855
v 74.706749 36.693798 43.659855
v 74.686081 36.681728 43.635361
v 74.664665 36.667225 43.630985
v 74.727318 36.425529 43.651897
v 74.742126 36.421318 43.653393
v 74.741821 36.421318 43.659855
v 74.726936 36.425529 43.659855
v 74.714600 36.434910 43.641186
v 74.728455 36.425529 43.644012
v 74.549088 36.421513 43.696785
v 74.563393 36.420456 43.690369
v 74.547844 36.426907 43.769947
v 74.551575 36.434418 43.621655
v 74.552803 36.416119 43.623871
v 74.642242 36.650410 43.643291
v 74.623466 36.631462 43.641396
v 74.641449 36.650410 43.659855
v 74.661896 36.667225 43.659855
v 74.644608 36.650410 43.626892
v 74.626106 36.631462 43.623112
v 74.757561 36.425961 43.654953
v 74.772087 36.432461 43.656422
v 74.757324 36.425961 43.659855
v 74.758263 36.425961 43.650101
v 74.601303 36.459274 43.670609
v 74.640526 36.499302 43.650982
v 74.639725 36.499302 43.673615
v 74.600311 36.459274 43.714901
v 74.566895 36.419106 43.624783
v 74.604263 36.459274 43.626514
v 74.606453 36.610550 43.639675
v 74.591354 36.587887 43.638149
v 74.605484 36.610550 43.659855
v 74.622581 36.631462 43.659855
v 74.609337 36.610550 43.619686
v 74.594460 36.587887 43.616650
v 74.658775 36.501873 43.644966
v 74.666519 36.486221 43.659855
v 74.658058 36.501873 43.659855
v 74.642921 36.499302 43.628513
v 74.660904 36.501873 43.630219
v 74.578331 36.563679 43.636829
v 74.577232 36.563679 43.659855
v 74.590317 36.587887 43.659855
v 74.581627 36.563679 43.614029
v 74.570946 36.538170 43.611847
v 74.681915 36.471561 43.621204
v 74.692497 36.458038 43.624496
v 74.672531 36.486221 43.618279
v 74.677139 36.486217 43.605045
v 74.686203 36.471561 43.608898
v 74.568459 36.511597 43.585869
v 74.562538 36.484226 43.584026
v 74.576668 36.538170 43.588425
v 74.576668 36.511597 43.562317
v 74.570946 36.484226 43.559887
v 74.733963 36.703300 43.637409
v 74.711021 36.693798 43.630268
v 74.755569 36.709930 43.644138
v 74.758293 36.710045 43.639553
v 74.736450 36.703300 43.630268
v 74.714302 36.693798 43.620850
v 74.704170 36.445782 43.628136
v 74.716827 36.434910 43.632076
v 74.696419 36.458038 43.613243
v 74.707687 36.445782 43.618038
v 74.558968 36.456310 43.582912
v 74.557770 36.431721 43.582539
v 74.567497 36.456310 43.558422
v 74.566338 36.431721 43.557930
v 74.689003 36.681728 43.623409
v 74.668098 36.667225 43.616901
v 74.693039 36.681728 43.611805
v 74.672867 36.667225 43.603226
v 74.730339 36.425529 43.636284
v 74.744583 36.421318 43.640720
v 74.743057 36.421318 43.646996
v 74.719910 36.434910 43.623234
v 74.732956 36.425529 43.628780
v 74.558968 36.414322 43.582912
v 74.572716 36.418655 43.587196
v 74.567497 36.414322 43.558422
v 74.580772 36.418655 43.564064
v 74.648537 36.650410 43.610806
v 74.630478 36.631462 43.605183
v 74.653976 36.650410 43.595192
v 74.636543 36.631462 43.587780
v 74.759422 36.425961 43.645340
v 74.773392 36.432461 43.649693
v 74.761032 36.425961 43.640720
v 74.609169 36.459274 43.598549
v 74.646889 36.499302 43.610294
v 74.615967 36.459274 43.579033
v 74.652382 36.499302 43.594517
v 74.614120 36.610550 43.600090
v 74.599609 36.587887 43.595570
v 74.620750 36.610550 43.581066
v 74.606735 36.587887 43.575108
v 74.664429 36.501873 43.615757
v 74.669319 36.501873 43.601719
v 74.587082 36.563679 43.591671
v 74.594643 36.563679 43.569965
v 74.584587 36.538170 43.565685
v 74.675529 36.501873 43.588245
v 74.682999 36.486217 43.592342
v 74.659363 36.499302 43.579372
v 74.682999 36.501873 43.575459
v 74.604248 36.563679 43.549129
v 74.594643 36.538170 43.543858
v 74.615791 36.587887 43.555462
v 74.615791 36.563679 43.529354
v 74.606735 36.538170 43.523144
v 74.691650 36.471561 43.597088
v 74.701401 36.458038 43.602440
v 74.690033 36.486217 43.580284
v 74.698189 36.471561 43.585880
v 74.587082 36.511597 43.539711
v 74.581627 36.484226 43.536713
v 74.599609 36.511597 43.518253
v 74.594460 36.484226 43.514725
v 74.739609 36.703300 43.623409
v 74.718468 36.693798 43.611805
v 74.759521 36.709930 43.634335
v 74.763069 36.710045 43.630383
v 74.743408 36.703300 43.616901
v 74.723480 36.693798 43.603226
v 74.712158 36.445782 43.608345
v 74.723824 36.434910 43.614742
v 74.707382 36.458038 43.592186
v 74.717529 36.445782 43.599144
v 74.578331 36.456310 43.534908
v 74.577232 36.431721 43.534302
v 74.591354 36.456310 43.512596
v 74.590317 36.431721 43.511883
v 74.698174 36.681728 43.600670
v 74.678917 36.667225 43.590099
v 74.704346 36.681728 43.590099
v 74.686188 36.667225 43.577644
v 74.736275 36.425529 43.621578
v 74.749405 36.421318 43.628780
v 74.746704 36.421318 43.634628
v 74.728523 36.434910 43.606686
v 74.740265 36.425529 43.614742
v 74.578331 36.414322 43.534908
v 74.591003 36.418655 43.541862
v 74.591354 36.414322 43.512596
v 74.603302 36.418655 43.520790
v 74.660881 36.650410 43.580204
v 74.644241 36.631462 43.571075
v 74.669182 36.650410 43.565983
v 74.653496 36.631462 43.555222
v 74.763077 36.425961 43.636284
v 74.775955 36.432461 43.643349
v 74.765533 36.425961 43.632076
v 74.624603 36.459274 43.560299
v 74.634979 36.459274 43.542519
v 74.667755 36.499302 43.565002
v 74.629166 36.610550 43.562801
v 74.639282 36.610550 43.545471
v 74.626671 36.587887 43.536819
v 74.678802 36.650410 43.552666
v 74.664223 36.631462 43.540379
v 74.694611 36.667225 43.565983
v 74.689651 36.650410 43.540379
v 74.676308 36.631462 43.526680
v 74.768379 36.425961 43.628136
v 74.779663 36.432461 43.637642
v 74.752640 36.421318 43.623234
v 74.756393 36.421318 43.618038
v 74.771591 36.425961 43.624496
v 74.647003 36.459274 43.525875
v 74.677475 36.499302 43.551544
v 74.617561 36.418655 43.501064
v 74.633621 36.419395 43.484997
v 74.660561 36.459717 43.511841
v 74.651009 36.610550 43.529243
v 74.639282 36.587887 43.519363
v 74.664223 36.610550 43.514271
v 74.653496 36.587887 43.503262
v 74.691650 36.501873 43.563484
v 74.698189 36.486217 43.568996
v 74.701401 36.501873 43.552437
v 74.629166 36.563679 43.510841
v 74.620750 36.538170 43.503750
v 74.644241 36.563679 43.493759
v 74.636543 36.538170 43.485855
v 74.705772 36.471561 43.575386
v 74.714317 36.458038 43.582584
v 74.707382 36.486217 43.558582
v 74.714317 36.471561 43.565701
v 74.614120 36.511597 43.498165
v 74.609337 36.484226 43.494137
v 74.630478 36.511597 43.479633
v 74.626106 36.484299 43.475292
v 74.747810 36.703300 43.610806
v 74.729286 36.693798 43.595192
v 74.765266 36.709930 43.625511
v 74.769493 36.710045 43.622345
v 74.752777 36.703300 43.605183
v 74.735825 36.693798 43.587780
v 74.723747 36.445782 43.590530
v 74.733971 36.434910 43.599144
v 74.722137 36.458038 43.573727
v 74.730766 36.445782 43.582584
v 74.606453 36.456310 43.491703
v 74.605484 36.431721 43.490891
v 74.623466 36.456600 43.473038
v 74.711494 36.681728 43.580204
v 74.719551 36.681728 43.571075
v 74.704109 36.667225 43.555222
v 74.744888 36.425529 43.608345
v 74.740112 36.434910 43.592186
v 74.750099 36.425529 43.602440
v 74.606453 36.414322 43.491703
v 74.622581 36.432270 43.472763
v 74.623466 36.415054 43.474361
v 74.642242 36.457478 43.457394
v 74.641449 36.433914 43.458939
v 74.644608 36.484516 43.458534
v 74.664665 36.484642 43.443726
v 74.662590 36.457989 43.443756
v 74.728447 36.681728 43.562801
v 74.714592 36.667225 43.545471
v 74.743042 36.693798 43.581066
v 74.738083 36.681728 43.555462
v 74.725952 36.667225 43.536819
v 74.755852 36.425529 43.597088
v 74.765297 36.421318 43.608898
v 74.760628 36.421318 43.613243
v 74.746895 36.434910 43.585880
v 74.754242 36.434910 43.580284
v 74.762085 36.425529 43.592342
v 74.642242 36.417259 43.462688
v 74.651352 36.421604 43.474918
v 74.661896 36.434921 43.447159
v 74.662590 36.418736 43.453060
v 74.701622 36.650410 43.529243
v 74.689651 36.631462 43.514271
v 74.714592 36.650410 43.519363
v 74.704109 36.631462 43.503262
v 74.775131 36.425961 43.621204
v 74.784393 36.432461 43.632790
v 74.778969 36.425961 43.618279
v 74.675522 36.461044 43.501896
v 74.700531 36.499744 43.529202
v 74.688431 36.499413 43.539459
v 74.670570 36.423183 43.466763
v 74.691734 36.462009 43.493557
v 74.678802 36.610550 43.500706
v 74.669182 36.587887 43.488667
v 74.694611 36.610550 43.488667
v 74.686188 36.587887 43.475719
v 74.712158 36.501873 43.542427
v 74.717529 36.486217 43.549145
v 74.713638 36.499985 43.520222
v 74.723824 36.501873 43.533546
v 74.660881 36.563679 43.478283
v 74.653976 36.538170 43.469643
v 74.678917 36.563679 43.464550
v 74.672867 36.538170 43.455254
v 74.723747 36.471561 43.556927
v 74.730766 36.458038 43.565701
v 74.728523 36.486217 43.540768
v 74.733971 36.471561 43.549145
v 74.648537 36.511597 43.462837
v 74.668098 36.511597 43.447937
v 74.758255 36.703300 43.600090
v 74.772575 36.709930 43.618004
v 74.777321 36.710045 43.615749
v 74.764191 36.703300 43.595570
v 74.750870 36.693798 43.575104
v 74.738503 36.445782 43.575386
v 74.740112 36.458038 43.558582
v 74.746895 36.445782 43.568996
v 74.744888 36.471561 43.542427
v 74.750099 36.458038 43.552437
v 74.740265 36.486217 43.533546
v 74.752640 36.486217 43.527534
v 74.756393 36.471561 43.536839
v 74.689003 36.511597 43.435078
v 74.686081 36.484440 43.430729
v 74.693039 36.538170 43.442841
v 74.711021 36.511597 43.424381
v 74.770531 36.703300 43.591667
v 74.759224 36.693798 43.569965
v 74.781174 36.709930 43.612110
v 74.786255 36.710045 43.610847
v 74.777206 36.703300 43.588425
v 74.768036 36.693798 43.565685
v 74.755852 36.445782 43.563484
v 74.762085 36.434910 43.575459
v 74.760628 36.458038 43.547325
v 74.765297 36.445782 43.558899
v 74.684319 36.457176 43.431107
v 74.683731 36.433540 43.435165
v 74.708656 36.484108 43.419800
v 74.707222 36.455845 43.420120
v 74.748375 36.681728 43.549126
v 74.738083 36.667225 43.529354
v 74.759224 36.681728 43.543858
v 74.750870 36.667225 43.523144
v 74.768745 36.425529 43.588245
v 74.775764 36.421318 43.601719
v 74.770355 36.421318 43.605045
v 74.770355 36.434910 43.571442
v 74.775757 36.425529 43.584839
v 74.684319 36.417282 43.441849
v 74.691093 36.422020 43.456470
v 74.706749 36.431217 43.424229
v 74.707222 36.414646 43.431000
v 74.712723 36.419727 43.446205
v 74.728447 36.650410 43.510841
v 74.719551 36.631462 43.493759
v 74.743042 36.650410 43.503750
v 74.735825 36.631462 43.485855
v 74.783066 36.425961 43.615757
v 74.789955 36.432461 43.628979
v 74.787392 36.425961 43.613659
v 74.709053 36.461369 43.484341
v 74.727631 36.499825 43.511971
v 74.727303 36.460064 43.475613
v 74.711494 36.610550 43.478283
v 74.704346 36.587887 43.464550
v 74.729286 36.610550 43.469643
v 74.723480 36.587887 43.455254
v 74.736275 36.501873 43.525883
v 74.742386 36.499500 43.504837
v 74.749405 36.501873 43.519508
v 74.698174 36.563679 43.452702
v 74.718468 36.563679 43.442841
v 74.714302 36.538170 43.432514
v 74.763077 36.501873 43.514484
v 74.765533 36.486217 43.522800
v 74.757751 36.499241 43.499222
v 74.773582 36.499058 43.495171
v 74.777161 36.501873 43.510860
v 74.739609 36.563679 43.435078
v 74.736450 36.538170 43.424381
v 74.743408 36.587883 43.447933
v 74.761391 36.563679 43.429474
v 74.759270 36.538170 43.418510
v 74.768379 36.471561 43.532436
v 74.771591 36.458038 43.543301
v 74.778809 36.486217 43.519382
v 74.780724 36.471561 43.529263
v 74.733963 36.511597 43.415958
v 74.732162 36.483845 43.411194
v 74.757591 36.511597 43.409878
v 74.784164 36.703300 43.585869
v 74.777206 36.693798 43.562317
v 74.790718 36.709930 43.608047
v 74.795944 36.710045 43.607830
v 74.791336 36.703300 43.584023
v 74.786659 36.693798 43.559887
v 74.775131 36.445782 43.555286
v 74.778969 36.434910 43.568279
v 74.782883 36.458038 43.540394
v 74.785263 36.445782 43.552681
v 74.731079 36.454796 43.411472
v 74.730721 36.429390 43.415615
v 74.756386 36.483658 43.404980
v 74.755661 36.454041 43.405228
v 74.770531 36.681728 43.539707
v 74.764191 36.667225 43.518253
v 74.782166 36.681728 43.536713
v 74.777908 36.667225 43.514725
v 74.783066 36.425529 43.582153
v 74.787392 36.421318 43.596775
v 74.781456 36.421318 43.598953
v 74.787842 36.434910 43.565994
v 74.790596 36.425529 43.580215
v 74.731079 36.412571 43.422455
v 74.735252 36.417923 43.438122
v 74.755417 36.428070 43.409401
v 74.755661 36.411072 43.416290
v 74.758461 36.416622 43.432285
v 74.758255 36.650410 43.498165
v 74.752777 36.631462 43.479630
v 74.773918 36.650410 43.494137
v 74.770241 36.631462 43.475140
v 74.791893 36.425961 43.612007
v 74.796127 36.432461 43.626350
v 74.796524 36.425961 43.610813
v 74.746307 36.459038 43.468739
v 74.765892 36.458294 43.463776
v 74.747810 36.610550 43.462837
v 74.766907 36.610550 43.457924
v 74.763947 36.587883 43.442650
v 74.789894 36.650410 43.491703
v 74.788048 36.631462 43.472427
v 74.791901 36.667225 43.512596
v 74.806030 36.650410 43.490887
v 74.806030 36.631462 43.471519
v 74.801254 36.425961 43.610096
v 74.802689 36.432461 43.625011
v 74.793503 36.421318 43.595203
v 74.799736 36.421318 43.594254
v 74.806030 36.425961 43.609852
v 74.785866 36.457848 43.460785
v 74.789726 36.498943 43.492725
v 74.782127 36.415836 43.428764
v 74.806030 36.457695 43.459782
v 74.786369 36.610550 43.454964
v 74.784882 36.587883 43.439465
v 74.806030 36.610550 43.453968
v 74.806030 36.587883 43.438396
v 74.791527 36.501873 43.508678
v 74.792351 36.486217 43.517323
v 74.806030 36.498905 43.491905
v 74.806030 36.501873 43.507942
v 74.783600 36.563679 43.426094
v 74.782532 36.538170 43.414970
v 74.806030 36.563679 43.424961
v 74.806030 36.538170 43.413784
v 74.793312 36.471561 43.527348
v 74.794395 36.458038 43.538643
v 74.806030 36.486217 43.516632
v 74.806030 36.471561 43.526703
v 74.781693 36.511597 43.406212
v 74.781090 36.483543 43.401234
v 74.806030 36.511597 43.404980
v 74.798645 36.703300 43.582912
v 74.796295 36.693798 43.558418
v 74.800858 36.709930 43.605976
v 74.806030 36.703300 43.582539
v 74.806030 36.693798 43.557926
v 74.795593 36.445782 43.551109
v 74.796890 36.434910 43.564617
v 74.806030 36.458038 43.538055
v 74.806030 36.445782 43.550579
v 74.780724 36.453583 43.401459
v 74.780602 36.427273 43.405651
v 74.806030 36.483505 43.399979
v 74.806030 36.453430 43.400196
v 74.794044 36.681728 43.534908
v 74.806030 36.681728 43.534302
v 74.806030 36.667225 43.511879
v 74.798279 36.425529 43.579048
v 74.806030 36.434910 43.564156
v 74.806030 36.425529 43.578655
v 74.780724 36.410168 43.412567
v 74.806030 36.427006 43.404392
v 74.806030 36.409863 43.411320
v 74.806030 36.415573 43.427582
v 74.831337 36.453583 43.401459
v 74.831459 36.427273 43.405651
v 74.830971 36.483543 43.401234
v 74.855667 36.483658 43.404980
v 74.856400 36.454041 43.405228
v 74.818016 36.681728 43.534908
v 74.820152 36.667225 43.512596
v 74.815758 36.693798 43.558418
v 74.829887 36.681728 43.536713
v 74.834145 36.667225 43.514725
v 74.813782 36.425529 43.579048
v 74.812325 36.421318 43.594254
v 74.806030 36.421318 43.593937
v 74.815163 36.434910 43.564617
v 74.824211 36.434910 43.565994
v 74.821457 36.425529 43.580215
v 74.831337 36.410168 43.412571
v 74.829926 36.415836 43.428764
v 74.856644 36.428070 43.409401
v 74.856400 36.411072 43.416290
v 74.853592 36.416622 43.432285
v 74.822159 36.650410 43.491703
v 74.824005 36.631462 43.472427
v 74.838135 36.650410 43.494137
v 74.841820 36.631462 43.475140
v 74.810799 36.425961 43.610096
v 74.809372 36.432461 43.625011
v 74.815529 36.425961 43.610813
v 74.812546 36.432384 43.626209
v 74.826195 36.457848 43.460785
v 74.822327 36.498943 43.492725
v 74.846161 36.458294 43.463776
v 74.825684 36.610550 43.454964
v 74.827171 36.587883 43.439465
v 74.845154 36.610550 43.457924
v 74.848114 36.587883 43.442650
v 74.820534 36.501873 43.508678
v 74.819702 36.486217 43.517323
v 74.838470 36.499058 43.495171
v 74.834892 36.501873 43.510860
v 74.828453 36.563679 43.426094
v 74.829521 36.538170 43.414970
v 74.850662 36.563679 43.429474
v 74.852791 36.538170 43.418510
v 74.818741 36.471561 43.527348
v 74.817657 36.458038 43.538643
v 74.833244 36.486217 43.519382
v 74.831329 36.471561 43.529263
v 74.830360 36.511597 43.406212
v 74.854462 36.511597 43.409878
v 74.813408 36.703300 43.582912
v 74.811195 36.709930 43.605976
v 74.820717 36.703300 43.584023
v 74.825394 36.693798 43.559887
v 74.816460 36.445782 43.551109
v 74.829170 36.458038 43.540394
v 74.826790 36.445782 43.552681
v 74.843674 36.471561 43.532436
v 74.840469 36.458038 43.543301
v 74.846527 36.486217 43.522800
v 74.859413 36.486217 43.527534
v 74.855659 36.471561 43.536839
v 74.878090 36.511597 43.415958
v 74.879890 36.483845 43.411194
v 74.875603 36.538170 43.424381
v 74.901031 36.511597 43.424381
v 74.827888 36.703300 43.585869
v 74.834846 36.693798 43.562317
v 74.821335 36.709930 43.608047
v 74.834846 36.703300 43.588425
v 74.844025 36.693798 43.565685
v 74.836922 36.445782 43.555286
v 74.833084 36.434910 43.568279
v 74.851433 36.458038 43.547325
v 74.846764 36.445782 43.558899
v 74.880974 36.454796 43.411472
v 74.881340 36.429390 43.415615
v 74.903404 36.484108 43.419800
v 74.904831 36.455845 43.420120
v 74.841530 36.681728 43.539707
v 74.847870 36.667225 43.518253
v 74.852829 36.681728 43.543858
v 74.861183 36.667225 43.523144
v 74.828987 36.425529 43.582153
v 74.824669 36.421318 43.596775
v 74.818558 36.421318 43.595203
v 74.841698 36.434910 43.571442
v 74.836296 36.425529 43.584839
v 74.880974 36.412571 43.422455
v 74.876801 36.417923 43.438122
v 74.905312 36.431217 43.424229
v 74.904831 36.414646 43.431000
v 74.899330 36.419727 43.446205
v 74.853806 36.650410 43.498165
v 74.859276 36.631462 43.479630
v 74.869011 36.650410 43.503750
v 74.876228 36.631462 43.485855
v 74.820168 36.425961 43.612007
v 74.815926 36.432461 43.626350
v 74.824669 36.425961 43.613659
v 74.818817 36.432384 43.628162
v 74.865746 36.459038 43.468739
v 74.854301 36.499241 43.499222
v 74.884750 36.460064 43.475613
v 74.864243 36.610550 43.462837
v 74.868645 36.587883 43.447933
v 74.882774 36.610550 43.469643
v 74.888580 36.587887 43.455254
v 74.848984 36.501873 43.514484
v 74.869667 36.499500 43.504837
v 74.862656 36.501873 43.519508
v 74.872444 36.563679 43.435078
v 74.893585 36.563679 43.442841
v 74.897751 36.538170 43.432514
v 74.875778 36.501873 43.525883
v 74.871788 36.486217 43.533546
v 74.884422 36.499825 43.511971
v 74.898422 36.499985 43.520222
v 74.888237 36.501873 43.533546
v 74.913879 36.563679 43.452702
v 74.919014 36.538170 43.442841
v 74.907715 36.587887 43.464546
v 74.933144 36.563679 43.464550
v 74.939194 36.538170 43.455254
v 74.867165 36.471561 43.542427
v 74.861954 36.458038 43.552437
v 74.883537 36.486217 43.540768
v 74.878082 36.471561 43.549145
v 74.923058 36.511597 43.435078
v 74.925972 36.484440 43.430729
v 74.943954 36.511597 43.447933
v 74.841530 36.703300 43.591667
v 74.852829 36.693798 43.569965
v 74.830887 36.709930 43.612110
v 74.847870 36.703300 43.595570
v 74.861183 36.693798 43.575104
v 74.856201 36.445782 43.563484
v 74.849968 36.434910 43.575459
v 74.871941 36.458038 43.558582
v 74.865166 36.445782 43.568996
v 74.927734 36.457176 43.431107
v 74.928322 36.433540 43.435165
v 74.947395 36.484642 43.443726
v 74.949463 36.457989 43.443756
v 74.863678 36.681728 43.549126
v 74.873970 36.667225 43.529354
v 74.873970 36.681728 43.555462
v 74.886108 36.667225 43.536819
v 74.843307 36.425529 43.588245
v 74.836296 36.421318 43.601719
v 74.830597 36.421318 43.598953
v 74.857819 36.434910 43.580284
v 74.849968 36.425529 43.592342
v 74.927734 36.417282 43.441849
v 74.920959 36.422020 43.456470
v 74.950165 36.434921 43.447159
v 74.949463 36.418736 43.453060
v 74.941483 36.423183 43.466763
v 74.883614 36.650410 43.510841
v 74.892502 36.631462 43.493759
v 74.897461 36.650410 43.519363
v 74.907944 36.631462 43.503258
v 74.828987 36.425961 43.615757
v 74.822105 36.432461 43.628979
v 74.833084 36.425961 43.618279
v 74.824593 36.432384 43.631332
v 74.903000 36.461369 43.484341
v 74.920319 36.462009 43.493557
v 74.900566 36.610550 43.478283
v 74.917442 36.610550 43.488667
v 74.925873 36.587887 43.475719
v 74.836922 36.425961 43.621204
v 74.827660 36.432461 43.632790
v 74.841698 36.421318 43.605045
v 74.846764 36.421318 43.608898
v 74.840469 36.425961 43.624496
v 74.829659 36.432384 43.635597
v 74.936531 36.461044 43.501896
v 74.911530 36.499744 43.529202
v 74.960701 36.421604 43.474918
v 74.978432 36.419395 43.484997
v 74.951492 36.459717 43.511837
v 74.933250 36.610550 43.500706
v 74.942871 36.587887 43.488667
v 74.922401 36.631462 43.514271
v 74.947830 36.610550 43.514271
v 74.958557 36.587887 43.503262
v 74.899895 36.501873 43.542427
v 74.894531 36.486217 43.549145
v 74.923622 36.499413 43.539459
v 74.910660 36.501873 43.552437
v 74.951172 36.563679 43.478283
v 74.958084 36.538170 43.469643
v 74.967812 36.563679 43.493759
v 74.975510 36.538170 43.485855
v 74.888306 36.471561 43.556927
v 74.881294 36.458038 43.565701
v 74.904671 36.486217 43.558582
v 74.897736 36.471561 43.565701
v 74.963524 36.511597 43.462837
v 74.967445 36.484516 43.458534
v 74.981575 36.511597 43.479633
v 74.853806 36.703300 43.600090
v 74.869011 36.693798 43.581066
v 74.839478 36.709930 43.618004
v 74.859276 36.703300 43.605183
v 74.876228 36.693798 43.587780
v 74.873550 36.445782 43.575386
v 74.865166 36.434910 43.585880
v 74.889923 36.458038 43.573727
v 74.881294 36.445782 43.582584
v 74.969818 36.457478 43.457394
v 74.970612 36.433914 43.458939
v 74.985954 36.484299 43.475292
v 74.988594 36.456600 43.473038
v 74.883614 36.681728 43.562801
v 74.897461 36.667225 43.545471
v 74.892502 36.681728 43.571075
v 74.907944 36.667225 43.555222
v 74.856201 36.425529 43.597088
v 74.871941 36.434910 43.592186
v 74.861954 36.425529 43.602440
v 74.969818 36.417259 43.462688
v 74.989479 36.432270 43.472763
v 74.988594 36.415054 43.474361
v 74.910439 36.650410 43.529243
v 74.922401 36.650410 43.540379
v 74.935745 36.631462 43.526680
v 74.900566 36.681728 43.580204
v 74.917442 36.667225 43.565983
v 74.882774 36.693798 43.595192
v 74.907715 36.681728 43.590099
v 74.925873 36.667225 43.577644
v 74.867165 36.425529 43.608345
v 74.855659 36.421318 43.618038
v 74.851433 36.421318 43.613243
v 74.878082 36.434910 43.599144
v 74.883537 36.434910 43.606686
v 74.871788 36.425529 43.614742
v 75.005600 36.414322 43.491703
v 74.994499 36.418655 43.501060
v 75.006569 36.431721 43.490891
v 75.021744 36.431721 43.511883
v 75.020699 36.414322 43.512596
v 75.008751 36.418655 43.520790
v 74.933250 36.650410 43.552666
v 74.947830 36.631462 43.540379
v 74.942871 36.650410 43.565983
v 74.958557 36.631462 43.555222
v 74.843674 36.425961 43.628136
v 74.832390 36.432461 43.637642
v 74.846527 36.425961 43.632076
v 74.833809 36.432384 43.640797
v 74.965050 36.459274 43.525871
v 74.934578 36.499302 43.551544
v 74.977074 36.459274 43.542519
v 74.944305 36.499302 43.565002
v 74.961052 36.610550 43.529243
v 74.972771 36.587887 43.519363
v 74.972771 36.610550 43.545471
v 74.985390 36.587887 43.536819
v 74.920410 36.501873 43.563484
v 74.913864 36.486217 43.568996
v 74.929062 36.501873 43.575459
v 74.982887 36.563679 43.510841
v 74.991302 36.538170 43.503750
v 74.996269 36.563679 43.529354
v 75.005318 36.538170 43.523144
v 74.906281 36.471561 43.575386
v 74.897736 36.458038 43.582584
v 74.922020 36.486217 43.580284
v 74.913864 36.471561 43.585880
v 74.997932 36.511597 43.498165
v 75.002716 36.484226 43.494137
v 75.012451 36.511597 43.518253
v 75.017593 36.484226 43.514725
v 74.864243 36.703300 43.610806
v 74.846786 36.709930 43.625511
v 74.868645 36.703300 43.616901
v 74.888580 36.693798 43.603226
v 74.888306 36.445782 43.590530
v 74.904671 36.458038 43.592186
v 74.894531 36.445782 43.599144
v 75.005600 36.456310 43.491703
v 75.020699 36.456310 43.512596
v 75.024971 36.511597 43.539711
v 75.030434 36.484226 43.536713
v 75.017410 36.538170 43.543858
v 75.035393 36.511597 43.562317
v 75.041107 36.484226 43.559887
v 74.872444 36.703300 43.623409
v 74.893585 36.693798 43.611805
v 74.852531 36.709930 43.634335
v 74.875603 36.703300 43.630268
v 74.897751 36.693798 43.620850
v 74.899895 36.445782 43.608345
v 74.888237 36.434910 43.614742
v 74.910660 36.458038 43.602440
v 74.915634 36.458038 43.613243
v 74.904366 36.445782 43.618038
v 75.033722 36.456310 43.534908
v 75.034828 36.431721 43.534302
v 75.044556 36.456310 43.558422
v 75.045715 36.431721 43.557930
v 74.913879 36.681728 43.600670
v 74.933144 36.667225 43.590099
v 74.919014 36.681728 43.611805
v 74.939194 36.667225 43.603226
v 74.875778 36.425529 43.621578
v 74.862656 36.421318 43.628780
v 74.859413 36.421318 43.623234
v 74.892151 36.434910 43.623234
v 74.879097 36.425529 43.628780
v 75.033722 36.414322 43.534908
v 75.021049 36.418655 43.541862
v 75.044556 36.414322 43.558422
v 75.031281 36.418655 43.564064
v 74.951172 36.650410 43.580204
v 74.967812 36.631462 43.571075
v 74.958084 36.650410 43.595192
v 74.975510 36.631462 43.587780
v 74.848984 36.425961 43.636284
v 74.836105 36.432461 43.643349
v 74.851028 36.425961 43.640720
v 74.836899 36.432384 43.646725
v 74.987457 36.459274 43.560299
v 74.952690 36.499302 43.579372
v 74.996086 36.459274 43.579033
v 74.959671 36.499302 43.594517
v 74.982887 36.610550 43.562801
v 74.996269 36.587887 43.555462
v 74.991302 36.610550 43.581066
v 75.005318 36.587887 43.575104
v 74.936523 36.501873 43.588245
v 74.929062 36.486217 43.592339
v 74.942734 36.501873 43.601719
v 75.007805 36.563679 43.549129
v 75.017410 36.563679 43.569965
v 75.027466 36.538170 43.565685
v 74.920410 36.471561 43.597088
v 74.934914 36.486217 43.605045
v 74.925850 36.471561 43.608898
v 74.947624 36.501873 43.615757
v 74.939529 36.486221 43.618279
v 74.965164 36.499302 43.610294
v 74.969131 36.499302 43.628513
v 74.951157 36.501873 43.630219
v 75.024971 36.563679 43.591667
v 75.035393 36.538170 43.588425
v 75.012451 36.587887 43.595570
v 75.030434 36.563679 43.614029
v 75.041107 36.538170 43.611847
v 74.930138 36.471561 43.621204
v 74.919556 36.458038 43.624496
v 74.942856 36.486221 43.631912
v 74.933235 36.471561 43.633877
v 75.043594 36.511597 43.585869
v 75.049522 36.484226 43.584026
v 75.049522 36.511597 43.610130
v 74.878090 36.703300 43.637409
v 74.901031 36.693798 43.630268
v 74.856491 36.709930 43.644138
v 74.879890 36.703300 43.644772
v 74.903404 36.693798 43.639969
v 74.907883 36.445782 43.628136
v 74.895226 36.434910 43.632076
v 74.922386 36.458038 43.636093
v 74.910423 36.445782 43.638535
v 75.053093 36.456310 43.582912
v 75.054291 36.431721 43.582539
v 75.055588 36.484673 43.610859
v 75.059250 36.458107 43.616009
v 74.923058 36.681728 43.623409
v 74.943954 36.667225 43.616901
v 74.925972 36.681728 43.635361
v 74.947395 36.667225 43.630985
v 74.881714 36.425529 43.636284
v 74.867470 36.421318 43.640720
v 74.865349 36.421318 43.634628
v 74.897453 36.434910 43.641186
v 74.883598 36.425529 43.644012
v 75.053093 36.414322 43.582912
v 75.039345 36.418655 43.587193
v 75.060478 36.434418 43.621655
v 75.059250 36.416119 43.623871
v 75.045158 36.419106 43.624783
v 74.963524 36.650410 43.610806
v 74.981575 36.631462 43.605183
v 74.967445 36.650410 43.626888
v 74.985954 36.631462 43.623112
v 74.852631 36.425961 43.645340
v 74.838661 36.432461 43.649693
v 74.853798 36.425961 43.650101
v 74.838799 36.432384 43.653160
v 75.002884 36.459274 43.598549
v 75.007797 36.459274 43.626514
v 74.997932 36.610550 43.600090
v 75.002716 36.610550 43.619686
v 75.017593 36.587887 43.616650
v 74.854500 36.425961 43.654953
v 74.839966 36.432461 43.656422
v 74.869003 36.421318 43.646996
v 74.869926 36.421318 43.653393
v 74.854729 36.425961 43.659855
v 74.839439 36.432384 43.659855
v 75.010757 36.459274 43.670609
v 74.971527 36.499302 43.650982
v 75.048668 36.420456 43.690369
v 75.049843 36.421803 43.756187
v 75.011749 36.459274 43.714901
v 75.005600 36.610550 43.639675
v 75.020699 36.587887 43.638145
v 74.988594 36.631462 43.641396
v 75.006569 36.610550 43.659855
v 75.021744 36.587887 43.659855
v 74.953285 36.501873 43.644966
v 74.944862 36.486221 43.645817
v 74.972328 36.499302 43.673615
v 74.953995 36.501873 43.659855
v 75.033722 36.563679 43.636829
v 75.044556 36.538170 43.635735
v 75.034828 36.563679 43.659855
v 75.045715 36.538170 43.659855
v 74.935097 36.471561 43.646805
v 74.924095 36.458038 43.647915
v 74.945534 36.486221 43.659855
v 74.935722 36.471561 43.659855
v 75.053093 36.511597 43.634872
v 75.059250 36.486023 43.642113
v 75.054291 36.511597 43.659855
v 74.880974 36.703300 43.652275
v 74.904831 36.693798 43.649864
v 74.858505 36.709930 43.654549
v 74.881340 36.703300 43.659855
v 74.905312 36.693798 43.659855
v 74.911957 36.445782 43.649143
v 74.898796 36.434910 43.650475
v 74.924667 36.458038 43.659855
v 74.912468 36.445782 43.659855
v 75.062965 36.463501 43.665329
v 75.064209 36.442505 43.688797
v 75.060478 36.487370 43.673615
v 75.064209 36.468895 43.714901
v 74.927734 36.681728 43.647549
v 74.949463 36.667225 43.645351
v 74.928322 36.681728 43.659855
v 74.950165 36.667225 43.659855
v 74.884735 36.425529 43.651894
v 74.899246 36.434910 43.659855
v 74.885117 36.425529 43.659855
v 75.062965 36.421513 43.696785
v 75.065460 36.450596 43.756187
v 75.064209 36.426907 43.769947
v 74.969818 36.650410 43.643291
v 74.970612 36.650410 43.659855
v 74.989479 36.631462 43.659855
v 74.927734 36.681728 43.672161
v 74.949463 36.667225 43.674358
v 74.904831 36.693798 43.669846
v 74.903404 36.693798 43.679737
v 74.925972 36.681728 43.684349
v 74.884735 36.425529 43.667812
v 74.869926 36.421318 43.666317
v 74.898796 36.434910 43.669235
v 74.883598 36.425529 43.675694
v 74.869003 36.421318 43.672714
v 75.062965 36.428703 43.811657
v 75.048668 36.422253 43.794483
v 75.064209 36.453293 43.796055
v 75.060478 36.453293 43.821911
v 75.059250 36.428703 43.837387
v 75.045158 36.422253 43.818779
v 74.969818 36.650410 43.676414
v 74.988594 36.631462 43.678314
v 74.947395 36.667225 43.688721
v 74.967445 36.650410 43.692818
v 74.854500 36.425961 43.664757
v 74.839966 36.432461 43.663284
v 74.853798 36.425961 43.669609
v 74.838799 36.432384 43.666546
v 75.010757 36.459274 43.743465
v 74.971527 36.499302 43.692314
v 75.007797 36.459274 43.763969
v 75.005600 36.610550 43.680035
v 75.020699 36.587887 43.681561
v 74.985954 36.631462 43.696594
v 75.002716 36.610550 43.700020
v 74.953285 36.501873 43.674744
v 74.944862 36.486221 43.673893
v 74.969131 36.499302 43.708889
v 74.951157 36.501873 43.689491
v 74.942856 36.486221 43.687794
v 75.033722 36.563679 43.682877
v 75.044556 36.538170 43.683971
v 75.017593 36.587887 43.703056
v 75.030434 36.563679 43.705677
v 74.935097 36.471561 43.672905
v 74.924095 36.458038 43.671791
v 74.933235 36.471561 43.685829
v 74.922386 36.458038 43.683617
v 75.053093 36.511597 43.684834
v 75.059250 36.487820 43.701187
v 75.041107 36.538170 43.707859
v 75.049522 36.511597 43.709576
v 74.880974 36.703300 43.667431
v 74.858505 36.709930 43.665161
v 74.879890 36.703300 43.674938
v 74.911957 36.445782 43.670567
v 74.910423 36.445782 43.681171
v 74.897453 36.434910 43.678524
v 75.062965 36.470692 43.748745
v 75.059250 36.470692 43.774475
v 75.043594 36.511600 43.733837
v 75.049522 36.487820 43.751411
v 75.055588 36.487820 43.726543
v 75.035393 36.538170 43.731285
v 75.027473 36.538170 43.754021
v 75.035393 36.511600 43.757389
v 74.878090 36.703300 43.682297
v 74.901031 36.693798 43.689442
v 74.856491 36.709930 43.675568
v 74.875603 36.703300 43.689442
v 74.907883 36.445782 43.691574
v 74.895226 36.434910 43.687634
v 74.919556 36.458038 43.695210
v 74.904366 36.445782 43.701672
v 74.892151 36.434910 43.696476
v 75.053093 36.470692 43.799706
v 75.054291 36.453293 43.847263
v 75.041107 36.487820 43.775547
v 75.044556 36.470692 43.824200
v 74.923058 36.681728 43.696301
v 74.943954 36.667225 43.702808
v 74.897751 36.693798 43.698860
v 74.919014 36.681728 43.707901
v 74.881714 36.425529 43.683426
v 74.867470 36.421318 43.678989
v 74.879097 36.425529 43.690926
v 74.865349 36.421318 43.685081
v 75.053093 36.428703 43.862617
v 75.039345 36.422253 43.842609
v 75.045715 36.453293 43.871872
v 75.044556 36.428703 43.887108
v 75.031281 36.422253 43.865738
v 74.963524 36.650410 43.708900
v 74.981575 36.631462 43.714523
v 74.939194 36.667225 43.716480
v 74.958084 36.650410 43.724514
v 74.852631 36.425961 43.674370
v 74.838661 36.432461 43.670017
v 74.851028 36.425961 43.678989
v 74.836899 36.432384 43.672981
v 75.002884 36.459274 43.784073
v 74.965164 36.499302 43.725143
v 74.996086 36.459274 43.803585
v 74.997932 36.610550 43.719620
v 75.012451 36.587887 43.724140
v 74.975510 36.631462 43.731926
v 74.991302 36.610550 43.738644
v 74.947624 36.501873 43.703949
v 74.939529 36.486221 43.701427
v 74.959671 36.499302 43.740917
v 74.942734 36.501873 43.717987
v 74.934914 36.486221 43.714664
v 75.024971 36.563679 43.728039
v 75.005318 36.587887 43.744602
v 75.017410 36.563679 43.749744
v 74.930138 36.471561 43.698505
v 74.925850 36.471561 43.710808
v 74.915634 36.458038 43.706467
v 74.936523 36.501873 43.731464
v 74.929062 36.486221 43.727367
v 74.952690 36.499302 43.756062
v 74.944305 36.499302 43.770435
v 74.929062 36.501877 43.744251
v 74.922020 36.486221 43.739426
v 75.007805 36.563679 43.770580
v 75.017410 36.538170 43.775848
v 74.996269 36.587887 43.764248
v 74.985390 36.587887 43.782890
v 74.996269 36.563679 43.790352
v 74.920410 36.471561 43.722622
v 74.910660 36.458038 43.717270
v 74.913864 36.471561 43.733829
v 74.904671 36.458038 43.727524
v 75.024971 36.511600 43.779999
v 75.030434 36.487820 43.798721
v 75.005318 36.538170 43.796562
v 75.012451 36.511600 43.801453
v 74.872444 36.703300 43.696301
v 74.893585 36.693798 43.707901
v 74.852531 36.709930 43.685371
v 74.868645 36.703300 43.702808
v 74.899895 36.445782 43.711365
v 74.888237 36.434910 43.704964
v 74.894531 36.445782 43.720562
v 74.883537 36.434910 43.713020
v 75.033722 36.470692 43.847710
v 75.034828 36.453293 43.895500
v 75.017593 36.487820 43.820713
v 75.020699 36.470692 43.870022
v 74.913879 36.681728 43.719036
v 74.933144 36.667225 43.729607
v 74.888580 36.693798 43.716480
v 74.907715 36.681728 43.729607
v 74.875778 36.425529 43.698132
v 74.862656 36.421318 43.690926
v 74.871788 36.425529 43.704964
v 74.859413 36.421318 43.696476
v 75.033722 36.428703 43.910622
v 75.021049 36.422253 43.887939
v 75.021744 36.453293 43.917923
v 75.020699 36.428703 43.932934
v 75.008751 36.422253 43.909012
v 74.951172 36.650410 43.739502
v 74.967812 36.631462 43.748634
v 74.925873 36.667225 43.742062
v 74.942871 36.650410 43.753727
v 74.848984 36.425961 43.683426
v 74.836105 36.432461 43.676357
v 74.846527 36.425961 43.687634
v 74.833809 36.432384 43.678913
v 74.987457 36.459274 43.822323
v 74.977074 36.459274 43.840099
v 74.982887 36.610550 43.756905
v 74.958557 36.631462 43.764484
v 74.972771 36.610550 43.774239
v 74.843674 36.425961 43.691574
v 74.832390 36.432461 43.682064
v 74.855659 36.421318 43.701672
v 74.851433 36.421318 43.706467
v 74.840469 36.425961 43.695210
v 74.829659 36.432384 43.684113
v 74.965050 36.459274 43.856747
v 74.934578 36.499302 43.783890
v 74.994499 36.422253 43.928741
v 74.978432 36.422253 43.946941
v 74.951492 36.459274 43.872105
v 74.961052 36.610550 43.790462
v 74.972771 36.587887 43.800343
v 74.947830 36.631462 43.779331
v 74.935745 36.631462 43.793026
v 74.947830 36.610550 43.805435
v 74.920410 36.501877 43.756226
v 74.913864 36.486221 43.750713
v 74.923622 36.499302 43.796307
v 74.910660 36.501877 43.767269
v 74.904671 36.486221 43.761127
v 74.982887 36.563679 43.808865
v 74.991302 36.538170 43.815956
v 74.958557 36.587887 43.816448
v 74.967812 36.563679 43.825947
v 74.906281 36.471561 43.744324
v 74.897736 36.458038 43.737122
v 74.897736 36.471561 43.754005
v 74.889923 36.458038 43.745979
v 74.997932 36.511600 43.821541
v 75.002716 36.487820 43.841301
v 74.975510 36.538170 43.833851
v 74.981575 36.511600 43.840076
v 74.864243 36.703300 43.708900
v 74.882774 36.693798 43.724514
v 74.846786 36.709930 43.694199
v 74.859276 36.703300 43.714523
v 74.888306 36.445782 43.729176
v 74.878082 36.434910 43.720562
v 74.881294 36.445782 43.737122
v 74.871941 36.434910 43.727524
v 75.005600 36.470692 43.890915
v 75.006569 36.453293 43.938911
v 74.985954 36.487820 43.860298
v 74.988594 36.470692 43.910191
v 74.900566 36.681728 43.739502
v 74.917442 36.667225 43.753727
v 74.876228 36.693798 43.731926
v 74.892502 36.681728 43.748631
v 74.867165 36.425529 43.711365
v 74.861954 36.425529 43.717270
v 75.005600 36.428703 43.953827
v 74.989479 36.453293 43.958282
v 74.988594 36.428703 43.973103
v 74.933250 36.650410 43.767044
v 74.907944 36.667225 43.764484
v 74.922401 36.650410 43.779331
v 74.856201 36.425529 43.722622
v 74.846764 36.421318 43.710808
v 74.865166 36.434910 43.733829
v 74.849968 36.425529 43.727367
v 74.841698 36.421318 43.714664
v 74.969818 36.428703 43.990566
v 74.960701 36.422253 43.963436
v 74.970612 36.453293 43.975834
v 74.950165 36.453293 43.991405
v 74.949471 36.428703 44.006065
v 74.941483 36.422253 43.978073
v 74.910439 36.650410 43.790462
v 74.922401 36.631462 43.805435
v 74.897461 36.667225 43.774239
v 74.886108 36.667225 43.782890
v 74.897461 36.650410 43.800343
v 74.836922 36.425961 43.698505
v 74.827660 36.432461 43.686916
v 74.833084 36.425961 43.701427
v 74.824593 36.432384 43.688377
v 74.936531 36.459274 43.886021
v 74.911530 36.499302 43.807556
v 74.920319 36.459274 43.898369
v 74.933250 36.610550 43.819004
v 74.942871 36.587887 43.831039
v 74.907944 36.631462 43.816448
v 74.917442 36.610550 43.831039
v 74.899895 36.501877 43.777283
v 74.894531 36.486221 43.770565
v 74.898422 36.499302 43.817539
v 74.888237 36.501877 43.786163
v 74.883537 36.486221 43.778938
v 74.951172 36.563679 43.841427
v 74.958084 36.538170 43.850067
v 74.925873 36.587887 43.843990
v 74.933144 36.563679 43.855160
v 74.888306 36.471561 43.762779
v 74.881294 36.458038 43.754005
v 74.878082 36.471561 43.770565
v 74.871941 36.458038 43.761127
v 74.963524 36.511600 43.856873
v 74.967445 36.487820 43.877510
v 74.939194 36.538170 43.864452
v 74.943954 36.511600 43.871773
v 74.853806 36.703300 43.719620
v 74.869011 36.693798 43.738644
v 74.839478 36.709930 43.701702
v 74.847870 36.703300 43.724140
v 74.873550 36.445782 43.744324
v 74.865166 36.445782 43.750713
v 74.857819 36.434910 43.739426
v 74.969818 36.470692 43.927654
v 74.947395 36.487820 43.892784
v 74.949463 36.470692 43.943153
v 74.883614 36.681728 43.756905
v 74.861183 36.693798 43.744602
v 74.873970 36.681728 43.764248
v 74.841530 36.703300 43.728039
v 74.852829 36.693798 43.749744
v 74.830887 36.709930 43.707596
v 74.834846 36.703300 43.731281
v 74.856201 36.445782 43.756226
v 74.849968 36.434910 43.744251
v 74.861954 36.458038 43.767269
v 74.846764 36.445782 43.760811
v 74.841698 36.434910 43.748268
v 74.927734 36.470692 43.956524
v 74.928322 36.453293 44.004841
v 74.925972 36.487820 43.905960
v 74.903404 36.487820 43.916924
v 74.904831 36.470692 43.967648
v 74.863678 36.681728 43.770580
v 74.873970 36.667225 43.790352
v 74.844025 36.693798 43.754021
v 74.852829 36.681728 43.775848
v 74.843307 36.425529 43.731464
v 74.836296 36.421318 43.717987
v 74.836296 36.425529 43.734871
v 74.830597 36.420872 43.720753
v 74.927734 36.428703 44.019436
v 74.920959 36.422253 43.990696
v 74.905312 36.453293 44.016018
v 74.904831 36.428703 44.030560
v 74.899330 36.422253 44.001202
v 74.883614 36.650410 43.808865
v 74.892502 36.631462 43.825947
v 74.861183 36.667225 43.796562
v 74.869011 36.650410 43.815956
v 74.828987 36.425961 43.703953
v 74.822105 36.432461 43.690731
v 74.824669 36.424160 43.706051
v 74.818817 36.429539 43.691547
v 74.903000 36.459274 43.909023
v 74.884422 36.499302 43.826153
v 74.884750 36.459274 43.917885
v 74.900566 36.610550 43.841427
v 74.907715 36.587887 43.855160
v 74.876228 36.631462 43.833851
v 74.882774 36.610550 43.850067
v 74.875778 36.501877 43.793827
v 74.871788 36.486221 43.786163
v 74.869667 36.499302 43.833317
v 74.862656 36.501877 43.800201
v 74.859413 36.486221 43.792175
v 74.913879 36.563679 43.867008
v 74.919014 36.538170 43.876865
v 74.888580 36.587887 43.864452
v 74.893585 36.563679 43.876865
v 74.867165 36.471561 43.777283
v 74.855659 36.471561 43.782867
v 74.851433 36.458038 43.772385
v 74.923058 36.511600 43.884628
v 74.897751 36.538170 43.887192
v 74.901031 36.511600 43.895325
v 74.872444 36.563679 43.884628
v 74.875603 36.538170 43.895325
v 74.868645 36.587887 43.871773
v 74.848114 36.587887 43.877056
v 74.850662 36.563679 43.890232
v 74.843674 36.471561 43.787270
v 74.840469 36.458038 43.776409
v 74.846527 36.486221 43.796906
v 74.831329 36.471561 43.790447
v 74.829170 36.458038 43.779312
v 74.878090 36.511600 43.903748
v 74.879890 36.487820 43.925556
v 74.852791 36.538170 43.901196
v 74.854462 36.511600 43.909828
v 74.827888 36.703300 43.733837
v 74.834846 36.693798 43.757389
v 74.821335 36.709930 43.711658
v 74.820717 36.703300 43.735683
v 74.836922 36.445782 43.764423
v 74.833084 36.434910 43.751431
v 74.826790 36.445782 43.767029
v 74.824211 36.434910 43.753712
v 74.880974 36.470692 43.976406
v 74.881340 36.453293 44.024822
v 74.855667 36.487820 43.931789
v 74.856400 36.470692 43.982731
v 74.841530 36.681728 43.779999
v 74.847870 36.667225 43.801453
v 74.825394 36.693798 43.759819
v 74.829887 36.681728 43.782993
v 74.828987 36.425529 43.737556
v 74.824669 36.419521 43.722935
v 74.821457 36.425529 43.739491
v 74.880974 36.428703 44.039318
v 74.876801 36.422253 44.009476
v 74.856644 36.453293 44.031174
v 74.856400 36.428703 44.045643
v 74.853592 36.422253 44.015446
v 74.853806 36.650410 43.821541
v 74.859276 36.631462 43.840076
v 74.834145 36.667225 43.804981
v 74.838135 36.650410 43.825573
v 74.820168 36.418770 43.707703
v 74.815926 36.421074 43.693359
v 74.818558 36.418175 43.724506
v 74.815529 36.413376 43.708897
v 74.812546 36.413059 43.693501
v 74.865746 36.459274 43.924866
v 74.854301 36.499302 43.838959
v 74.846161 36.459274 43.929905
v 74.864243 36.610550 43.856869
v 74.841820 36.631462 43.844570
v 74.845154 36.610550 43.861782
v 74.848984 36.501877 43.805222
v 74.838470 36.499302 43.843033
v 74.834892 36.501877 43.808846
v 74.833244 36.486221 43.800323
v 74.826195 36.459274 43.932945
v 74.822327 36.499302 43.845490
v 74.829926 36.422253 44.019047
v 74.806030 36.422253 44.020256
v 74.806030 36.459274 43.933964
v 74.825684 36.610550 43.864746
v 74.827171 36.587887 43.880241
v 74.824005 36.631462 43.847279
v 74.806030 36.631462 43.848186
v 74.806030 36.610550 43.865738
v 74.820534 36.501877 43.811031
v 74.819702 36.486221 43.802383
v 74.806030 36.499302 43.846313
v 74.806030 36.501877 43.811764
v 74.806030 36.486221 43.803078
v 74.828453 36.563679 43.893612
v 74.829521 36.538170 43.904736
v 74.806030 36.587887 43.881310
v 74.806030 36.563679 43.894745
v 74.818741 36.471561 43.792362
v 74.817657 36.458038 43.781067
v 74.806030 36.471561 43.793003
v 74.806030 36.458038 43.781654
v 74.830360 36.511600 43.913498
v 74.830971 36.487820 43.935547
v 74.806030 36.538170 43.905926
v 74.806030 36.511600 43.914726
v 74.813408 36.703300 43.736794
v 74.815758 36.693798 43.761288
v 74.811195 36.709930 43.713730
v 74.806030 36.710045 43.712898
v 74.806030 36.703300 43.737167
v 74.816460 36.445782 43.768600
v 74.815163 36.434910 43.755089
v 74.806030 36.445782 43.769127
v 74.806030 36.434910 43.755550
v 74.831337 36.470692 43.986546
v 74.831459 36.453293 44.035007
v 74.806030 36.487820 43.936810
v 74.806030 36.470692 43.987823
v 74.818016 36.681728 43.784801
v 74.820152 36.667225 43.807114
v 74.806030 36.693798 43.761780
v 74.806030 36.681728 43.785404
v 74.813782 36.425529 43.740662
v 74.812325 36.417725 43.725452
v 74.806030 36.425529 43.741051
v 74.806030 36.417725 43.725773
v 74.831337 36.428703 44.049454
v 74.806030 36.453293 44.036293
v 74.806030 36.428703 44.050735
v 74.822159 36.650410 43.828003
v 74.806030 36.667225 43.807827
v 74.806030 36.650410 43.828819
v 74.810799 36.411579 43.709614
v 74.809372 36.409687 43.694698
v 74.806030 36.411579 43.709854
v 74.798279 36.425529 43.740662
v 74.799736 36.417725 43.725452
v 74.796890 36.434910 43.755089
v 74.790596 36.425529 43.739491
v 74.780724 36.428703 44.049454
v 74.782127 36.422253 44.019047
v 74.780602 36.453293 44.035007
v 74.755417 36.453293 44.031174
v 74.755661 36.428703 44.045643
v 74.758461 36.422253 44.015446
v 74.789894 36.650410 43.828003
v 74.788048 36.631462 43.847279
v 74.791901 36.667225 43.807114
v 74.777908 36.667225 43.804985
v 74.773918 36.650410 43.825573
v 74.801254 36.411579 43.709614
v 74.802689 36.409687 43.694698
v 74.793503 36.418175 43.724506
v 74.796524 36.413376 43.708897
v 74.799507 36.413059 43.693501
v 74.785866 36.459274 43.932941
v 74.789726 36.499302 43.845490
v 74.765892 36.459274 43.929905
v 74.786369 36.610550 43.864746
v 74.784882 36.587887 43.880241
v 74.770241 36.631462 43.844570
v 74.766907 36.610550 43.861782
v 74.791527 36.501877 43.811031
v 74.792351 36.486221 43.802383
v 74.773582 36.499302 43.843033
v 74.777161 36.501877 43.808846
v 74.778809 36.486221 43.800323
v 74.783600 36.563679 43.893612
v 74.782532 36.538170 43.904736
v 74.763947 36.587887 43.877056
v 74.761391 36.563679 43.890232
v 74.793312 36.471561 43.792362
v 74.794395 36.458038 43.781067
v 74.780724 36.471561 43.790447
v 74.782883 36.458038 43.779312
v 74.781693 36.511600 43.913498
v 74.781090 36.487820 43.935547
v 74.759270 36.538170 43.901196
v 74.757591 36.511600 43.909828
v 74.798645 36.703300 43.736794
v 74.796295 36.693798 43.761288
v 74.800858 36.709930 43.713730
v 74.795944 36.710045 43.711880
v 74.791336 36.703300 43.735683
v 74.795593 36.445782 43.768600
v 74.785263 36.445782 43.767029
v 74.787842 36.434910 43.753712
v 74.780724 36.470692 43.986546
v 74.756386 36.487820 43.931789
v 74.755661 36.470692 43.982731
v 74.794044 36.681728 43.784801
v 74.786659 36.693798 43.759819
v 74.782166 36.681728 43.782993
v 74.784164 36.703300 43.733837
v 74.777206 36.693798 43.757389
v 74.790718 36.709930 43.711658
v 74.786255 36.710045 43.708858
v 74.777206 36.703300 43.731281
v 74.775131 36.445782 43.764423
v 74.778969 36.434910 43.751431
v 74.771591 36.458038 43.776409
v 74.765297 36.445782 43.760811
v 74.770355 36.434910 43.748268
v 74.731079 36.470692 43.976406
v 74.730721 36.453293 44.024822
v 74.732162 36.487820 43.925556
v 74.708656 36.487820 43.916924
v 74.707222 36.470692 43.967648
v 74.770531 36.681728 43.779999
v 74.764191 36.667225 43.801453
v 74.768036 36.693798 43.754021
v 74.759224 36.681728 43.775848
v 74.783066 36.425529 43.737556
v 74.787392 36.419521 43.722935
v 74.775764 36.425529 43.734871
v 74.731079 36.428703 44.039318
v 74.735252 36.422253 44.009476
v 74.706749 36.453293 44.016018
v 74.707222 36.428703 44.030560
v 74.712723 36.422253 44.001202
v 74.758255 36.650410 43.821541
v 74.752777 36.631462 43.840076
v 74.750870 36.667225 43.796562
v 74.743042 36.650410 43.815956
v 74.791893 36.418770 43.707703
v 74.796127 36.421074 43.693359
v 74.787392 36.424160 43.706051
v 74.793243 36.429539 43.691547
v 74.746315 36.459274 43.924866
v 74.757751 36.499302 43.838959
v 74.727303 36.459274 43.917885
v 74.747810 36.610550 43.856869
v 74.743408 36.587887 43.871773
v 74.735825 36.631462 43.833851
v 74.729286 36.610550 43.850067
v 74.763077 36.501877 43.805222
v 74.765533 36.486221 43.796906
v 74.742386 36.499302 43.833317
v 74.749405 36.501877 43.800201
v 74.752640 36.486221 43.792175
v 74.739609 36.563679 43.884628
v 74.736450 36.538170 43.895325
v 74.723480 36.587887 43.864452
v 74.718468 36.563679 43.876865
v 74.768379 36.471561 43.787270
v 74.756393 36.471561 43.782867
v 74.760628 36.458038 43.772385
v 74.733963 36.511600 43.903748
v 74.714302 36.538170 43.887192
v 74.711021 36.511600 43.895325
v 74.698174 36.563679 43.867008
v 74.693039 36.538170 43.876865
v 74.704346 36.587887 43.855160
v 74.686188 36.587887 43.843990
v 74.678917 36.563679 43.855160
v 74.744888 36.471561 43.777283
v 74.750099 36.458038 43.767273
v 74.740265 36.486221 43.786163
v 74.733971 36.471561 43.770565
v 74.740112 36.458038 43.761127
v 74.689003 36.511600 43.884628
v 74.686081 36.487820 43.905960
v 74.672867 36.538170 43.864452
v 74.668098 36.511600 43.871773
v 74.770531 36.703300 43.728039
v 74.759224 36.693798 43.749744
v 74.781174 36.709930 43.707596
v 74.777321 36.710045 43.703957
v 74.764191 36.703300 43.724140
v 74.755852 36.445782 43.756226
v 74.762085 36.434910 43.744251
v 74.746895 36.445782 43.750713
v 74.754242 36.434910 43.739426
v 74.684326 36.470692 43.956524
v 74.683731 36.453293 44.004841
v 74.664665 36.487820 43.892784
v 74.662590 36.470692 43.943153
v 74.748383 36.681728 43.770580
v 74.738083 36.667225 43.790352
v 74.750870 36.693798 43.744602
v 74.738083 36.681728 43.764248
v 74.768745 36.425529 43.731464
v 74.775764 36.421318 43.717987
v 74.762085 36.425529 43.727367
v 74.770355 36.421318 43.714664
v 74.684326 36.428703 44.019436
v 74.691093 36.422253 43.990696
v 74.661896 36.453293 43.991405
v 74.662590 36.428703 44.006065
v 74.670570 36.422253 43.978073
v 74.728447 36.650410 43.808865
v 74.719551 36.631462 43.825947
v 74.725952 36.667225 43.782890
v 74.714592 36.650410 43.800343
v 74.783066 36.425961 43.703953
v 74.789955 36.432461 43.690731
v 74.781456 36.420872 43.720753
v 74.778969 36.425961 43.701427
v 74.709053 36.459274 43.909023
v 74.727638 36.499302 43.826153
v 74.691734 36.459274 43.898369
v 74.711494 36.610550 43.841427
v 74.704109 36.631462 43.816448
v 74.694611 36.610550 43.831039
v 74.736275 36.501877 43.793827
v 74.713638 36.499302 43.817539
v 74.723824 36.501877 43.786163
v 74.728523 36.486221 43.778938
v 74.675522 36.459274 43.886021
v 74.700531 36.499302 43.807556
v 74.651352 36.422253 43.963436
v 74.633621 36.422253 43.946941
v 74.660561 36.459274 43.872105
v 74.678802 36.610550 43.819004
v 74.669182 36.587887 43.831039
v 74.689651 36.631462 43.805435
v 74.676308 36.631462 43.793026
v 74.664223 36.610550 43.805435
v 74.712158 36.501877 43.777283
v 74.717529 36.486221 43.770565
v 74.688431 36.499302 43.796307
v 74.701401 36.501877 43.767269
v 74.707382 36.486221 43.761127
v 74.660881 36.563679 43.841427
v 74.653976 36.538170 43.850067
v 74.653496 36.587887 43.816448
v 74.644241 36.563679 43.825947
v 74.723747 36.471561 43.762779
v 74.730766 36.458038 43.754005
v 74.714317 36.471561 43.754005
v 74.722137 36.458038 43.745979
v 74.648537 36.511600 43.856873
v 74.644608 36.487820 43.877510
v 74.636543 36.538170 43.833851
v 74.630478 36.511600 43.840076
v 74.758255 36.703300 43.719620
v 74.743042 36.693798 43.738644
v 74.772575 36.709930 43.701702
v 74.769493 36.710045 43.697361
v 74.752777 36.703300 43.714523
v 74.738503 36.445782 43.744324
v 74.746895 36.434910 43.733829
v 74.730766 36.445782 43.737122
v 74.740112 36.434910 43.727524
v 74.642242 36.470692 43.927654
v 74.641449 36.453293 43.975834
v 74.626106 36.487820 43.860298
v 74.623466 36.470692 43.910191
v 74.728447 36.681728 43.756905
v 74.714592 36.667225 43.774239
v 74.735825 36.693798 43.731926
v 74.719551 36.681728 43.748631
v 74.755852 36.425529 43.722622
v 74.765297 36.421318 43.710808
v 74.750099 36.425529 43.717270
v 74.760628 36.421318 43.706467
v 74.642242 36.428703 43.990566
v 74.622581 36.453293 43.958282
v 74.623466 36.428703 43.973103
v 74.701622 36.650410 43.790462
v 74.704109 36.667225 43.764484
v 74.689651 36.650410 43.779331
v 74.775131 36.425961 43.698505
v 74.784393 36.432461 43.686916
v 74.771591 36.425961 43.695210
v 74.744888 36.425529 43.711365
v 74.756393 36.421318 43.701672
v 74.733971 36.434910 43.720562
v 74.740265 36.425529 43.704964
v 74.752640 36.421318 43.696476
v 74.606453 36.428703 43.953827
v 74.617561 36.422253 43.928741
v 74.605484 36.453293 43.938911
v 74.590317 36.453293 43.917923
v 74.591354 36.428703 43.932934
v 74.603302 36.422253 43.909012
v 74.678802 36.650410 43.767044
v 74.664223 36.631462 43.779331
v 74.694611 36.667225 43.753727
v 74.686188 36.667225 43.742062
v 74.669182 36.650410 43.753727
v 74.768379 36.425961 43.691574
v 74.779663 36.432461 43.682064
v 74.765533 36.425961 43.687634
v 74.647003 36.459274 43.856747
v 74.677475 36.499302 43.783890
v 74.634979 36.459274 43.840099
v 74.651009 36.610550 43.790462
v 74.639282 36.587887 43.800343
v 74.653496 36.631462 43.764488
v 74.639282 36.610550 43.774239
v 74.691650 36.501877 43.756226
v 74.698189 36.486221 43.750713
v 74.667755 36.499302 43.770435
v 74.682999 36.501877 43.744251
v 74.690033 36.486221 43.739426
v 74.629166 36.563679 43.808865
v 74.620750 36.538170 43.815956
v 74.626671 36.587887 43.782890
v 74.615791 36.563679 43.790352
v 74.705772 36.471561 43.744324
v 74.714317 36.458038 43.737122
v 74.698189 36.471561 43.733829
v 74.707382 36.458038 43.727524
v 74.614120 36.511600 43.821541
v 74.609337 36.487820 43.841301
v 74.606735 36.538170 43.796562
v 74.599609 36.511600 43.801453
v 74.747810 36.703300 43.708900
v 74.729286 36.693798 43.724514
v 74.765266 36.709930 43.694199
v 74.763069 36.710045 43.689323
v 74.743408 36.703300 43.702808
v 74.723747 36.445782 43.729176
v 74.717529 36.445782 43.720562
v 74.728523 36.434910 43.713020
v 74.606453 36.470692 43.890915
v 74.594460 36.487820 43.820713
v 74.591354 36.470692 43.870026
v 74.711494 36.681728 43.739502
v 74.723480 36.693798 43.716480
v 74.704346 36.681728 43.729607
v 74.712158 36.445782 43.711365
v 74.723824 36.434910 43.704964
v 74.701401 36.458038 43.717270
v 74.707687 36.445782 43.701672
v 74.719910 36.434910 43.696476
v 74.578331 36.470692 43.847710
v 74.577232 36.453293 43.895500
v 74.581627 36.487820 43.798721
v 74.570946 36.487820 43.775551
v 74.567497 36.470692 43.824200
v 74.698174 36.681728 43.719036
v 74.678917 36.667225 43.729607
v 74.718468 36.693798 43.707901
v 74.714302 36.693798 43.698860
v 74.693039 36.681728 43.707901
v 74.736275 36.425529 43.698132
v 74.749405 36.421318 43.690926
v 74.732956 36.425529 43.690926
v 74.746704 36.421318 43.685081
v 74.578331 36.428703 43.910622
v 74.591003 36.422253 43.887939
v 74.566338 36.453293 43.871876
v 74.567497 36.428703 43.887112
v 74.580772 36.422253 43.865738
v 74.660881 36.650410 43.739502
v 74.644241 36.631462 43.748634
v 74.672867 36.667225 43.716480
v 74.653976 36.650410 43.724514
v 74.763077 36.425961 43.683426
v 74.775955 36.432461 43.676357
v 74.761032 36.425961 43.678989
v 74.624603 36.459274 43.822323
v 74.659363 36.499302 43.756062
v 74.615967 36.459274 43.803589
v 74.629166 36.610550 43.756905
v 74.615791 36.587887 43.764248
v 74.636543 36.631462 43.731926
v 74.620750 36.610550 43.738644
v 74.675529 36.501873 43.731464
v 74.682999 36.486221 43.727367
v 74.652382 36.499302 43.740917
v 74.669319 36.501873 43.717987
v 74.677139 36.486221 43.714664
v 74.604248 36.563679 43.770580
v 74.594643 36.538170 43.775848
v 74.606735 36.587887 43.744602
v 74.594643 36.563679 43.749744
v 74.691650 36.471561 43.722622
v 74.686203 36.471561 43.710808
v 74.696419 36.458038 43.706467
v 74.587082 36.511600 43.779999
v 74.584587 36.538170 43.754021
v 74.576668 36.511600 43.757389
v 74.739609 36.703300 43.696301
v 74.759521 36.709930 43.685371
v 74.758293 36.710045 43.680153
v 74.736450 36.703300 43.689442
v 74.681915 36.471561 43.698505
v 74.692497 36.458038 43.695210
v 74.672531 36.486221 43.701427
v 74.678825 36.471561 43.685829
v 74.689667 36.458038 43.683617
v 74.568459 36.511600 43.733837
v 74.562538 36.487820 43.751411
v 74.576668 36.538170 43.731285
v 74.570946 36.538170 43.707859
v 74.562538 36.511597 43.709576
v 74.733963 36.703300 43.682297
v 74.711021 36.693798 43.689442
v 74.755569 36.709930 43.675568
v 74.755356 36.710045 43.670200
v 74.732162 36.703300 43.674938
v 74.704170 36.445782 43.691574
v 74.716827 36.434910 43.687634
v 74.701637 36.445782 43.681171
v 74.714607 36.434910 43.678524
v 74.558968 36.470692 43.799706
v 74.557770 36.453293 43.847263
v 74.556465 36.487820 43.726543
v 74.552803 36.470692 43.774475
v 74.689003 36.681728 43.696301
v 74.668098 36.667225 43.702808
v 74.708656 36.693798 43.679737
v 74.686081 36.681728 43.684349
v 74.730339 36.425529 43.683426
v 74.744583 36.421318 43.678989
v 74.728455 36.425529 43.675694
v 74.743057 36.421318 43.672714
v 74.558968 36.428703 43.862617
v 74.572716 36.422253 43.842609
v 74.551575 36.453293 43.821911
v 74.552803 36.428703 43.837387
v 74.566895 36.422253 43.818783
v 74.648537 36.650410 43.708900
v 74.630478 36.631462 43.714523
v 74.664665 36.667225 43.688721
v 74.644608 36.650410 43.692818
v 74.759422 36.425961 43.674370
v 74.773392 36.432461 43.670017
v 74.758263 36.425961 43.669609
v 74.609169 36.459274 43.784073
v 74.646889 36.499302 43.725143
v 74.604263 36.459274 43.763969
v 74.614120 36.610550 43.719620
v 74.599609 36.587887 43.724140
v 74.626106 36.631462 43.696594
v 74.609337 36.610550 43.700020
v 74.664429 36.501873 43.703949
v 74.642921 36.499302 43.708889
v 74.660904 36.501873 43.689491
v 74.669205 36.486221 43.687794
v 74.587082 36.563679 43.728039
v 74.594460 36.587887 43.703056
v 74.581627 36.563679 43.705681
v 74.784203 36.433826 43.657646
v 74.787224 36.433529 43.656013
v 74.806030 36.431480 43.659855
v 74.786858 36.433529 43.659855
v 74.772614 36.432384 43.659855
v 74.773254 36.432384 43.653160
v 74.772285 36.713375 43.656441
v 74.776382 36.713837 43.659855
v 74.806030 36.716785 43.659855
v 74.776947 36.713837 43.653915
v 74.785042 36.433826 43.653320
v 74.788315 36.433529 43.652321
v 74.775154 36.432384 43.646725
v 74.773582 36.713375 43.649750
v 74.778641 36.713837 43.648205
v 74.786690 36.433826 43.649242
v 74.790085 36.433529 43.648918
v 74.776123 36.713375 43.643444
v 74.781380 36.713837 43.642944
v 74.789078 36.433826 43.645573
v 74.792473 36.433529 43.645935
v 74.778244 36.432384 43.640797
v 74.779816 36.713375 43.637772
v 74.785065 36.713837 43.638332
v 74.792114 36.433826 43.642452
v 74.795372 36.433529 43.643486
v 74.782402 36.432384 43.635597
v 74.784515 36.713375 43.632946
v 74.789558 36.713837 43.634548
v 74.795692 36.433826 43.639999
v 74.798691 36.433529 43.641670
v 74.787460 36.432384 43.631332
v 74.790047 36.713375 43.629154
v 74.794685 36.713837 43.631733
v 74.799660 36.433826 43.638313
v 74.802284 36.433529 43.640549
v 74.793243 36.432384 43.628162
v 74.796188 36.713375 43.626545
v 74.800247 36.713837 43.630001
v 74.803879 36.433826 43.637451
v 74.806030 36.433529 43.640171
v 74.799507 36.432384 43.626209
v 74.802704 36.713375 43.625214
v 74.806030 36.713837 43.629417
v 74.806030 36.710045 43.606808
v 74.808174 36.433826 43.637451
v 74.809769 36.433529 43.640549
v 74.806030 36.432384 43.625549
v 74.809349 36.713375 43.625214
v 74.811813 36.713837 43.630001
v 74.816109 36.710045 43.607830
v 74.812393 36.433826 43.638313
v 74.813362 36.433529 43.641670
v 74.815872 36.713375 43.626545
v 74.817375 36.713837 43.631733
v 74.825798 36.710045 43.610847
v 74.816360 36.433826 43.639999
v 74.816681 36.433529 43.643486
v 74.822014 36.713375 43.629154
v 74.822502 36.713837 43.634548
v 74.834732 36.710045 43.615749
v 74.819939 36.433826 43.642452
v 74.819588 36.433529 43.645935
v 74.827538 36.713375 43.632946
v 74.826988 36.713837 43.638332
v 74.842560 36.710045 43.622345
v 74.822975 36.433826 43.645573
v 74.821968 36.433529 43.648918
v 74.832237 36.713375 43.637772
v 74.830681 36.713837 43.642944
v 74.848991 36.710045 43.630383
v 74.825363 36.433826 43.649242
v 74.823738 36.433529 43.652321
v 74.835930 36.713375 43.643444
v 74.833420 36.713837 43.648205
v 74.853760 36.710045 43.639553
v 74.838470 36.713375 43.649750
v 74.835106 36.713837 43.653915
v 74.856705 36.710045 43.649506
v 74.827011 36.433826 43.653320
v 74.824829 36.433529 43.656013
v 74.827850 36.433826 43.657646
v 74.825203 36.433529 43.659855
v 74.839767 36.713375 43.656441
v 74.835670 36.713837 43.659855
v 74.857697 36.710045 43.659855
v 74.827850 36.433826 43.662060
v 74.824829 36.433529 43.663692
v 74.839767 36.713375 43.663265
v 74.835106 36.713837 43.665791
v 74.856705 36.710045 43.670200
v 74.827011 36.433826 43.666389
v 74.823738 36.433529 43.667385
v 74.838470 36.713375 43.669956
v 74.833420 36.713837 43.671501
v 74.853760 36.710045 43.680153
v 74.835930 36.713375 43.676262
v 74.830681 36.713837 43.676762
v 74.848991 36.710045 43.689323
v 74.825363 36.433826 43.670467
v 74.821968 36.433529 43.670792
v 74.822975 36.433826 43.674133
v 74.819588 36.433529 43.673771
v 74.832237 36.713375 43.681934
v 74.826988 36.713837 43.681374
v 74.842560 36.710045 43.697361
v 74.819939 36.433826 43.677254
v 74.816681 36.433529 43.676220
v 74.827538 36.713375 43.686760
v 74.822502 36.713837 43.685162
v 74.834732 36.710045 43.703957
v 74.816360 36.433826 43.679707
v 74.813362 36.431133 43.678040
v 74.822014 36.713375 43.690552
v 74.817375 36.713837 43.687973
v 74.815872 36.713375 43.693161
v 74.825798 36.710045 43.708858
v 74.811813 36.713837 43.689705
v 74.812393 36.424240 43.681396
v 74.809769 36.419147 43.679161
v 74.808174 36.414650 43.682259
v 74.806030 36.416748 43.679539
v 74.809349 36.713375 43.694492
v 74.816109 36.710045 43.711880
v 74.806030 36.713837 43.690289
v 74.803879 36.414650 43.682259
v 74.802284 36.419147 43.679161
v 74.806030 36.410213 43.694160
v 74.802704 36.713375 43.694492
v 74.800247 36.713837 43.689705
v 74.799660 36.424240 43.681396
v 74.798691 36.431133 43.678040
v 74.796188 36.713375 43.693161
v 74.794685 36.713837 43.687973
v 74.790047 36.713375 43.690552
v 74.789558 36.713837 43.685162
v 74.795692 36.433826 43.679707
v 74.795372 36.433529 43.676220
v 74.787460 36.432384 43.688377
v 74.792114 36.433826 43.677254
v 74.792473 36.433529 43.673771
v 74.782402 36.432384 43.684113
v 74.784515 36.713375 43.686760
v 74.785065 36.713837 43.681374
v 74.789078 36.433826 43.674133
v 74.790085 36.433529 43.670792
v 74.778244 36.432384 43.678913
v 74.779816 36.713375 43.681934
v 74.781380 36.713837 43.676762
v 74.786690 36.433826 43.670467
v 74.788315 36.433529 43.667385
v 74.775154 36.432384 43.672981
v 74.776123 36.713375 43.676262
v 74.778641 36.713837 43.671501
v 74.773582 36.713375 43.669956
v 74.776955 36.713837 43.665791
v 74.785042 36.433826 43.666389
v 74.787224 36.433529 43.663692
v 74.773254 36.432384 43.666546
v 74.606453 36.610550 43.680035
v 74.591354 36.587887 43.681561
v 74.623466 36.631462 43.678314
v 74.784203 36.433826 43.662060
v 74.772087 36.432461 43.663284
v 74.658775 36.501873 43.674744
v 74.667191 36.486221 43.673893
v 74.640526 36.499302 43.692318
v 74.578331 36.563679 43.682877
v 74.567497 36.538170 43.683971
v 74.772285 36.713375 43.663265
v 74.753548 36.709930 43.665161
v 74.676956 36.471561 43.672905
v 74.687958 36.458038 43.671791
v 74.558968 36.511597 43.684837
v 74.552803 36.487820 43.701187
v 74.731079 36.703300 43.667431
v 74.707222 36.693798 43.669846
v 74.700104 36.445782 43.670567
v 74.713264 36.434910 43.669235
v 74.549088 36.470692 43.748745
v 74.547844 36.453293 43.796055
v 74.684326 36.681728 43.672161
v 74.662590 36.667225 43.674358
v 74.727318 36.425529 43.667812
v 74.742126 36.421318 43.666317
v 74.549088 36.428703 43.811657
v 74.563393 36.422253 43.794483
v 74.562210 36.421803 43.756187
v 74.642242 36.650410 43.676414
v 74.757561 36.425961 43.664757
v 74.601303 36.459274 43.743465
v 74.918159 35.550205 43.398991
v 74.805107 35.550205 43.387909
v 74.913048 35.627468 43.401119
v 75.005081 35.627468 43.434231
v 75.014030 35.550205 43.432365
v 74.924225 35.469185 43.399971
v 74.805107 35.469185 43.389103
v 75.075531 35.550205 43.657196
v 75.097687 35.550205 43.563953
v 75.065308 35.627323 43.651066
v 75.005081 35.627308 43.728912
v 75.014030 35.550205 43.739643
v 75.024429 35.469532 43.739838
v 75.086807 35.470570 43.657574
v 75.093369 35.386177 43.493641
v 75.031761 35.382030 43.440933
v 75.086807 35.470566 43.488693
v 75.108543 35.471260 43.564411
v 75.113823 35.388947 43.565357
v 75.118195 35.308842 43.567116
v 75.092560 35.303074 43.500591
v 74.911346 35.704731 43.400692
v 74.805107 35.704731 43.389614
v 74.805107 35.770771 43.387512
v 74.913261 35.770771 43.398594
v 75.002098 35.704731 43.433857
v 74.805107 35.627468 43.390041
v 75.075531 35.550205 43.488182
v 75.065308 35.627468 43.489246
v 75.087463 35.627430 43.562687
v 75.024429 35.469528 43.433018
v 75.061897 35.704731 43.489033
v 75.005455 35.770771 43.431915
v 75.065735 35.770771 43.487572
v 75.087891 35.770496 43.555050
v 75.084053 35.704586 43.559315
v 75.061897 35.704151 43.637794
v 75.065735 35.769676 43.623837
v 75.005455 35.769505 43.681839
v 75.002098 35.704090 43.705666
v 74.918159 35.550205 43.783031
v 74.913048 35.627552 43.770752
v 74.805107 35.550205 43.794964
v 74.805107 35.469185 43.794563
v 74.924225 35.469185 43.782860
v 74.911346 35.705063 43.744137
v 74.913261 35.771187 43.716972
v 74.805107 35.772491 43.728821
v 74.805107 35.705807 43.756020
v 74.928780 35.380646 43.409729
v 74.805107 35.380646 43.399502
v 75.024582 35.294891 43.451900
v 74.923203 35.293396 43.423553
v 75.077240 35.812885 43.615650
v 75.015526 35.812511 43.669357
v 75.099396 35.814003 43.551102
v 75.090973 35.840042 43.606220
v 75.029785 35.839088 43.662300
v 74.919014 35.814377 43.395702
v 75.015526 35.814377 43.429077
v 74.805107 35.814377 43.384621
v 74.805107 35.842873 43.381035
v 74.924934 35.842827 43.391899
v 74.938324 35.855469 43.693893
v 74.805107 35.856216 43.706703
v 74.927673 35.840508 43.697102
v 75.045723 35.855209 43.654743
v 74.947388 35.884232 43.687183
v 74.805107 35.884418 43.700748
v 75.101486 35.857407 43.588528
v 75.110649 35.841717 43.540443
v 75.113716 35.860252 43.516056
v 75.155441 35.868511 43.571003
v 75.103065 35.878872 43.649147
v 74.919014 35.814377 43.703045
v 74.805107 35.815868 43.714882
v 74.805107 35.841816 43.709183
v 75.077240 35.814377 43.484894
v 75.025673 35.842690 43.423931
v 75.088226 35.842457 43.476562
v 74.951317 35.951767 43.670734
v 74.805107 35.951767 43.684620
v 75.109894 35.951859 43.646847
v 75.100761 36.024834 43.614857
v 74.944328 36.020512 43.649860
v 75.300819 36.025654 43.547596
v 75.306084 36.004726 43.497971
v 75.147949 36.032654 43.551998
v 75.295219 36.009392 43.600845
v 75.480881 36.003605 43.593803
v 75.482918 36.020252 43.545315
v 74.927361 35.863411 43.387077
v 75.029274 35.862862 43.415070
v 74.805107 35.863594 43.376850
v 74.927864 35.894257 43.384418
v 75.029518 35.893291 43.408371
v 75.090523 35.861938 43.458153
v 75.088982 35.891678 43.441902
v 75.146858 35.884693 43.485455
v 75.064774 36.044518 43.559296
v 75.014442 36.050800 43.599270
v 75.075981 36.039551 43.514950
v 75.026772 36.055702 43.530945
v 75.010376 36.059532 43.561768
v 75.052444 36.041389 43.471210
v 75.079460 36.009964 43.450542
v 75.021187 36.012356 43.418358
v 74.995956 36.045418 43.433521
v 75.006226 36.058750 43.489368
v 74.928032 35.953487 43.387112
v 75.029602 35.952385 43.409721
v 74.805107 35.953854 43.377743
v 74.923103 36.013577 43.394852
v 75.088463 35.950539 43.440071
v 75.161880 35.949402 43.466900
v 75.141266 36.014008 43.489155
v 74.859085 36.080112 43.436752
v 74.906204 36.079079 43.458878
v 74.886154 36.065327 43.422104
v 74.805107 36.065372 43.411949
v 74.805107 36.080112 43.428516
v 74.836830 36.091419 43.448471
v 74.863892 36.091160 43.464836
v 74.863380 36.080116 43.594646
v 74.805107 36.080116 43.605995
v 74.805107 36.066799 43.623341
v 74.890312 36.066799 43.611294
v 74.912643 36.079079 43.572552
v 74.875008 36.091160 43.561729
v 74.844246 36.091419 43.583488
v 74.920647 36.052895 43.629875
v 74.805107 36.052895 43.642838
v 74.805107 36.020512 43.663570
v 74.962929 36.064983 43.586868
v 74.908318 36.047005 43.407326
v 74.805107 36.013897 43.385269
v 74.805107 36.047184 43.397102
v 74.956696 36.063637 43.449074
v 74.869583 36.099297 43.537952
v 74.861450 36.099297 43.559814
v 74.889023 36.090385 43.540051
v 74.889999 36.089867 43.516605
v 74.867599 36.099297 43.515102
v 74.866379 36.105766 43.518257
v 74.868286 36.105766 43.541019
v 74.861412 36.099297 43.490562
v 74.881615 36.090385 43.489540
v 74.849190 36.099297 43.468845
v 74.848518 36.105766 43.472187
v 74.860420 36.105766 43.493820
v 74.939583 36.075974 43.492310
v 74.953911 36.073906 43.526695
v 74.943878 36.075974 43.551670
v 74.828659 36.112858 43.461842
v 74.848297 36.112858 43.476154
v 74.828773 36.105766 43.457851
v 74.805107 36.112858 43.456505
v 74.805107 36.122307 43.458183
v 74.830101 36.122307 43.464359
v 74.836418 36.112858 43.588093
v 74.805107 36.112858 43.598747
v 74.805107 36.105770 43.594944
v 74.836639 36.105770 43.584278
v 74.859932 36.112858 43.566639
v 74.864594 36.122307 43.585621
v 74.839081 36.122307 43.610447
v 74.837288 36.099297 43.581387
v 74.805107 36.099297 43.592098
v 74.805107 36.091419 43.594387
v 74.860313 36.105770 43.562794
v 74.829117 36.099297 43.454449
v 74.805107 36.091419 43.442375
v 74.805107 36.099297 43.449085
v 74.805107 36.105766 43.452507
v 74.876564 36.135868 43.521843
v 74.886131 36.135868 43.561584
v 74.871010 36.122307 43.534161
v 74.864212 36.122307 43.505920
v 74.859619 36.135868 43.486664
v 74.871941 36.154938 43.490837
v 74.895172 36.154938 43.537827
v 74.834427 36.135868 43.463352
v 74.851128 36.122307 43.480923
v 74.805107 36.135868 43.454662
v 74.805107 36.154938 43.448090
v 74.840561 36.154938 43.459698
v 74.860092 36.112858 43.497757
v 74.865967 36.112858 43.522163
v 74.867851 36.112858 43.544895
v 74.873184 36.122307 43.560459
v 74.875305 36.180927 43.777359
v 74.805107 36.180927 43.804626
v 74.805107 36.154942 43.757507
v 74.859444 36.154942 43.734333
v 74.928055 36.180927 43.722458
v 74.956047 36.213802 43.745514
v 74.891281 36.213802 43.806351
v 74.945908 36.180927 43.666809
v 74.900261 36.154938 43.687664
v 74.914055 36.154938 43.640362
v 74.939148 36.180927 43.608639
v 74.968849 36.213799 43.619396
v 74.978004 36.213802 43.683849
v 74.889198 36.135868 43.598598
v 74.878571 36.135868 43.634007
v 74.909470 36.154938 43.590919
v 74.847061 36.135868 43.668941
v 74.805107 36.135868 43.686291
v 74.805107 36.122307 43.622772
v 74.903992 36.253521 43.829620
v 74.805107 36.253521 43.862232
v 74.805107 36.213802 43.836563
v 74.978325 36.253521 43.763958
v 74.913094 36.294781 43.845631
v 75.003563 36.253521 43.697399
v 74.992241 36.253521 43.627831
v 75.008842 36.294781 43.633190
v 75.021866 36.294781 43.706432
v 74.918053 36.180927 43.546181
v 74.886269 36.180927 43.490898
v 74.899452 36.213799 43.488926
v 74.940277 36.213799 43.550186
v 74.847443 36.180927 43.454262
v 74.805107 36.180927 43.440605
v 74.805107 36.213799 43.433197
v 74.853546 36.213799 43.448330
v 74.974403 36.332275 43.553963
v 75.018173 36.332275 43.634712
v 74.968216 36.294781 43.554543
v 74.916588 36.332275 43.482491
v 74.917679 36.370968 43.481747
v 74.977127 36.370968 43.553448
v 74.860428 36.332275 43.435127
v 74.859436 36.294781 43.438805
v 74.805107 36.294781 43.421608
v 74.805107 36.332275 43.417473
v 74.860764 36.370968 43.434231
v 74.857346 36.253521 43.443192
v 74.908356 36.253521 43.487011
v 74.805107 36.253521 43.426857
v 74.956917 36.253521 43.553127
v 74.913795 36.294781 43.484936
v 74.860870 36.415825 43.438187
v 74.918045 36.415825 43.484768
v 74.805107 36.415825 43.420822
v 74.805107 36.464844 43.429996
v 74.860725 36.464844 43.446587
v 74.921387 36.415825 43.848991
v 74.805107 36.415825 43.883659
v 74.920593 36.370968 43.853275
v 75.007431 36.370968 43.782070
v 75.008812 36.415825 43.779186
v 74.920097 36.464844 43.839142
v 74.805107 36.464844 43.872269
v 75.032204 36.332275 43.709911
v 75.003281 36.332275 43.781857
v 74.994278 36.294781 43.776501
v 75.022446 36.370968 43.634453
v 75.036964 36.370968 43.709896
v 74.918228 36.332275 43.852837
v 74.805107 36.332275 43.888088
v 74.805107 36.370968 43.888641
v 74.916237 36.516029 43.822876
v 74.805107 36.516029 43.853580
v 75.006561 36.464844 43.772434
v 74.999794 36.516029 43.761047
v 74.908951 36.567307 43.800533
v 74.805107 36.567307 43.827660
v 75.028191 36.516029 43.698383
v 75.035957 36.464844 43.704823
v 75.021553 36.464844 43.634151
v 75.014618 36.516029 43.632877
v 75.013527 36.567307 43.690533
v 74.987022 36.567307 43.745903
v 74.978035 36.415825 43.555058
v 75.023865 36.415825 43.634472
v 74.917503 36.464844 43.491100
v 74.976593 36.464844 43.558266
v 75.038551 36.415825 43.708431
v 74.990265 36.616615 43.682709
v 74.966751 36.616615 43.727875
v 75.001480 36.567307 43.632656
v 74.980576 36.616615 43.635502
v 74.959541 36.657539 43.674854
v 74.950356 36.616615 43.584808
v 74.963882 36.567307 43.570511
v 74.906891 36.616615 43.539944
v 74.897858 36.657539 43.569145
v 74.931458 36.657539 43.602367
v 74.952728 36.657539 43.639900
v 74.860298 36.516026 43.459026
v 74.915886 36.516026 43.500286
v 74.805107 36.516026 43.443649
v 74.805107 36.567307 43.465466
v 74.859306 36.567307 43.479053
v 74.972252 36.516026 43.562542
v 74.912552 36.567307 43.515507
v 74.848183 36.683674 43.584450
v 74.884422 36.683674 43.598663
v 74.854034 36.657539 43.547131
v 74.805107 36.683674 43.579151
v 74.805107 36.697727 43.614689
v 74.843216 36.697727 43.616997
v 74.869102 36.694084 43.617123
v 74.863693 36.683674 43.709805
v 74.805107 36.683674 43.720387
v 74.805107 36.657539 43.757671
v 74.882118 36.657539 43.741287
v 74.907692 36.683674 43.688503
v 74.880730 36.694084 43.677319
v 74.848701 36.697727 43.683449
v 74.897392 36.616615 43.772434
v 74.805107 36.616615 43.794563
v 74.939980 36.657539 43.708294
v 74.857483 36.616615 43.510208
v 74.805107 36.616615 43.499123
v 74.805107 36.657539 43.538921
v 74.843719 36.702408 43.667686
v 74.882721 36.697727 43.663116
v 74.843407 36.702408 43.655426
v 74.805107 36.702408 43.658733
v 74.805107 36.702408 43.672062
v 74.805107 36.697727 43.689560
v 74.842430 36.702408 43.639595
v 74.877235 36.697727 43.633904
v 74.805107 36.702408 43.640411
v 74.906998 36.683674 43.620113
v 74.918747 36.683674 43.644344
v 74.881386 36.697727 43.649353
v 74.922508 36.683674 43.666912
v 74.898857 35.216240 43.746639
v 74.991455 35.215302 43.714531
v 74.923203 35.293396 43.757736
v 74.805107 35.294323 43.767365
v 74.805107 35.219944 43.753941
v 74.885956 35.161137 43.721741
v 74.945244 35.145836 43.702633
v 74.898857 35.216240 43.436722
v 74.805107 35.219940 43.429352
v 74.805107 35.294323 43.414467
v 74.991455 35.215302 43.461693
v 74.945244 35.145836 43.479794
v 75.093369 35.386181 43.653595
v 75.031761 35.382030 43.731476
v 75.092560 35.303074 43.648968
v 74.928780 35.380646 43.772121
v 74.805107 35.380646 43.783134
v 75.024590 35.294891 43.720917
v 74.875282 35.157055 43.509399
v 74.885956 35.161137 43.487038
v 75.039627 35.162155 43.511265
v 74.910469 35.163517 43.575272
v 74.875282 35.157055 43.653214
v 75.039627 35.162159 43.649845
v 75.081734 35.227295 43.647408
v 75.126297 35.236523 43.570019
v 75.126900 35.174339 43.571693
v 75.081734 35.227295 43.507118
v 75.049110 35.116093 43.512939
v 74.965279 35.124416 43.494934
v 75.119164 35.123562 43.576122
v 75.073563 35.064251 43.527500
v 75.005981 35.055416 43.512608
v 74.986786 35.099922 43.504398
v 75.049110 35.116093 43.653862
v 74.965279 35.124416 43.687275
v 74.986786 35.099922 43.676105
v 75.005981 35.055420 43.666470
v 75.073563 35.064251 43.636692
v 74.931854 35.127193 43.656517
v 74.927742 35.127193 43.593670
v 74.934250 35.117962 43.593102
v 74.941254 35.117962 43.651821
v 74.911827 35.132492 43.642220
v 74.919640 35.130020 43.593510
v 74.931854 35.127193 43.530827
v 74.941254 35.117962 43.534386
v 74.911827 35.132492 43.543827
v 74.956062 35.094532 43.537945
v 74.974564 35.052471 43.541393
v 74.948601 35.094532 43.592533
v 74.956062 35.094536 43.647125
v 74.974564 35.052475 43.642647
v 74.995018 34.987343 43.544617
v 74.989227 34.987343 43.591610
v 74.967896 35.052471 43.592018
v 75.023643 34.989471 43.518696
v 75.039627 34.918133 43.523285
v 75.015198 34.916000 43.547459
v 75.086349 34.995861 43.628891
v 75.126228 35.000122 43.577049
v 75.124138 35.069313 43.576458
v 75.023643 34.989471 43.659668
v 75.039627 34.918133 43.654751
v 75.093147 34.924522 43.626049
v 75.127174 34.928783 43.577702
v 75.086349 34.995861 43.534912
v 75.093147 34.924522 43.538406
v 74.995018 34.987343 43.638599
v 75.015198 34.916000 43.635105
v 75.032875 34.855309 43.549755
v 75.028648 34.855309 43.591019
v 75.010262 34.916000 43.591282
v 75.053787 34.857437 43.526989
v 75.065842 34.806057 43.531944
v 75.048424 34.804253 43.552818
v 75.099602 34.863831 43.623756
v 75.128738 34.868088 43.578232
v 75.053787 34.857441 43.650780
v 75.065842 34.806057 43.645473
v 75.104050 34.811729 43.620689
v 75.128349 34.815529 43.578938
v 75.032875 34.855309 43.632282
v 75.044907 34.804317 43.590664
v 75.048424 34.804253 43.628510
v 75.099602 34.863831 43.541229
v 75.104050 34.811726 43.545002
v 75.653786 36.013168 43.544369
v 75.654610 35.997147 43.502560
v 75.484879 36.002441 43.500084
v 75.652977 35.997147 43.589176
v 75.789284 35.990799 43.587955
v 75.790085 36.006554 43.543896
v 75.299484 35.876896 43.562084
v 75.294632 35.894447 43.622654
v 75.304672 35.896530 43.497894
v 75.482613 35.882427 43.558342
v 75.482353 35.899395 43.612495
v 75.307121 35.950413 43.478962
v 75.484299 35.951122 43.483402
v 75.482948 35.899918 43.500935
v 75.293182 35.952133 43.630718
v 75.481232 35.951553 43.620255
v 75.868454 36.002552 43.543022
v 75.869339 35.985344 43.498123
v 75.790894 35.990799 43.502777
v 75.867577 35.985344 43.591137
v 75.915306 35.995441 43.542332
v 75.653824 35.884987 43.556351
v 75.655037 35.901009 43.606041
v 75.652603 35.901009 43.503666
v 75.790115 35.880501 43.555676
v 75.791313 35.896255 43.604542
v 75.654076 35.949078 43.613358
v 75.790359 35.943527 43.611736
v 75.653542 35.949078 43.487362
v 75.789841 35.943527 43.487835
v 75.788918 35.896255 43.503864
v 75.957054 35.979515 43.542412
v 75.957970 35.961678 43.495861
v 75.916260 35.976925 43.494011
v 75.914368 35.976925 43.594116
v 75.956146 35.961678 43.592293
v 75.991127 35.960957 43.543045
v 75.868492 35.864895 43.555885
v 75.869797 35.882103 43.609249
v 75.867180 35.882103 43.499306
v 75.915352 35.847290 43.556179
v 75.868759 35.933723 43.617107
v 75.916756 35.865810 43.613613
v 75.915634 35.921368 43.622066
v 75.868187 35.933723 43.481800
v 75.915024 35.921368 43.476444
v 75.913940 35.865810 43.495285
v 76.014984 35.945953 43.544029
v 76.015640 35.933098 43.510479
v 75.991936 35.945202 43.501934
v 75.990326 35.945202 43.587105
v 76.014328 35.933098 43.579983
v 76.029045 35.926483 43.545788
v 76.025658 35.920158 43.522606
v 75.956779 35.908157 43.478943
v 75.955734 35.854641 43.497089
v 75.990883 35.897934 43.486988
v 75.957092 35.836803 43.555748
v 75.958443 35.854641 43.611073
v 75.991165 35.834911 43.554825
v 75.957367 35.908157 43.619217
v 75.991409 35.897934 43.610886
v 76.033737 35.894524 43.548756
v 76.029182 35.894524 43.580193
v 76.025887 35.868889 43.577789
v 76.029060 35.862560 43.551762
v 76.024948 35.868889 43.524586
v 76.028923 35.894524 43.517361
v 76.025146 35.920158 43.570187
v 76.015015 35.843094 43.553642
v 76.015984 35.855949 43.593517
v 76.014030 35.855949 43.511364
v 76.015213 35.894524 43.599388
v 75.992355 35.850666 43.603691
v 76.014786 35.894524 43.498283
v 75.989960 35.850666 43.503017
v 75.062225 34.761818 43.622162
v 75.075523 34.762646 43.636551
v 75.059570 34.762077 43.590069
v 75.069809 34.740765 43.589386
v 75.075485 34.733250 43.609493
v 75.104797 34.766159 43.615532
v 75.123436 34.768589 43.580128
v 75.083244 34.741055 43.620075
v 75.100403 34.734417 43.605236
v 75.110886 34.743732 43.582653
v 75.062225 34.761818 43.557980
v 75.075523 34.762646 43.540276
v 75.075485 34.733250 43.568275
v 75.104797 34.766159 43.551350
v 75.100403 34.734417 43.564018
v 75.083244 34.741055 43.554909
v 75.089424 34.723782 43.586754
v 74.692055 35.550205 43.398991
v 74.697166 35.627468 43.401119
v 74.685989 35.469185 43.399971
v 74.585785 35.469528 43.433018
v 74.596184 35.550205 43.432365
v 74.534683 35.550205 43.657196
v 74.544907 35.627323 43.651066
v 74.522751 35.627430 43.562687
v 74.512527 35.550205 43.563953
v 74.501671 35.471260 43.564411
v 74.523407 35.470570 43.657574
v 74.596184 35.550205 43.739643
v 74.516846 35.386177 43.493641
v 74.523407 35.470566 43.488697
v 74.578453 35.382030 43.440937
v 74.585625 35.294891 43.451900
v 74.517654 35.303074 43.500591
v 74.496391 35.388947 43.565357
v 74.698868 35.704731 43.400692
v 74.696953 35.770771 43.398594
v 74.605133 35.627468 43.434231
v 74.608116 35.704731 43.433857
v 74.604759 35.770771 43.431915
v 74.534683 35.550205 43.488182
v 74.544907 35.627468 43.489246
v 74.548317 35.704731 43.489033
v 74.544479 35.770771 43.487572
v 74.526161 35.704586 43.559315
v 74.548317 35.704151 43.637794
v 74.544479 35.769676 43.623837
v 74.522324 35.770496 43.555050
v 74.605133 35.627308 43.728912
v 74.608116 35.704090 43.705666
v 74.692055 35.550205 43.783031
v 74.697166 35.627552 43.770752
v 74.585785 35.469532 43.739838
v 74.685989 35.469185 43.782860
v 74.805107 35.627739 43.782673
v 74.698868 35.705063 43.744137
v 74.696953 35.771187 43.716972
v 74.604759 35.769505 43.681839
v 74.681435 35.380646 43.409729
v 74.687012 35.293396 43.423553
v 74.532974 35.812885 43.615650
v 74.594688 35.812511 43.669357
v 74.519241 35.840042 43.606220
v 74.499565 35.841717 43.540443
v 74.510818 35.814003 43.551102
v 74.691200 35.814377 43.395702
v 74.594688 35.814377 43.429077
v 74.584541 35.842690 43.423931
v 74.685280 35.842827 43.391899
v 74.671890 35.855469 43.693893
v 74.682541 35.840508 43.697102
v 74.662827 35.884232 43.687183
v 74.507149 35.878872 43.649147
v 74.564491 35.855209 43.654743
v 74.508728 35.857407 43.588528
v 74.580429 35.839088 43.662300
v 74.454773 35.868511 43.571003
v 74.463356 35.884693 43.485455
v 74.496498 35.860252 43.516060
v 74.691200 35.814377 43.703045
v 74.532974 35.814377 43.484894
v 74.521988 35.842457 43.476566
v 74.658897 35.951767 43.670734
v 74.665886 36.020512 43.649860
v 74.500320 35.951859 43.646847
v 74.309395 36.025654 43.547596
v 74.462265 36.032654 43.551998
v 74.468948 36.014008 43.489155
v 74.304131 36.004726 43.497971
v 74.125336 36.002441 43.500088
v 74.127296 36.020252 43.545315
v 74.314995 36.009392 43.600845
v 74.509453 36.024834 43.614857
v 74.682854 35.863411 43.387077
v 74.580940 35.862862 43.415070
v 74.682350 35.894257 43.384418
v 74.805107 35.894577 43.374832
v 74.519691 35.861938 43.458153
v 74.521233 35.891678 43.441902
v 74.580696 35.893291 43.408371
v 74.545441 36.044518 43.559299
v 74.595772 36.050800 43.599270
v 74.647285 36.064983 43.586868
v 74.599838 36.059532 43.561768
v 74.534233 36.039551 43.514950
v 74.557770 36.041389 43.471210
v 74.530754 36.009964 43.450542
v 74.603989 36.058750 43.489368
v 74.653519 36.063637 43.449074
v 74.614258 36.045418 43.433521
v 74.682182 35.953487 43.387112
v 74.580612 35.952385 43.409721
v 74.687111 36.013577 43.394852
v 74.521751 35.950539 43.440071
v 74.448334 35.949402 43.466900
v 74.589027 36.012356 43.418358
v 74.751129 36.080112 43.436752
v 74.724060 36.065327 43.422104
v 74.704010 36.079079 43.458878
v 74.773384 36.091419 43.448471
v 74.746834 36.080116 43.594646
v 74.719902 36.066799 43.611294
v 74.765968 36.091419 43.583488
v 74.697571 36.079079 43.572552
v 74.689568 36.052895 43.629875
v 74.701897 36.047005 43.407326
v 74.740631 36.099297 43.537952
v 74.721191 36.090385 43.540051
v 74.748764 36.099297 43.559814
v 74.749901 36.105770 43.562794
v 74.741928 36.105766 43.541019
v 74.742615 36.099297 43.515102
v 74.748802 36.099297 43.490562
v 74.728600 36.090385 43.489540
v 74.720215 36.089867 43.516609
v 74.743835 36.105766 43.518257
v 74.749794 36.105766 43.493820
v 74.761024 36.099297 43.468845
v 74.670631 36.075974 43.492310
v 74.583443 36.055702 43.530945
v 74.656303 36.073906 43.526695
v 74.746323 36.091160 43.464836
v 74.666336 36.075974 43.551670
v 74.735207 36.091160 43.561729
v 74.781555 36.112858 43.461842
v 74.781441 36.105766 43.457851
v 74.761917 36.112858 43.476154
v 74.759087 36.122307 43.480923
v 74.780113 36.122307 43.464359
v 74.773796 36.112858 43.588093
v 74.773575 36.105770 43.584278
v 74.771133 36.122307 43.610447
v 74.750282 36.112858 43.566639
v 74.772926 36.099297 43.581387
v 74.781097 36.099297 43.454449
v 74.761696 36.105766 43.472187
v 74.733650 36.135868 43.521843
v 74.746002 36.122307 43.505920
v 74.724083 36.135868 43.561584
v 74.700745 36.154938 43.590919
v 74.715042 36.154938 43.537830
v 74.750595 36.135868 43.486664
v 74.775787 36.135868 43.463352
v 74.738274 36.154938 43.490837
v 74.769653 36.154938 43.459698
v 74.750122 36.112858 43.497757
v 74.744247 36.112858 43.522163
v 74.739204 36.122307 43.534161
v 74.742363 36.112858 43.544895
v 74.745621 36.122307 43.585621
v 74.737030 36.122307 43.560459
v 74.734909 36.180927 43.777359
v 74.750771 36.154942 43.734333
v 74.718933 36.213802 43.806351
v 74.682159 36.180927 43.722458
v 74.709953 36.154938 43.687664
v 74.664307 36.180927 43.666809
v 74.696159 36.154938 43.640362
v 74.654167 36.213802 43.745514
v 74.632210 36.213802 43.683849
v 74.671066 36.180927 43.608639
v 74.721016 36.135868 43.598598
v 74.731644 36.135868 43.634007
v 74.763153 36.135868 43.668941
v 74.706223 36.253521 43.829620
v 74.805107 36.294781 43.879963
v 74.697121 36.294781 43.845631
v 74.615936 36.294781 43.776501
v 74.631889 36.253521 43.763958
v 74.606651 36.253521 43.697399
v 74.588348 36.294781 43.706432
v 74.617973 36.253521 43.627831
v 74.641365 36.213799 43.619396
v 74.692162 36.180927 43.546181
v 74.669937 36.213799 43.550186
v 74.723946 36.180927 43.490898
v 74.762764 36.180927 43.454262
v 74.710762 36.213799 43.488926
v 74.756668 36.213799 43.448330
v 74.635811 36.332275 43.553963
v 74.641998 36.294781 43.554543
v 74.592041 36.332275 43.634712
v 74.587769 36.370968 43.634453
v 74.633087 36.370968 43.553448
v 74.693626 36.332275 43.482491
v 74.696419 36.294781 43.484936
v 74.749786 36.332275 43.435127
v 74.750778 36.294781 43.438805
v 74.692535 36.370968 43.481747
v 74.749451 36.370968 43.434231
v 74.805107 36.370968 43.416519
v 74.752869 36.253521 43.443192
v 74.701859 36.253521 43.487011
v 74.653297 36.253521 43.553127
v 74.601372 36.294781 43.633190
v 74.749344 36.415825 43.438187
v 74.692169 36.415825 43.484768
v 74.692711 36.464844 43.491100
v 74.749489 36.464844 43.446587
v 74.688828 36.415825 43.848991
v 74.689621 36.370968 43.853279
v 74.690117 36.464844 43.839142
v 74.603653 36.464844 43.772434
v 74.601402 36.415825 43.779186
v 74.578011 36.332275 43.709911
v 74.606934 36.332275 43.781857
v 74.573250 36.370968 43.709896
v 74.691986 36.332275 43.852837
v 74.602783 36.370968 43.782070
v 74.693977 36.516029 43.822880
v 74.701263 36.567307 43.800533
v 74.623192 36.567307 43.745903
v 74.610420 36.516029 43.761051
v 74.582024 36.516029 43.698383
v 74.574257 36.464844 43.704823
v 74.596687 36.567307 43.690533
v 74.608734 36.567307 43.632656
v 74.595596 36.516029 43.632877
v 74.632179 36.415825 43.555058
v 74.586349 36.415825 43.634472
v 74.588661 36.464844 43.634151
v 74.633621 36.464844 43.558266
v 74.571663 36.415825 43.708431
v 74.619949 36.616615 43.682709
v 74.643463 36.616615 43.727875
v 74.670235 36.657539 43.708294
v 74.650673 36.657539 43.674854
v 74.657486 36.657539 43.639900
v 74.629639 36.616615 43.635502
v 74.659859 36.616615 43.584808
v 74.646332 36.567307 43.570511
v 74.678757 36.657539 43.602367
v 74.703323 36.616615 43.539944
v 74.697662 36.567307 43.515507
v 74.749916 36.516026 43.459026
v 74.694328 36.516026 43.500286
v 74.750908 36.567307 43.479053
v 74.637962 36.516026 43.562542
v 74.762032 36.683674 43.584450
v 74.756180 36.657539 43.547131
v 74.725792 36.683674 43.598663
v 74.766998 36.697727 43.616997
v 74.746521 36.683674 43.709805
v 74.728096 36.657539 43.741287
v 74.761513 36.697727 43.683449
v 74.702522 36.683674 43.688503
v 74.712822 36.616615 43.772434
v 74.752731 36.616615 43.510208
v 74.712357 36.657539 43.569145
v 74.766495 36.702408 43.667686
v 74.727493 36.697727 43.663116
v 74.766808 36.702408 43.655430
v 74.728828 36.697727 43.649353
v 74.767784 36.702408 43.639595
v 74.732979 36.697727 43.633904
v 74.703217 36.683674 43.620113
v 74.691467 36.683674 43.644348
v 74.741112 36.694084 43.617123
v 74.687706 36.683674 43.666916
v 74.729485 36.694084 43.677319
v 74.711357 35.216240 43.746639
v 74.687012 35.293396 43.757736
v 74.585625 35.294891 43.720917
v 74.618759 35.215302 43.714531
v 74.724258 35.161137 43.692833
v 74.711357 35.216240 43.436722
v 74.724258 35.161137 43.487038
v 74.618759 35.215302 43.461693
v 74.516846 35.386181 43.653595
v 74.517654 35.303074 43.648968
v 74.578453 35.382030 43.731476
v 74.681435 35.380646 43.772121
v 74.773949 35.157055 43.509399
v 74.738762 35.163517 43.575272
v 74.483315 35.174339 43.571693
v 74.570587 35.162155 43.511265
v 74.773949 35.157055 43.653214
v 74.570587 35.162159 43.649845
v 74.528481 35.227295 43.647408
v 74.492020 35.308842 43.567116
v 74.483917 35.236523 43.570019
v 74.664970 35.145836 43.702633
v 74.528481 35.227295 43.507118
v 74.664970 35.145836 43.479794
v 74.561104 35.116093 43.512939
v 74.644936 35.124416 43.494934
v 74.650635 35.114597 43.505905
v 74.623428 35.099922 43.504398
v 74.536652 35.064251 43.527504
v 74.486076 35.069313 43.576458
v 74.491051 35.123562 43.576122
v 74.561104 35.116093 43.653862
v 74.536652 35.064251 43.636692
v 74.623428 35.099922 43.676105
v 74.650635 35.114597 43.678143
v 74.644936 35.124416 43.687275
v 74.678360 35.127193 43.656517
v 74.668961 35.117962 43.651821
v 74.682472 35.127193 43.593670
v 74.698387 35.132492 43.642220
v 74.678360 35.127193 43.530827
v 74.668961 35.117962 43.534386
v 74.698387 35.132492 43.543827
v 74.654152 35.094532 43.537945
v 74.635651 35.052471 43.541393
v 74.661613 35.094532 43.592537
v 74.642319 35.052471 43.592018
v 74.654152 35.094536 43.647125
v 74.635651 35.052475 43.642647
v 74.675964 35.117962 43.593102
v 74.615196 34.987343 43.544617
v 74.620987 34.987343 43.591610
v 74.599953 34.916000 43.591282
v 74.595016 34.916000 43.547459
v 74.586571 34.989471 43.518696
v 74.604233 35.055416 43.512608
v 74.523865 34.995861 43.628891
v 74.483986 35.000122 43.577049
v 74.517067 34.924522 43.626053
v 74.586571 34.989471 43.659668
v 74.604233 35.055420 43.666470
v 74.523865 34.995861 43.534912
v 74.517067 34.924522 43.538406
v 74.615196 34.987343 43.638599
v 74.595016 34.916000 43.635105
v 74.577339 34.855309 43.549755
v 74.581566 34.855309 43.591019
v 74.565308 34.804317 43.590664
v 74.561790 34.804253 43.552822
v 74.556427 34.857437 43.526993
v 74.570587 34.918133 43.523285
v 74.510612 34.863831 43.623756
v 74.483040 34.928783 43.577702
v 74.481476 34.868088 43.578232
v 74.506165 34.811729 43.620689
v 74.556427 34.857441 43.650784
v 74.570587 34.918133 43.654751
v 74.577339 34.855309 43.632282
v 74.561790 34.804253 43.628510
v 74.510612 34.863831 43.541229
v 74.506165 34.811726 43.545002
v 73.956429 36.013168 43.544373
v 73.955605 35.997147 43.502563
v 73.819321 35.990799 43.502781
v 73.820129 36.006554 43.543896
v 73.957237 35.997147 43.589176
v 74.129333 36.003605 43.593803
v 74.310730 35.876896 43.562084
v 74.315582 35.894447 43.622654
v 74.127602 35.882427 43.558342
v 74.127266 35.899918 43.500935
v 74.305542 35.896530 43.497894
v 74.303093 35.950413 43.478966
v 74.125916 35.951122 43.483402
v 74.317032 35.952133 43.630718
v 74.128983 35.951553 43.620258
v 74.127861 35.899395 43.612495
v 73.741760 36.002552 43.543022
v 73.740875 35.985344 43.498123
v 73.693954 35.976925 43.494011
v 73.694908 35.995441 43.542336
v 73.695847 35.976925 43.594120
v 73.742630 35.985344 43.591137
v 73.956390 35.884987 43.556351
v 73.955177 35.901009 43.606041
v 73.820099 35.880501 43.555676
v 73.821297 35.896255 43.503864
v 73.957611 35.901009 43.503666
v 73.956139 35.949078 43.613358
v 73.819855 35.943527 43.611736
v 73.818901 35.896255 43.604542
v 73.956673 35.949078 43.487366
v 73.820374 35.943527 43.487835
v 73.653160 35.979515 43.542412
v 73.652245 35.961678 43.495865
v 73.618279 35.945202 43.501934
v 73.619087 35.960957 43.543049
v 73.619888 35.945202 43.587105
v 73.654068 35.961678 43.592297
v 73.741722 35.864895 43.555889
v 73.740417 35.882103 43.609253
v 73.693459 35.865810 43.613613
v 73.694862 35.847290 43.556183
v 73.696274 35.865810 43.495285
v 73.743034 35.882103 43.499310
v 73.741455 35.933723 43.617107
v 73.694580 35.921368 43.622070
v 73.742027 35.933723 43.481804
v 73.695190 35.921368 43.476448
v 73.595230 35.945953 43.544029
v 73.594574 35.933098 43.510479
v 73.581169 35.926483 43.545792
v 73.585068 35.920158 43.570187
v 73.595886 35.933098 43.579983
v 73.653435 35.908157 43.478943
v 73.654480 35.854641 43.497093
v 73.620247 35.850666 43.503021
v 73.619331 35.897934 43.486992
v 73.653122 35.836803 43.555752
v 73.651772 35.854641 43.611076
v 73.617859 35.850666 43.603691
v 73.619049 35.834911 43.554829
v 73.652847 35.908157 43.619221
v 73.618805 35.897934 43.610886
v 73.576477 35.894524 43.548759
v 73.581154 35.862560 43.551765
v 73.581032 35.894524 43.580193
v 73.581291 35.894524 43.517361
v 73.595200 35.843094 43.553642
v 73.594231 35.855949 43.593517
v 73.596184 35.855949 43.511364
v 73.595001 35.894524 43.599388
v 73.595428 35.894524 43.498283
v 74.547989 34.761818 43.622162
v 74.544373 34.806057 43.645477
v 74.534691 34.762646 43.636551
v 74.526970 34.741055 43.620075
v 74.534729 34.733250 43.609493
v 74.550644 34.762077 43.590069
v 74.505417 34.766159 43.615532
v 74.481865 34.815529 43.578938
v 74.486778 34.768589 43.580128
v 74.509811 34.734417 43.605236
v 74.547989 34.761818 43.557980
v 74.540405 34.740765 43.589386
v 74.534729 34.733250 43.568275
v 74.526970 34.741055 43.554909
v 74.534691 34.762646 43.540276
v 74.505417 34.766159 43.551350
v 74.544373 34.806057 43.531944
v 74.509811 34.734417 43.564018
v 74.520790 34.723782 43.586758
v 74.805107 35.166710 43.714199
v 74.870239 36.421318 43.659855
v 74.959579 35.114597 43.505905
v 74.959579 35.114597 43.678143
v 74.690575 35.130020 43.593510
v 73.820930 35.990799 43.587955
v 73.584557 35.920158 43.522606
v 73.584328 35.868889 43.577789
v 73.585266 35.868889 43.524586
v 74.499329 34.743732 43.582653
vn -0.8003 -0.5946 -0.0768
vn -0.7396 -0.6693 -0.0710
vn -0.7430 -0.6692 -0.0000
vn -0.8040 -0.5946 0.0000
vn -0.8527 -0.5160 -0.0819
vn -0.8407 -0.5163 -0.1631
vn -0.7894 -0.5946 -0.1530
vn -0.9610 0.2600 -0.0937
vn -0.9841 0.1571 -0.0829
vn -0.9801 0.1984 -0.0096
vn -0.9618 0.2735 -0.0083
vn -0.9368 0.3498 -0.0000
vn -0.9326 0.3498 -0.0895
vn -0.9488 0.2590 -0.1807
vn -0.3228 0.9460 -0.0309
vn -0.4165 0.9083 -0.0399
vn -0.3252 0.9456 0.0000
vn -0.2227 0.9749 0.0000
vn -0.2322 0.9724 -0.0224
vn -0.2187 0.9749 -0.0423
vn -0.3189 0.9458 -0.0618
vn -0.4105 0.9084 -0.0796
vn -0.6702 -0.7394 -0.0645
vn -0.5930 -0.8032 -0.0567
vn -0.5957 -0.8032 0.0000
vn -0.6735 -0.7392 -0.0000
vn -0.7292 -0.6696 -0.1413
vn -0.6610 -0.7394 -0.1280
vn -0.9965 0.0632 -0.0553
vn -0.9992 -0.0239 -0.0333
vn -0.9994 0.0329 0.0103
vn -0.9892 0.1465 0.0006
vn -0.9734 0.1570 -0.1669
vn -0.9889 0.0618 -0.1348
vn -0.5083 0.8598 -0.0488
vn -0.5930 0.8032 -0.0570
vn -0.5106 0.8598 0.0000
vn -0.4185 0.9082 0.0000
vn -0.5012 0.8599 -0.0971
vn -0.5846 0.8034 -0.1132
vn -0.4198 -0.9067 -0.0399
vn -0.0010 -1.0000 -0.0000
vn -0.0009 -1.0000 0.0001
vn -0.4219 -0.9066 0.0000
vn -0.5847 -0.8033 -0.1132
vn -0.4137 -0.9069 -0.0801
vn -0.7210 -0.6927 0.0140
vn 0.3837 -0.9223 0.0457
vn -0.7991 -0.6003 0.0337
vn -0.9940 -0.0285 -0.1053
vn -0.6288 -0.7770 -0.0286
vn -0.6704 0.7392 -0.0642
vn -0.7395 0.6694 -0.0709
vn -0.6736 0.7391 0.0000
vn -0.5960 0.8029 0.0000
vn -0.6609 0.7395 -0.1280
vn -0.7292 0.6696 -0.1412
vn 0.3382 -0.9405 0.0327
vn 0.2667 -0.9634 0.0255
vn 0.3420 -0.9397 0.0000
vn 0.3351 -0.9399 0.0655
vn 0.7229 -0.6899 0.0373
vn 0.4627 -0.8861 0.0287
vn 0.4556 -0.8902 0.0017
vn 0.7071 -0.7071 -0.0007
vn 0.4612 -0.8840 0.0764
vn 0.7204 -0.6875 0.0918
vn -0.8003 0.5947 -0.0768
vn -0.8527 0.5159 -0.0818
vn -0.8041 0.5945 0.0000
vn -0.7429 0.6694 0.0000
vn -0.7890 0.5951 -0.1528
vn -0.8407 0.5164 -0.1630
vn -0.4334 -0.9002 -0.0415
vn -0.8567 -0.5158 0.0000
vn -0.4366 -0.8996 0.0014
vn 0.4599 -0.8855 0.0660
vn -0.4272 -0.9002 -0.0841
vn -0.8968 0.4340 -0.0860
vn -0.9009 0.4339 0.0000
vn -0.8567 0.5158 0.0000
vn -0.8842 0.4344 -0.1714
vn -0.9196 0.3500 -0.1783
vn -0.7705 -0.5953 -0.2277
vn -0.7120 -0.6700 -0.2103
vn -0.8211 -0.5166 -0.2425
vn -0.7938 -0.5171 -0.3202
vn -0.7446 -0.5960 -0.3007
vn -0.9258 0.2627 -0.2719
vn -0.9479 0.1704 -0.2693
vn -0.8982 0.3504 -0.2655
vn -0.8943 0.2645 -0.3609
vn -0.9127 0.1772 -0.3683
vn -0.3105 0.9461 -0.0917
vn -0.4007 0.9085 -0.1183
vn -0.2234 0.9725 -0.0661
vn -0.2059 0.9750 -0.0829
vn -0.3007 0.9460 -0.1212
vn -0.3867 0.9089 -0.1558
vn -0.6456 -0.7396 -0.1906
vn -0.5707 -0.8036 -0.1688
vn -0.6880 -0.6705 -0.2776
vn -0.6232 -0.7405 -0.2516
vn -0.9628 0.0815 -0.2576
vn -0.9693 -0.0183 -0.2450
vn -0.9234 0.0920 -0.3726
vn -0.9272 -0.0105 -0.3743
vn -0.4892 0.8601 -0.1446
vn -0.5707 0.8037 -0.1686
vn -0.4724 0.8605 -0.1905
vn -0.5515 0.8039 -0.2225
vn -0.4039 -0.9070 -0.1194
vn -0.0009 -1.0000 -0.0003
vn -0.0006 -1.0000 -0.0001
vn -0.5512 -0.8042 -0.2225
vn -0.3901 -0.9072 -0.1575
vn -0.5833 -0.8015 -0.1319
vn 0.4885 -0.8623 0.1336
vn -0.5410 -0.8123 -0.2181
vn 0.4822 -0.8542 0.1946
vn -0.6450 0.7400 -0.1907
vn -0.7119 0.6700 -0.2103
vn -0.6234 0.7403 -0.2515
vn -0.6878 0.6708 -0.2775
vn 0.3252 -0.9407 0.0967
vn 0.2563 -0.9637 0.0754
vn 0.3156 -0.9403 0.1274
vn 0.6987 -0.6916 0.1832
vn 0.4444 -0.8877 0.1203
vn 0.6677 -0.6941 0.2693
vn 0.4232 -0.8898 0.1706
vn -0.7706 0.5953 -0.2277
vn -0.8211 0.5166 -0.2427
vn -0.7446 0.5960 -0.3005
vn -0.7936 0.5173 -0.3203
vn -0.4180 -0.8999 -0.1241
vn -0.4047 -0.8997 -0.1634
vn -0.8638 0.4345 -0.2552
vn -0.8348 0.4354 -0.3369
vn -0.8685 0.3508 -0.3504
vn -0.3866 -0.8999 -0.2017
vn -0.7586 -0.5181 -0.3951
vn 0.4042 -0.8901 0.2105
vn -0.3652 -0.9000 -0.2380
vn -0.7981 0.4361 -0.4157
vn -0.8303 0.3516 -0.4324
vn -0.7587 0.5179 -0.3951
vn -0.7540 0.4367 -0.4907
vn -0.7843 0.3523 -0.5106
vn -0.7116 -0.5969 -0.3707
vn -0.6572 -0.6716 -0.3422
vn -0.7166 -0.5188 -0.4662
vn -0.6721 -0.5974 -0.4374
vn -0.8553 0.2650 -0.4453
vn -0.8728 0.1776 -0.4546
vn -0.8080 0.2656 -0.5259
vn -0.8247 0.1779 -0.5369
vn -0.2864 0.9464 -0.1491
vn -0.3693 0.9092 -0.1923
vn -0.2057 0.9727 -0.1073
vn -0.1853 0.9753 -0.1203
vn -0.2707 0.9465 -0.1758
vn -0.3482 0.9095 -0.2269
vn -0.5954 -0.7412 -0.3102
vn -0.5268 -0.8045 -0.2742
vn -0.6204 -0.6725 -0.4036
vn -0.5621 -0.7418 -0.3658
vn -0.8832 0.0921 -0.4598
vn -0.8869 -0.0105 -0.4619
vn -0.8345 0.0922 -0.5432
vn -0.8380 -0.0105 -0.5456
vn -0.4510 0.8611 -0.2349
vn -0.5265 0.8047 -0.2743
vn -0.4257 0.8614 -0.2770
vn -0.4968 0.8054 -0.3234
vn -0.3725 -0.9075 -0.1939
vn -0.0008 -1.0000 -0.0003
vn -0.0011 -1.0000 -0.0004
vn -0.4969 -0.8053 -0.3233
vn -0.3513 -0.9079 -0.2286
vn -0.5177 -0.8121 -0.2693
vn 0.4607 -0.8545 0.2399
vn -0.4895 -0.8118 -0.3183
vn 0.4346 -0.8550 0.2830
vn -0.5956 0.7410 -0.3101
vn -0.6573 0.6714 -0.3422
vn -0.5621 0.7418 -0.3658
vn -0.6204 0.6723 -0.4039
vn 0.3000 -0.9410 0.1565
vn 0.2360 -0.9638 0.1240
vn 0.2846 -0.9407 0.1847
vn 0.6379 -0.6948 0.3321
vn 0.6021 -0.6956 0.3918
vn 0.3814 -0.8905 0.2482
vn -0.7119 0.5966 -0.3706
vn -0.6720 0.5976 -0.4374
vn -0.7165 0.5188 -0.4664
vn -0.5231 0.7427 -0.4181
vn -0.5777 0.6730 -0.4619
vn -0.4624 0.8060 -0.3696
vn -0.4790 0.7435 -0.4667
vn -0.5291 0.6740 -0.5154
vn 0.2625 -0.9416 0.2107
vn 0.2074 -0.9640 0.1665
vn -0.0011 -1.0000 -0.0007
vn -0.0010 -1.0000 -0.0009
vn 0.2419 -0.9413 0.2356
vn 0.5558 -0.6960 0.4545
vn 0.3545 -0.8902 0.2862
vn 0.3999 -0.8584 0.3213
vn 0.3575 -0.8632 0.3565
vn 0.4875 -0.6922 0.5322
vn -0.6258 0.5984 -0.5003
vn -0.6672 0.5198 -0.5335
vn -0.5734 0.5994 -0.5585
vn -0.6115 0.5208 -0.5957
vn -0.3400 -0.8999 -0.2731
vn -0.6673 -0.5197 -0.5335
vn -0.3116 -0.8989 -0.3081
vn -0.7024 0.4376 -0.5614
vn -0.7307 0.3530 -0.5843
vn -0.6438 0.4385 -0.6271
vn -0.6700 0.3537 -0.6527
vn -0.6260 -0.5983 -0.5002
vn -0.5775 -0.6733 -0.4617
vn -0.6114 -0.5209 -0.5957
vn -0.5735 -0.5994 -0.5584
vn -0.7527 0.2658 -0.6023
vn -0.7670 0.1768 -0.6168
vn -0.6894 0.2644 -0.6744
vn -0.6975 0.1680 -0.6966
vn -0.2511 0.9469 -0.2007
vn -0.3240 0.9099 -0.2590
vn -0.1803 0.9730 -0.1441
vn -0.1577 0.9756 -0.1530
vn -0.2305 0.9469 -0.2244
vn -0.2965 0.9103 -0.2888
vn -0.5233 -0.7424 -0.4183
vn -0.4624 -0.8060 -0.3695
vn -0.5290 -0.6741 -0.5155
vn -0.4792 -0.7432 -0.4669
vn -0.7727 0.0892 -0.6284
vn -0.7701 -0.0167 -0.6377
vn -0.6876 0.0694 -0.7228
vn -0.3959 0.8620 -0.3164
vn -0.3624 0.8626 -0.3530
vn -0.4234 0.8066 -0.4124
vn -0.3268 -0.9082 -0.2613
vn -0.4232 -0.8068 -0.4124
vn -0.2993 -0.9086 -0.2914
vn -0.4433 -0.8102 -0.3835
vn -0.6566 -0.0518 -0.7525
vn -0.3413 -0.8131 -0.4715
vn -0.5950 0.0241 -0.8034
vn -0.5340 -0.1264 -0.8360
vn -0.6213 0.1472 -0.7697
vn -0.5478 0.1229 -0.8275
vn -0.5284 -0.0250 -0.8486
vn -0.3254 0.8632 -0.3861
vn -0.3800 0.8074 -0.4512
vn -0.2661 0.9107 -0.3158
vn -0.2854 0.8636 -0.4157
vn -0.3333 0.8081 -0.4858
vn -0.2687 -0.9089 -0.3189
vn -0.0009 -1.0000 -0.0009
vn -0.0008 -1.0000 -0.0007
vn -0.3801 -0.8075 -0.4511
vn -0.3333 -0.8082 -0.4856
vn -0.2353 -0.9093 -0.3431
vn -0.2279 -0.8405 -0.4915
vn 0.3072 -0.8535 0.4209
vn -0.4834 -0.1999 -0.8523
vn -0.2253 -0.8775 -0.4234
vn -0.4304 0.7442 -0.5109
vn -0.4754 0.6751 -0.5642
vn -0.3772 0.7451 -0.5500
vn -0.4169 0.6760 -0.6077
vn 0.2160 -0.9420 0.2568
vn 0.1700 -0.9644 0.2025
vn 0.1905 -0.9417 0.2771
vn 0.4105 -0.6792 0.6084
vn 0.2746 -0.8886 0.3673
vn 0.3189 -0.8891 0.3282
vn 0.2461 -0.8375 0.4879
vn 0.3581 -0.6617 0.6587
vn -0.5152 0.6005 -0.6115
vn -0.5497 0.5216 -0.6525
vn -0.4519 0.6014 -0.6588
vn -0.4822 0.5226 -0.7031
vn -0.2815 -0.8970 -0.3407
vn -0.5498 -0.5216 -0.6524
vn 0.2371 -0.8854 0.3998
vn -0.2512 -0.8963 -0.3654
vn -0.5787 0.4394 -0.6870
vn -0.6024 0.3545 -0.7152
vn -0.5079 0.4404 -0.7404
vn -0.5287 0.3552 -0.7709
vn -0.5153 -0.6002 -0.6117
vn -0.4754 -0.6750 -0.5643
vn -0.4822 -0.5225 -0.7031
vn -0.4518 -0.6016 -0.6588
vn -0.6193 0.2604 -0.7407
vn -0.5444 0.2553 -0.7990
vn -0.2063 0.9473 -0.2450
vn -0.1482 0.9731 -0.1762
vn -0.1239 0.9757 -0.1805
vn -0.1811 0.9474 -0.2639
vn -0.2331 0.9111 -0.3399
vn -0.4304 -0.7441 -0.5109
vn -0.4169 -0.6762 -0.6074
vn -0.3771 -0.7453 -0.5498
vn -0.3840 -0.6021 -0.7000
vn -0.3543 -0.6768 -0.6453
vn -0.4098 -0.5235 -0.7470
vn -0.3334 -0.5241 -0.7837
vn -0.3121 -0.6029 -0.7343
vn -0.4641 0.2510 -0.8495
vn -0.4720 0.1055 -0.8752
vn -0.4495 0.3559 -0.8193
vn -0.3781 0.2489 -0.8917
vn -0.1533 0.9478 -0.2796
vn -0.1979 0.9115 -0.3606
vn -0.1100 0.9734 -0.2011
vn -0.0855 0.9759 -0.2007
vn -0.1249 0.9477 -0.2936
vn -0.1609 0.9117 -0.3781
vn -0.3204 -0.7457 -0.5841
vn -0.2830 -0.8086 -0.5158
vn -0.2878 -0.6777 -0.6767
vn -0.2605 -0.7463 -0.6125
vn -0.4698 -0.0550 -0.8811
vn -0.4581 -0.2388 -0.8562
vn -0.3866 0.0967 -0.9172
vn -0.3900 -0.0677 -0.9183
vn -0.2421 0.8642 -0.4411
vn -0.2832 0.8086 -0.5157
vn -0.1964 0.8648 -0.4621
vn -0.2299 0.8092 -0.5407
vn -0.1998 -0.9097 -0.3641
vn -0.0007 -1.0000 -0.0010
vn -0.0010 -1.0000 -0.0011
vn -0.2298 -0.8093 -0.5406
vn -0.1621 -0.9101 -0.3813
vn -0.2704 -0.8853 -0.3784
vn 0.1901 -0.8343 0.5175
vn -0.3901 -0.2529 -0.8853
vn -0.2470 -0.8888 -0.3862
vn 0.1483 -0.8307 0.5366
vn -0.3204 0.7459 -0.5839
vn -0.3542 0.6767 -0.6455
vn -0.2603 0.7466 -0.6122
vn -0.2878 0.6774 -0.6770
vn 0.1601 -0.9427 0.2927
vn 0.1263 -0.9645 0.2317
vn 0.1314 -0.9420 0.3088
vn 0.3176 -0.6460 0.6941
vn 0.2077 -0.8768 0.4337
vn 0.2654 -0.6335 0.7268
vn -0.3840 0.6023 -0.6999
vn -0.4099 0.5233 -0.7471
vn -0.3121 0.6032 -0.7340
vn -0.3333 0.5243 -0.7836
vn -0.2155 -0.8989 -0.3816
vn 0.1751 -0.8672 0.4662
vn -0.1737 -0.9030 -0.3930
vn -0.4318 0.4412 -0.7867
vn -0.3511 0.4418 -0.8256
vn -0.3655 0.3567 -0.8597
vn -0.1298 -0.9067 -0.4013
vn -0.2532 -0.5247 -0.8128
vn 0.1365 -0.8597 0.4922
vn 0.0934 -0.8543 0.5113
vn -0.0863 -0.9094 -0.4069
vn -0.2665 0.4423 -0.8564
vn -0.2776 0.3570 -0.8919
vn -0.2532 0.5249 -0.8126
vn -0.1794 0.4429 -0.8785
vn -0.1868 0.3574 -0.9151
vn -0.2369 -0.6038 -0.7611
vn -0.2185 -0.6783 -0.7016
vn -0.1703 -0.5253 -0.8337
vn -0.1593 -0.6045 -0.7805
vn -0.2872 0.2471 -0.9254
vn -0.2939 0.0912 -0.9515
vn -0.1935 0.2461 -0.9497
vn -0.0944 0.9482 -0.3033
vn -0.1222 0.9119 -0.3917
vn -0.0679 0.9735 -0.2182
vn -0.0437 0.9760 -0.2132
vn -0.0636 0.9481 -0.3117
vn -0.0821 0.9121 -0.4016
vn -0.1977 -0.7471 -0.6346
vn -0.1745 -0.8098 -0.5602
vn -0.1470 -0.6785 -0.7198
vn -0.1327 -0.7475 -0.6509
vn -0.2961 -0.0742 -0.9523
vn -0.2965 -0.2590 -0.9192
vn -0.1978 0.0872 -0.9763
vn -0.1989 -0.0791 -0.9768
vn -0.1490 0.8651 -0.4789
vn -0.1745 0.8095 -0.5605
vn -0.1002 0.8653 -0.4911
vn -0.1173 0.8099 -0.5747
vn -0.1232 -0.9104 -0.3951
vn -0.0005 -1.0000 -0.0011
vn -0.0006 -1.0000 -0.0010
vn -0.1173 -0.8101 -0.5745
vn -0.0828 -0.9103 -0.4055
vn -0.1869 -0.8953 -0.4044
vn 0.1148 -0.8236 0.5554
vn -0.1995 -0.2638 -0.9437
vn -0.1254 -0.9002 -0.4171
vn 0.0782 -0.8186 0.5690
vn -0.1976 0.7472 -0.6346
vn -0.2185 0.6780 -0.7019
vn -0.1331 0.7475 -0.6508
vn -0.1469 0.6784 -0.7198
vn 0.0987 -0.9429 0.3180
vn 0.0784 -0.9647 0.2512
vn 0.0667 -0.9426 0.3272
vn 0.2033 -0.6239 0.7546
vn 0.1375 -0.6171 0.7748
vn -0.2371 0.6037 -0.7611
vn -0.1594 0.6043 -0.7807
vn -0.1703 0.5254 -0.8337
vn -0.0671 0.7478 -0.6605
vn -0.0738 0.6786 -0.7308
vn -0.0589 0.8103 -0.5831
vn -0.0001 0.7479 -0.6639
vn 0.0002 0.6788 -0.7343
vn 0.0333 -0.9433 0.3303
vn 0.0264 -0.9647 0.2619
vn -0.0002 -1.0000 -0.0013
vn -0.0002 -1.0000 -0.0014
vn -0.0000 -0.9427 0.3338
vn 0.0693 -0.6129 0.7871
vn 0.0475 -0.8511 0.5229
vn 0.0395 -0.8157 0.5772
vn -0.0000 -0.6115 0.7913
vn -0.0802 0.6044 -0.7926
vn -0.0856 0.5257 -0.8463
vn -0.0000 0.6045 -0.7966
vn 0.0000 0.5257 -0.8506
vn -0.0431 -0.9108 -0.4105
vn -0.0856 -0.5254 -0.8465
vn 0.0005 -0.8497 0.5272
vn -0.0000 -0.9115 -0.4113
vn -0.0902 0.4432 -0.8919
vn -0.0939 0.3577 -0.9291
vn 0.0000 0.4432 -0.8964
vn 0.0001 0.3578 -0.9338
vn -0.0800 -0.6046 -0.7925
vn -0.0739 -0.6787 -0.7307
vn -0.0001 -0.5257 -0.8507
vn 0.0000 -0.6046 -0.7965
vn -0.0974 0.2453 -0.9645
vn -0.0993 0.0849 -0.9914
vn 0.0000 0.2450 -0.9695
vn -0.0319 0.9484 -0.3155
vn -0.0413 0.9122 -0.4076
vn -0.0232 0.9736 -0.2271
vn -0.0001 0.9481 -0.3178
vn 0.0001 0.9124 -0.4094
vn -0.0669 -0.7477 -0.6607
vn -0.0590 -0.8105 -0.5828
vn -0.0001 -0.6789 -0.7342
vn -0.0000 -0.7478 -0.6639
vn -0.1001 -0.0816 -0.9916
vn -0.1004 -0.2666 -0.9586
vn 0.0002 0.0841 -0.9965
vn -0.0002 -0.0823 -0.9966
vn -0.0504 0.8655 -0.4984
vn 0.0000 0.8656 -0.5008
vn 0.0000 0.8104 -0.5858
vn -0.0417 -0.9105 -0.4115
vn 0.0001 -0.8103 -0.5860
vn -0.0001 -0.9105 -0.4134
vn -0.0628 -0.9029 -0.4253
vn -0.0000 -0.2673 -0.9636
vn -0.0002 -0.9040 -0.4276
vn -0.0003 -0.8144 0.5803
vn 0.1000 -0.0813 -0.9917
vn 0.1004 -0.2665 -0.9586
vn 0.0996 0.0850 -0.9914
vn 0.1979 0.0873 -0.9763
vn 0.1990 -0.0785 -0.9768
vn 0.0503 0.8654 -0.4985
vn 0.0591 0.8102 -0.5832
vn 0.0414 0.9122 -0.4076
vn 0.1002 0.8653 -0.4911
vn 0.1174 0.8099 -0.5747
vn 0.0416 -0.9106 -0.4112
vn 0.0002 -1.0000 -0.0015
vn -0.0001 -1.0000 -0.0014
vn 0.0590 -0.8104 -0.5830
vn 0.1174 -0.8103 -0.5741
vn 0.0828 -0.9104 -0.4054
vn 0.0630 -0.9030 -0.4249
vn -0.0393 -0.8155 0.5775
vn 0.1994 -0.2635 -0.9438
vn 0.1257 -0.9000 -0.4173
vn -0.0781 -0.8187 0.5689
vn 0.0667 0.7478 -0.6606
vn 0.0740 0.6788 -0.7306
vn 0.1328 0.7476 -0.6507
vn 0.1470 0.6786 -0.7196
vn -0.0334 -0.9432 0.3306
vn -0.0264 -0.9650 0.2610
vn -0.0668 -0.9425 0.3275
vn -0.0472 -0.9724 0.2284
vn -0.0693 -0.6129 0.7871
vn -0.0474 -0.8511 0.5229
vn -0.1377 -0.6168 0.7749
vn 0.0801 0.6045 -0.7926
vn 0.0856 0.5256 -0.8464
vn 0.1594 0.6041 -0.7808
vn 0.1702 0.5254 -0.8337
vn 0.0430 -0.9108 -0.4105
vn 0.0855 -0.5256 -0.8464
vn -0.0934 -0.8544 0.5112
vn 0.0862 -0.9093 -0.4070
vn 0.0902 0.4431 -0.8919
vn 0.0939 0.3577 -0.9291
vn 0.1794 0.4429 -0.8785
vn 0.1868 0.3574 -0.9151
vn 0.0803 -0.6044 -0.7926
vn 0.0739 -0.6788 -0.7306
vn 0.1703 -0.5253 -0.8337
vn 0.1594 -0.6043 -0.7807
vn 0.0973 0.2452 -0.9646
vn 0.1937 0.2458 -0.9498
vn 0.0317 0.9484 -0.3156
vn 0.0229 0.9737 -0.2269
vn 0.0636 0.9482 -0.3113
vn 0.0821 0.9121 -0.4017
vn 0.0669 -0.7476 -0.6607
vn 0.1469 -0.6786 -0.7197
vn 0.1329 -0.7475 -0.6509
vn 0.2370 -0.6038 -0.7611
vn 0.2187 -0.6781 -0.7017
vn 0.2530 -0.5249 -0.8127
vn 0.3333 -0.5242 -0.7837
vn 0.3121 -0.6031 -0.7341
vn 0.2874 0.2470 -0.9254
vn 0.2939 0.0911 -0.9515
vn 0.2776 0.3571 -0.8919
vn 0.3781 0.2485 -0.8918
vn 0.0946 0.9481 -0.3034
vn 0.1219 0.9119 -0.3919
vn 0.0680 0.9735 -0.2182
vn 0.1251 0.9477 -0.2936
vn 0.1608 0.9117 -0.3780
vn 0.1977 -0.7468 -0.6349
vn 0.1745 -0.8097 -0.5602
vn 0.2879 -0.6774 -0.6769
vn 0.2603 -0.7464 -0.6125
vn 0.2960 -0.0740 -0.9523
vn 0.2962 -0.2590 -0.9194
vn 0.3869 0.0966 -0.9170
vn 0.3899 -0.0676 -0.9184
vn 0.1493 0.8651 -0.4788
vn 0.1744 0.8096 -0.5604
vn 0.1966 0.8647 -0.4622
vn 0.2299 0.8093 -0.5406
vn 0.1232 -0.9103 -0.3952
vn 0.0005 -1.0000 -0.0012
vn 0.0002 -1.0000 -0.0014
vn 0.2297 -0.8093 -0.5405
vn 0.1624 -0.9100 -0.3814
vn 0.1867 -0.8954 -0.4041
vn -0.1147 -0.8238 0.5551
vn 0.3902 -0.2528 -0.8853
vn 0.2472 -0.8887 -0.3860
vn -0.1481 -0.8307 0.5367
vn 0.1976 0.7471 -0.6347
vn 0.2185 0.6780 -0.7018
vn 0.2602 0.7467 -0.6122
vn 0.2879 0.6774 -0.6769
vn -0.0985 -0.9431 0.3176
vn -0.0787 -0.9646 0.2516
vn -0.1311 -0.9422 0.3083
vn -0.0927 -0.9721 0.2154
vn -0.2035 -0.6238 0.7547
vn -0.1364 -0.8598 0.4921
vn -0.2656 -0.6336 0.7267
vn 0.2371 0.6037 -0.7612
vn 0.2530 0.5249 -0.8127
vn 0.3121 0.6032 -0.7339
vn 0.3332 0.5242 -0.7837
vn 0.1300 -0.9067 -0.4012
vn -0.1752 -0.8672 0.4661
vn 0.1738 -0.9030 -0.3930
vn 0.2667 0.4424 -0.8562
vn 0.3512 0.4418 -0.8255
vn 0.3655 0.3566 -0.8598
vn 0.2156 -0.8989 -0.3815
vn 0.4096 -0.5234 -0.7471
vn -0.2075 -0.8767 0.4340
vn -0.2371 -0.8855 0.3997
vn 0.2510 -0.8963 -0.3655
vn 0.4316 0.4411 -0.7869
vn 0.4495 0.3560 -0.8193
vn 0.4098 0.5234 -0.7471
vn 0.5078 0.4403 -0.7404
vn 0.5286 0.3552 -0.7709
vn 0.3838 -0.6024 -0.6999
vn 0.3543 -0.6768 -0.6453
vn 0.4821 -0.5226 -0.7032
vn 0.4518 -0.6015 -0.6588
vn 0.4641 0.2510 -0.8495
vn 0.4723 0.1056 -0.8751
vn 0.5444 0.2550 -0.7991
vn 0.1535 0.9477 -0.2798
vn 0.1981 0.9114 -0.3608
vn 0.1101 0.9735 -0.2007
vn 0.1813 0.9473 -0.2643
vn 0.2332 0.9110 -0.3400
vn 0.3204 -0.7459 -0.5839
vn 0.2829 -0.8088 -0.5156
vn 0.4170 -0.6758 -0.6078
vn 0.3772 -0.7450 -0.5501
vn 0.4697 -0.0551 -0.8811
vn 0.4581 -0.2389 -0.8562
vn 0.5478 0.1227 -0.8276
vn 0.5283 -0.0250 -0.8487
vn 0.2421 0.8643 -0.4409
vn 0.2829 0.8087 -0.5157
vn 0.2852 0.8637 -0.4155
vn 0.3332 0.8081 -0.4857
vn 0.1998 -0.9098 -0.3638
vn 0.0008 -1.0000 -0.0014
vn 0.0007 -1.0000 -0.0014
vn 0.3332 -0.8081 -0.4858
vn 0.2351 -0.9097 -0.3424
vn 0.2704 -0.8853 -0.3784
vn -0.1903 -0.8342 0.5176
vn 0.4832 -0.2001 -0.8523
vn 0.2253 -0.8774 -0.4235
vn -0.2462 -0.8374 0.4880
vn 0.3203 0.7459 -0.5839
vn 0.3542 0.6766 -0.6456
vn 0.3774 0.7451 -0.5500
vn 0.4169 0.6758 -0.6078
vn -0.1604 -0.9426 0.2930
vn -0.1263 -0.9646 0.2316
vn -0.1905 -0.9418 0.2771
vn -0.1338 -0.9720 0.1934
vn -0.3176 -0.6460 0.6942
vn -0.3580 -0.6616 0.6589
vn 0.3839 0.6024 -0.6998
vn 0.4519 0.6015 -0.6588
vn 0.4824 0.5225 -0.7031
vn -0.2156 -0.9421 0.2568
vn -0.1702 -0.9643 0.2028
vn 0.0008 -1.0000 -0.0009
vn 0.0011 -1.0000 -0.0010
vn -0.2421 -0.9412 0.2356
vn -0.1703 -0.9716 0.1645
vn -0.4104 -0.6794 0.6083
vn -0.2748 -0.8887 0.3671
vn -0.3071 -0.8534 0.4211
vn -0.3573 -0.8631 0.3568
vn -0.4876 -0.6922 0.5321
vn 0.5152 0.6005 -0.6115
vn 0.5497 0.5216 -0.6525
vn 0.4753 0.6750 -0.5643
vn 0.5733 0.5995 -0.5585
vn 0.6116 0.5206 -0.5957
vn 0.2817 -0.8969 -0.3410
vn 0.5498 -0.5216 -0.6524
vn -0.3189 -0.8892 0.3281
vn 0.3112 -0.8991 -0.3078
vn 0.5787 0.4395 -0.6870
vn 0.6025 0.3545 -0.7151
vn 0.6437 0.4386 -0.6271
vn 0.6699 0.3538 -0.6527
vn 0.5151 -0.6004 -0.6117
vn 0.4754 -0.6749 -0.5643
vn 0.6115 -0.5208 -0.5956
vn 0.5732 -0.5995 -0.5586
vn 0.6196 0.2603 -0.7405
vn 0.6213 0.1474 -0.7696
vn 0.6895 0.2645 -0.6742
vn 0.2064 0.9473 -0.2451
vn 0.2660 0.9108 -0.3157
vn 0.1483 0.9731 -0.1762
vn 0.2306 0.9468 -0.2244
vn 0.2965 0.9103 -0.2887
vn 0.4303 -0.7443 -0.5108
vn 0.3804 -0.8073 -0.4512
vn 0.5293 -0.6740 -0.5154
vn 0.4790 -0.7434 -0.4668
vn 0.5950 0.0242 -0.8033
vn 0.5340 -0.1265 -0.8360
vn 0.6976 0.1681 -0.6965
vn 0.6877 0.0693 -0.7227
vn 0.3254 0.8631 -0.3862
vn 0.3801 0.8074 -0.4512
vn 0.3624 0.8626 -0.3530
vn 0.4233 0.8066 -0.4125
vn 0.2685 -0.9091 -0.3185
vn 0.4234 -0.8067 -0.4122
vn 0.2992 -0.9086 -0.2915
vn 0.2281 -0.8403 -0.4917
vn 0.6566 -0.0517 -0.7525
vn 0.3415 -0.8131 -0.4714
vn 0.4304 0.7443 -0.5107
vn 0.4791 0.7435 -0.4666
vn 0.5292 0.6740 -0.5154
vn 0.3958 0.8621 -0.3165
vn 0.4624 0.8059 -0.3697
vn 0.3241 0.9098 -0.2591
vn 0.4255 0.8616 -0.2770
vn 0.4970 0.8052 -0.3236
vn 0.3268 -0.9083 -0.2612
vn 0.0011 -1.0000 -0.0006
vn 0.0013 -1.0000 -0.0009
vn 0.4623 -0.8061 -0.3695
vn 0.4967 -0.8054 -0.3234
vn 0.3513 -0.9079 -0.2285
vn 0.4429 -0.8104 -0.3836
vn -0.4000 -0.8583 0.3216
vn 0.7701 -0.0168 -0.6377
vn 0.8380 -0.0106 -0.5456
vn 0.4893 -0.8119 -0.3183
vn -0.4346 -0.8550 0.2829
vn 0.5232 0.7425 -0.4183
vn 0.5777 0.6731 -0.4618
vn 0.5621 0.7417 -0.3659
vn 0.6205 0.6722 -0.4039
vn -0.2631 -0.9414 0.2108
vn -0.2073 -0.9640 0.1666
vn -0.2845 -0.9406 0.1852
vn -0.1994 -0.9714 0.1290
vn -0.5560 -0.6959 0.4544
vn -0.3545 -0.8902 0.2862
vn -0.6021 -0.6956 0.3919
vn -0.3815 -0.8904 0.2482
vn 0.6257 0.5986 -0.5002
vn 0.6672 0.5197 -0.5336
vn 0.6720 0.5977 -0.4373
vn 0.7165 0.5188 -0.4664
vn 0.3399 -0.9000 -0.2730
vn 0.6673 -0.5196 -0.5336
vn 0.3650 -0.9001 -0.2378
vn 0.7023 0.4376 -0.5616
vn 0.7308 0.3529 -0.5843
vn 0.7540 0.4368 -0.4907
vn 0.7844 0.3521 -0.5106
vn 0.6257 -0.5985 -0.5003
vn 0.5779 -0.6731 -0.4615
vn 0.7164 -0.5188 -0.4665
vn 0.6718 -0.5977 -0.4375
vn 0.7527 0.2660 -0.6022
vn 0.7672 0.1766 -0.6167
vn 0.8079 0.2658 -0.5260
vn 0.8247 0.1778 -0.5369
vn 0.2509 0.9469 -0.2010
vn 0.1808 0.9728 -0.1449
vn 0.2707 0.9465 -0.1759
vn 0.3486 0.9094 -0.2268
vn 0.5232 -0.7425 -0.4183
vn 0.6205 -0.6722 -0.4039
vn 0.5622 -0.7416 -0.3660
vn 0.7727 0.0894 -0.6284
vn 0.8345 0.0924 -0.5433
vn 0.8552 0.2652 -0.4454
vn 0.8729 0.1775 -0.4545
vn 0.8304 0.3514 -0.4324
vn 0.8943 0.2647 -0.3609
vn 0.9127 0.1771 -0.3683
vn 0.2864 0.9464 -0.1491
vn 0.3694 0.9092 -0.1922
vn 0.2059 0.9727 -0.1073
vn 0.3007 0.9460 -0.1213
vn 0.3867 0.9089 -0.1560
vn 0.5957 -0.7409 -0.3102
vn 0.5267 -0.8046 -0.2742
vn 0.6574 -0.6715 -0.3421
vn 0.6878 -0.6708 -0.2774
vn 0.6234 -0.7403 -0.2518
vn 0.8832 0.0921 -0.4599
vn 0.8869 -0.0105 -0.4618
vn 0.9234 0.0919 -0.3727
vn 0.9273 -0.0105 -0.3742
vn 0.4509 0.8611 -0.2348
vn 0.5267 0.8046 -0.2742
vn 0.4722 0.8606 -0.1905
vn 0.5514 0.8040 -0.2225
vn 0.3724 -0.9076 -0.1937
vn 0.0012 -1.0000 -0.0006
vn 0.0011 -1.0000 -0.0005
vn 0.5514 -0.8042 -0.2221
vn 0.3898 -0.9073 -0.1575
vn 0.5176 -0.8122 -0.2692
vn -0.4607 -0.8545 0.2399
vn 0.5410 -0.8123 -0.2181
vn -0.4822 -0.8541 0.1947
vn 0.5956 0.7410 -0.3101
vn 0.6573 0.6714 -0.3423
vn 0.6234 0.7404 -0.2515
vn 0.6879 0.6706 -0.2776
vn -0.2997 -0.9411 0.1566
vn -0.2361 -0.9638 0.1238
vn -0.3160 -0.9402 0.1270
vn -0.2215 -0.9711 0.0887
vn -0.6380 -0.6947 0.3321
vn -0.4041 -0.8902 0.2103
vn -0.6677 -0.6940 0.2693
vn -0.4231 -0.8899 0.1706
vn 0.7117 0.5968 -0.3705
vn 0.7587 0.5179 -0.3951
vn 0.7447 0.5960 -0.3004
vn 0.7936 0.5173 -0.3202
vn 0.3867 -0.8999 -0.2017
vn 0.7585 -0.5181 -0.3952
vn 0.4046 -0.8998 -0.1635
vn 0.7983 0.4360 -0.4156
vn 0.8348 0.4354 -0.3369
vn 0.8684 0.3510 -0.3504
vn 0.7117 -0.5968 -0.3706
vn 0.7937 -0.5172 -0.3203
vn 0.7447 -0.5960 -0.3005
vn 0.4184 -0.8997 -0.1245
vn 0.8211 -0.5167 -0.2427
vn -0.4443 -0.8878 0.1203
vn -0.4600 -0.8855 0.0660
vn 0.4270 -0.9003 -0.0842
vn 0.8636 0.4347 -0.2553
vn 0.8982 0.3505 -0.2655
vn 0.8211 0.5167 -0.2426
vn 0.8844 0.4342 -0.1714
vn 0.9196 0.3501 -0.1782
vn 0.7705 -0.5954 -0.2277
vn 0.7118 -0.6701 -0.2103
vn 0.8407 -0.5165 -0.1629
vn 0.7891 -0.5949 -0.1529
vn 0.9257 0.2628 -0.2719
vn 0.9478 0.1704 -0.2694
vn 0.9489 0.2588 -0.1807
vn 0.3107 0.9461 -0.0918
vn 0.4005 0.9086 -0.1184
vn 0.2234 0.9725 -0.0662
vn 0.3194 0.9456 -0.0618
vn 0.4103 0.9084 -0.0797
vn 0.6452 -0.7398 -0.1907
vn 0.5707 -0.8037 -0.1686
vn 0.7292 -0.6696 -0.1412
vn 0.6608 -0.7395 -0.1283
vn 0.9628 0.0816 -0.2576
vn 0.9693 -0.0183 -0.2450
vn 0.9735 0.1567 -0.1668
vn 0.9890 0.0618 -0.1347
vn 0.4890 0.8603 -0.1444
vn 0.5708 0.8036 -0.1686
vn 0.5010 0.8600 -0.0970
vn 0.5848 0.8032 -0.1132
vn 0.4036 -0.9071 -0.1197
vn 0.0010 -1.0000 -0.0000
vn 0.0010 -1.0000 -0.0003
vn 0.5845 -0.8034 -0.1134
vn 0.4138 -0.9069 -0.0800
vn 0.5834 -0.8014 -0.1319
vn -0.4884 -0.8623 0.1337
vn 0.9940 -0.0287 -0.1052
vn 0.6289 -0.7770 -0.0285
vn -0.4613 -0.8840 0.0764
vn 0.6451 0.7399 -0.1906
vn 0.7119 0.6699 -0.2105
vn 0.6608 0.7395 -0.1280
vn 0.7291 0.6696 -0.1413
vn -0.3252 -0.9407 0.0962
vn -0.2564 -0.9636 0.0754
vn -0.3349 -0.9400 0.0649
vn -0.2351 -0.9709 0.0452
vn -0.6986 -0.6917 0.1833
vn -0.7203 -0.6875 0.0919
vn 0.7705 0.5954 -0.2277
vn 0.7890 0.5950 -0.1529
vn 0.8408 0.5163 -0.1629
vn -0.3383 -0.9405 0.0322
vn -0.2667 -0.9634 0.0262
vn 0.0009 -1.0000 -0.0001
vn 0.0008 -1.0000 0.0002
vn -0.3420 -0.9397 -0.0000
vn -0.2395 -0.9709 -0.0000
vn -0.7229 -0.6900 0.0373
vn -0.4628 -0.8860 0.0286
vn -0.3837 -0.9223 0.0456
vn -0.2641 -0.9643 0.0213
vn -0.7070 -0.7072 -0.0008
vn 0.8003 0.5946 -0.0769
vn 0.8527 0.5159 -0.0819
vn 0.7395 0.6694 -0.0709
vn 0.8041 0.5944 0.0000
vn 0.8568 0.5157 0.0000
vn 0.4329 -0.9005 -0.0419
vn 0.8526 -0.5161 -0.0816
vn -0.4557 -0.8902 0.0015
vn 0.4366 -0.8997 0.0014
vn 0.8968 0.4340 -0.0861
vn 0.9325 0.3499 -0.0895
vn 0.9009 0.4340 0.0000
vn 0.9368 0.3499 -0.0000
vn 0.8003 -0.5947 -0.0766
vn 0.7397 -0.6692 -0.0709
vn 0.8567 -0.5158 -0.0000
vn 0.8041 -0.5945 0.0000
vn 0.9611 0.2598 -0.0937
vn 0.9841 0.1569 -0.0829
vn 0.9619 0.2731 -0.0083
vn 0.3231 0.9459 -0.0310
vn 0.4162 0.9084 -0.0400
vn 0.2322 0.9724 -0.0223
vn 0.3252 0.9457 -0.0000
vn 0.4183 0.9083 -0.0000
vn 0.6704 -0.7392 -0.0644
vn 0.5930 -0.8032 -0.0568
vn 0.7431 -0.6692 0.0000
vn 0.6736 -0.7391 -0.0000
vn 0.9965 0.0632 -0.0553
vn 0.9992 -0.0240 -0.0333
vn 0.9800 0.1987 -0.0096
vn 0.9892 0.1464 0.0006
vn 0.5084 0.8598 -0.0488
vn 0.5932 0.8030 -0.0569
vn 0.5108 0.8597 -0.0000
vn 0.5960 0.8030 0.0000
vn 0.4197 -0.9068 -0.0400
vn 0.5957 -0.8032 -0.0001
vn 0.4217 -0.9067 0.0000
vn 0.7211 -0.6927 0.0139
vn 0.9994 0.0329 0.0107
vn 0.7992 -0.6001 0.0337
vn 0.6703 0.7393 -0.0643
vn 0.6736 0.7391 0.0000
vn 0.7430 0.6693 0.0000
vn 0.5084 0.8598 0.0488
vn 0.5933 0.8030 0.0569
vn 0.4163 0.9083 0.0400
vn 0.4104 0.9084 0.0797
vn 0.5011 0.8599 0.0970
vn 0.4194 -0.9069 0.0400
vn 0.0009 -1.0000 0.0000
vn 0.5930 -0.8032 0.0568
vn 0.4136 -0.9069 0.0799
vn 0.0010 -1.0000 0.0001
vn 0.8328 -0.5453 0.0953
vn -0.1581 -0.9873 -0.0156
vn 0.9765 0.1935 0.0946
vn 0.9290 0.3201 0.1858
vn 0.8286 -0.5314 0.1760
vn -0.1278 -0.9911 -0.0362
vn 0.6703 0.7393 0.0643
vn 0.7395 0.6694 0.0709
vn 0.5849 0.8032 0.1132
vn 0.6608 0.7395 0.1280
vn -0.3383 -0.9405 -0.0322
vn -0.2664 -0.9635 -0.0262
vn -0.3349 -0.9400 -0.0649
vn -0.2351 -0.9709 -0.0450
vn -0.6682 -0.7419 -0.0561
vn -0.4335 -0.9006 -0.0324
vn -0.6168 -0.7781 -0.1187
vn 0.8003 0.5946 0.0769
vn 0.8527 0.5159 0.0819
vn 0.7292 0.6696 0.1413
vn 0.7891 0.5950 0.1529
vn 0.4386 -0.8976 0.0439
vn 0.8526 -0.5161 0.0817
vn -0.3987 -0.9143 -0.0714
vn 0.4365 -0.8956 0.0862
vn 0.8407 -0.5165 0.1629
vn 0.8968 0.4339 0.0861
vn 0.9325 0.3499 0.0895
vn 0.8408 0.5162 0.1629
vn 0.8844 0.4342 0.1714
vn 0.8003 -0.5947 0.0767
vn 0.7397 -0.6692 0.0709
vn 0.7891 -0.5949 0.1529
vn 0.7291 -0.6696 0.1413
vn 0.9504 0.3003 0.0816
vn 0.9476 0.3111 0.0727
vn 0.9196 0.3502 0.1782
vn 0.9284 0.3295 0.1718
vn 0.3230 0.9459 0.0310
vn 0.2320 0.9725 0.0223
vn 0.3191 0.9457 0.0618
vn 0.6706 -0.7390 0.0644
vn 0.6609 -0.7394 0.1283
vn 0.5847 -0.8033 0.1135
vn 0.9386 0.3365 0.0758
vn 0.8253 0.5427 0.1562
vn 0.8986 0.3552 0.2577
vn 0.8003 0.5535 0.2305
vn 0.8735 0.4593 0.1615
vn 0.8982 0.3505 0.2654
vn 0.8684 0.3509 0.3505
vn 0.8608 0.3790 0.3397
vn 0.3106 0.9461 0.0918
vn 0.4005 0.9086 0.1183
vn 0.2236 0.9724 0.0662
vn 0.3006 0.9460 0.1213
vn 0.6454 -0.7397 0.1908
vn 0.5707 -0.8037 0.1686
vn 0.7118 -0.6702 0.2102
vn 0.6234 -0.7402 0.2518
vn 0.5513 -0.8042 0.2222
vn 0.7136 0.6692 0.2073
vn 0.8710 0.4161 0.2612
vn 0.7262 0.6240 0.2887
vn 0.6096 0.7546 0.2428
vn 0.4890 0.8603 0.1444
vn 0.5707 0.8037 0.1686
vn 0.3868 0.9089 0.1560
vn 0.4724 0.8606 0.1906
vn 0.4037 -0.9070 0.1197
vn 0.0011 -1.0000 -0.0000
vn 0.3898 -0.9073 0.1576
vn 0.0010 -1.0000 0.0004
vn 0.8167 -0.5169 0.2567
vn -0.1180 -0.9920 -0.0451
vn 0.8067 0.4918 0.3276
vn 0.7967 -0.5017 0.3369
vn -0.1082 -0.9927 -0.0529
vn 0.6452 0.7399 0.1906
vn 0.7119 0.6700 0.2105
vn 0.5513 0.8041 0.2225
vn 0.6234 0.7403 0.2516
vn -0.3253 -0.9407 -0.0962
vn -0.2566 -0.9636 -0.0756
vn -0.3159 -0.9402 -0.1272
vn -0.2219 -0.9710 -0.0888
vn -0.5695 -0.8048 -0.1675
vn -0.3670 -0.9245 -0.1030
vn -0.5224 -0.8264 -0.2100
vn 0.7705 0.5954 0.2276
vn 0.8210 0.5167 0.2427
vn 0.6878 0.6707 0.2776
vn 0.7447 0.5959 0.3004
vn 0.4298 -0.8937 0.1286
vn 0.8210 -0.5168 0.2428
vn -0.3354 -0.9330 -0.1303
vn 0.4180 -0.8924 0.1700
vn 0.7937 -0.5171 0.3204
vn 0.8636 0.4348 0.2552
vn 0.7936 0.5172 0.3203
vn 0.8348 0.4354 0.3369
vn 0.7704 -0.5955 0.2277
vn 0.7447 -0.5960 0.3003
vn 0.6877 -0.6709 0.2773
vn 0.4016 -0.8913 0.2105
vn 0.7585 -0.5181 0.3952
vn -0.3042 -0.9401 -0.1537
vn -0.2739 -0.9459 -0.1738
vn 0.3810 -0.8904 0.2492
vn 0.7164 -0.5188 0.4665
vn 0.7982 0.4360 0.4157
vn 0.8303 0.3515 0.4325
vn 0.7587 0.5180 0.3951
vn 0.7165 0.5188 0.4664
vn 0.7539 0.4367 0.4908
vn 0.7118 -0.5967 0.3706
vn 0.6573 -0.6715 0.3421
vn 0.6719 -0.5976 0.4375
vn 0.6203 -0.6723 0.4041
vn 0.8155 0.4011 0.4172
vn 0.6539 0.6773 0.3373
vn 0.7843 0.3522 0.5107
vn 0.7634 0.4212 0.4898
vn 0.2862 0.9465 0.1491
vn 0.3694 0.9092 0.1922
vn 0.2058 0.9727 0.1073
vn 0.2708 0.9464 0.1759
vn 0.5957 -0.7409 0.3102
vn 0.5267 -0.8046 0.2742
vn 0.5621 -0.7417 0.3660
vn 0.4970 -0.8052 0.3235
vn 0.5190 0.8118 0.2676
vn 0.7398 0.5513 0.3857
vn 0.5845 0.7178 0.3784
vn 0.4411 0.8511 0.2847
vn 0.4513 0.8610 0.2348
vn 0.5266 0.8046 0.2743
vn 0.3483 0.9096 0.2267
vn 0.4258 0.8614 0.2769
vn 0.3725 -0.9076 0.1939
vn 0.0011 -1.0000 0.0004
vn 0.3514 -0.9079 0.2287
vn 0.0010 -1.0000 0.0005
vn 0.7684 -0.4869 0.4154
vn -0.0984 -0.9934 -0.0596
vn 0.6714 0.5988 0.4367
vn 0.7316 -0.4721 0.4918
vn -0.0886 -0.9939 -0.0654
vn 0.5957 0.7410 0.3101
vn 0.6572 0.6715 0.3423
vn 0.4969 0.8052 0.3235
vn 0.5621 0.7417 0.3659
vn -0.2996 -0.9411 -0.1566
vn -0.2365 -0.9637 -0.1236
vn -0.2845 -0.9406 -0.1851
vn -0.1996 -0.9714 -0.1288
vn -0.4751 -0.8446 -0.2467
vn -0.4284 -0.8597 -0.2782
vn 0.7118 0.5967 0.3705
vn 0.6204 0.6722 0.4039
vn 0.6720 0.5977 0.4373
vn -0.2629 -0.9415 -0.2109
vn -0.2076 -0.9639 -0.1667
vn 0.0009 -1.0000 0.0004
vn 0.0011 -1.0000 0.0009
vn -0.2420 -0.9413 -0.2354
vn -0.1703 -0.9715 -0.1647
vn -0.3824 -0.8721 -0.3052
vn -0.2440 -0.9508 -0.1910
vn -0.0791 -0.9944 -0.0704
vn -0.0697 -0.9948 -0.0746
vn -0.3372 -0.8824 -0.3280
vn 0.6256 0.5986 0.5003
vn 0.6673 0.5196 0.5336
vn 0.5776 0.6731 0.4618
vn 0.5291 0.6740 0.5155
vn 0.5733 0.5995 0.5585
vn 0.3563 -0.8895 0.2861
vn 0.6672 -0.5197 0.5336
vn -0.2150 -0.9547 -0.2055
vn 0.3277 -0.8888 0.3203
vn 0.6116 -0.5207 0.5957
vn 0.7023 0.4375 0.5615
vn 0.7308 0.3528 0.5843
vn 0.6115 0.5207 0.5957
vn 0.6438 0.4386 0.6271
vn 0.6258 -0.5985 0.5002
vn 0.5778 -0.6731 0.4616
vn 0.5733 -0.5994 0.5586
vn 0.5293 -0.6740 0.5154
vn 0.7052 0.4388 0.5569
vn 0.5181 0.7491 0.4128
vn 0.6700 0.3539 0.6526
vn 0.6414 0.4547 0.6180
vn 0.2513 0.9468 0.2010
vn 0.3237 0.9100 0.2591
vn 0.1804 0.9729 0.1448
vn 0.2306 0.9468 0.2243
vn 0.5232 -0.7425 0.4183
vn 0.4623 -0.8061 0.3695
vn 0.4791 -0.7434 0.4667
vn 0.4233 -0.8068 0.4122
vn 0.3742 0.8785 0.2971
vn 0.6024 0.6375 0.4804
vn 0.4543 0.7736 0.4418
vn 0.3161 0.8980 0.3060
vn 0.3960 0.8620 0.3164
vn 0.4623 0.8060 0.3697
vn 0.2964 0.9104 0.2887
vn 0.3625 0.8625 0.3530
vn 0.3268 -0.9083 0.2612
vn 0.2992 -0.9086 0.2914
vn 0.6867 -0.4582 0.5643
vn 0.5337 0.6686 0.5178
vn 0.6336 -0.4452 0.6327
vn 0.5232 0.7425 0.4183
vn 0.4234 0.8066 0.4124
vn 0.4791 0.7435 0.4666
vn 0.2685 -0.9091 0.3184
vn 0.0011 -1.0000 0.0010
vn 0.3804 -0.8073 0.4512
vn 0.2349 -0.9096 0.3426
vn 0.0010 -1.0000 0.0010
vn 0.5728 -0.4337 0.6955
vn -0.0605 -0.9951 -0.0781
vn 0.4651 0.6939 0.5497
vn 0.3971 0.7143 0.5762
vn 0.5051 -0.4233 0.7521
vn -0.0515 -0.9954 -0.0810
vn 0.4302 0.7443 0.5108
vn 0.4754 0.6750 0.5643
vn 0.3802 0.8074 0.4511
vn 0.3333 0.8080 0.4858
vn 0.3773 0.7450 0.5500
vn -0.2156 -0.9421 -0.2567
vn -0.1700 -0.9644 -0.2027
vn -0.1905 -0.9417 -0.2773
vn -0.1339 -0.9719 -0.1935
vn -0.2930 -0.8908 -0.3473
vn -0.1865 -0.9581 -0.2176
vn -0.2495 -0.8976 -0.3633
vn 0.5152 0.6005 0.6115
vn 0.5497 0.5215 0.6525
vn 0.4168 0.6759 0.6078
vn 0.4520 0.6016 0.6587
vn 0.2954 -0.8883 0.3517
vn 0.5496 -0.5216 0.6526
vn -0.1588 -0.9607 -0.2278
vn 0.2595 -0.8881 0.3794
vn 0.4821 -0.5226 0.7032
vn 0.5789 0.4394 0.6869
vn 0.6026 0.3545 0.7150
vn 0.4823 0.5225 0.7031
vn 0.5078 0.4403 0.7405
vn 0.5152 -0.6005 0.6115
vn 0.4755 -0.6749 0.5643
vn 0.4520 -0.6014 0.6588
vn 0.4170 -0.6758 0.6078
vn 0.5724 0.4684 0.6730
vn 0.3929 0.7928 0.4660
vn 0.5288 0.3552 0.7709
vn 0.4990 0.4802 0.7214
vn 0.2062 0.9473 0.2450
vn 0.2662 0.9108 0.3157
vn 0.1483 0.9731 0.1760
vn 0.1812 0.9473 0.2641
vn 0.4303 -0.7443 0.5108
vn 0.3773 -0.7450 0.5501
vn 0.3334 -0.8080 0.4858
vn 0.2648 0.9122 0.3127
vn 0.3333 0.8080 0.4859
vn 0.2189 0.9226 0.3176
vn 0.3253 0.8632 0.3862
vn 0.2333 0.9111 0.3399
vn 0.2850 0.8637 0.4157
vn 0.1533 0.9478 0.2797
vn 0.1979 0.9115 0.3607
vn 0.1100 0.9735 0.2007
vn 0.1248 0.9477 0.2937
vn 0.3203 -0.7459 0.5840
vn 0.2829 -0.8088 0.5156
vn 0.3543 -0.6769 0.6452
vn 0.2603 -0.7463 0.6126
vn 0.2297 -0.8094 0.5405
vn 0.1771 0.9302 0.3213
vn 0.3298 0.7306 0.5979
vn 0.2754 0.8197 0.5022
vn 0.2188 0.8288 0.5149
vn 0.1384 0.9359 0.3241
vn 0.2421 0.8642 0.4411
vn 0.2830 0.8086 0.5158
vn 0.1607 0.9117 0.3781
vn 0.1967 0.8647 0.4622
vn 0.2078 -0.9082 0.3633
vn 0.0593 -0.9982 -0.0097
vn 0.1964 -0.9009 0.3871
vn 0.2338 -0.9723 0.0067
vn 0.4311 -0.4146 0.8014
vn -0.0427 -0.9956 -0.0836
vn 0.2629 0.7433 0.6151
vn 0.3517 -0.4073 0.8429
vn -0.0340 -0.9958 -0.0853
vn 0.3204 0.7459 0.5840
vn 0.3542 0.6766 0.6455
vn 0.2300 0.8092 0.5406
vn 0.2604 0.7466 0.6122
vn 0.0053 -0.9373 -0.3485
vn 0.1389 -0.9311 -0.3373
vn 0.4343 -0.8184 -0.3762
vn 0.6675 -0.6095 -0.4277
vn -0.2066 -0.9031 -0.3764
vn -0.1315 -0.9628 -0.2362
vn -0.1646 -0.9074 -0.3868
vn 0.3841 0.6024 0.6997
vn 0.4098 0.5233 0.7471
vn 0.2879 0.6774 0.6769
vn 0.3121 0.6032 0.7340
vn 0.2209 -0.8877 0.4039
vn 0.4098 -0.5234 0.7471
vn -0.1048 -0.9644 -0.2429
vn 0.1800 -0.8875 0.4241
vn 0.3333 -0.5242 0.7837
vn 0.4316 0.4411 0.7869
vn 0.4496 0.3559 0.8193
vn 0.3332 0.5242 0.7837
vn 0.3510 0.4418 0.8256
vn 0.3841 -0.6022 0.6999
vn 0.3122 -0.6029 0.7342
vn 0.2880 -0.6775 0.6768
vn 0.4218 0.4901 0.7628
vn 0.3656 0.3566 0.8597
vn 0.3415 0.4981 0.7970
vn 0.2665 0.4424 0.8563
vn 0.2776 0.3571 0.8919
vn 0.2531 0.5249 0.8127
vn 0.1703 0.5253 0.8337
vn 0.1793 0.4429 0.8785
vn 0.2370 -0.6038 0.7611
vn 0.2186 -0.6781 0.7017
vn 0.2530 -0.5248 0.8127
vn 0.1593 -0.6042 0.7807
vn 0.1470 -0.6786 0.7197
vn 0.2585 0.5043 0.8240
vn 0.1632 0.8356 0.5246
vn 0.1869 0.3574 0.9151
vn 0.1735 0.5086 0.8434
vn 0.0946 0.9481 0.3035
vn 0.1219 0.9119 0.3920
vn 0.0678 0.9735 0.2182
vn 0.0638 0.9482 0.3113
vn 0.1978 -0.7468 0.6349
vn 0.1744 -0.8097 0.5603
vn 0.1328 -0.7474 0.6509
vn 0.1173 -0.8102 0.5743
vn 0.1019 0.9399 0.3260
vn 0.1967 0.7528 0.6282
vn 0.1083 0.8402 0.5313
vn 0.0671 0.9425 0.3274
vn 0.1492 0.8651 0.4789
vn 0.1745 0.8097 0.5603
vn 0.0819 0.9121 0.4018
vn 0.1003 0.8653 0.4911
vn 0.1772 -0.8869 0.4265
vn 0.3563 -0.9265 0.1207
vn 0.1242 -0.8735 0.4706
vn 0.2677 -0.4018 0.8757
vn -0.0253 -0.9959 -0.0868
vn 0.1309 0.7593 0.6374
vn 0.1804 -0.3976 0.8997
vn -0.0168 -0.9960 -0.0878
vn 0.1976 0.7471 0.6347
vn 0.2185 0.6780 0.7018
vn 0.1175 0.8100 0.5746
vn 0.1328 0.7476 0.6507
vn 0.6698 -0.7112 -0.2136
vn 0.8338 -0.4364 -0.3382
vn 0.2689 -0.9194 0.2871
vn 0.5568 -0.8304 0.0229
vn 0.7523 -0.6091 -0.2510
vn -0.1230 -0.9105 -0.3947
vn -0.0782 -0.9657 -0.2476
vn -0.0819 -0.9127 -0.4003
vn 0.2371 0.6037 0.7612
vn 0.1469 0.6785 0.7198
vn 0.1595 0.6041 0.7808
vn 0.1367 -0.8874 0.4403
vn -0.0520 -0.9665 -0.2512
vn 0.0921 -0.8873 0.4519
vn 0.1701 -0.5251 0.8339
vn -0.0409 -0.9141 -0.4035
vn -0.0260 -0.9670 -0.2533
vn -0.0084 -0.9960 -0.0885
vn 0.0001 -0.9961 -0.0886
vn 0.0000 -0.9146 -0.4044
vn 0.0802 0.6045 0.7926
vn 0.0855 0.5255 0.8465
vn 0.0738 0.6788 0.7306
vn -0.0001 0.6789 0.7343
vn -0.0000 0.6045 0.7966
vn 0.0463 -0.8873 0.4589
vn 0.0855 -0.5256 0.8464
vn -0.0000 -0.9672 -0.2541
vn 0.0000 -0.8873 0.4613
vn 0.0001 -0.5256 0.8507
vn 0.0901 0.4431 0.8919
vn 0.0941 0.3578 0.9290
vn 0.0000 0.5257 0.8507
vn -0.0000 0.4433 0.8964
vn 0.0800 -0.6043 0.7927
vn 0.0741 -0.6789 0.7305
vn 0.0000 -0.6045 0.7966
vn -0.0001 -0.6789 0.7342
vn 0.0871 0.5112 0.8550
vn 0.0540 0.8429 0.5353
vn -0.0000 0.3579 0.9338
vn -0.0000 0.5121 0.8590
vn 0.0319 0.9484 0.3156
vn 0.0413 0.9122 0.4076
vn 0.0228 0.9736 0.2269
vn -0.0001 0.9761 0.2172
vn 0.0001 0.9482 0.3177
vn 0.0667 -0.7476 0.6608
vn 0.0590 -0.8103 0.5830
vn -0.0001 -0.7479 0.6638
vn 0.0001 -0.8103 0.5861
vn 0.0333 0.9440 0.3281
vn 0.0654 0.7632 0.6428
vn -0.0000 0.8438 0.5367
vn 0.0000 0.9445 0.3284
vn 0.0503 0.8654 0.4985
vn 0.0591 0.8102 0.5831
vn -0.0000 0.9124 0.4094
vn -0.0001 0.8656 0.5008
vn 0.0568 -0.8668 0.4953
vn 0.0926 -0.9167 0.3887
vn 0.0001 -0.8654 0.5010
vn 0.0000 -0.9122 0.4097
vn 0.0908 -0.3952 0.9141
vn -0.0000 0.7645 0.6446
vn -0.0000 -0.3944 0.9190
vn 0.0668 0.7478 0.6606
vn 0.0001 0.8104 0.5859
vn 0.0001 0.7478 0.6639
vn 0.1890 -0.9627 0.1938
vn 0.2484 -0.9590 -0.1365
vn 0.0001 -0.9706 0.2405
vn -0.0567 -0.8669 0.4952
vn -0.0928 -0.9167 0.3886
vn -0.0590 -0.8104 0.5829
vn -0.1240 -0.8736 0.4705
vn -0.0909 -0.3953 0.9141
vn 0.0084 -0.9960 -0.0884
vn -0.0654 0.7633 0.6427
vn -0.1309 0.7594 0.6374
vn -0.1805 -0.3976 0.8996
vn 0.0169 -0.9960 -0.0878
vn -0.0667 0.7478 0.6606
vn -0.0739 0.6786 0.7307
vn -0.0589 0.8102 0.5832
vn -0.1172 0.8099 0.5747
vn -0.1330 0.7475 0.6508
vn -0.1894 -0.9626 0.1936
vn -0.2472 -0.9593 -0.1365
vn -0.2684 -0.9195 0.2872
vn -0.5570 -0.8302 0.0231
vn -0.7514 -0.6105 -0.2504
vn 0.0408 -0.9141 -0.4034
vn 0.0259 -0.9670 -0.2534
vn 0.0817 -0.9128 -0.4001
vn -0.0802 0.6045 0.7926
vn -0.0855 0.5256 0.8464
vn -0.1469 0.6784 0.7198
vn -0.1595 0.6043 0.7806
vn -0.0463 -0.8873 0.4589
vn -0.0855 -0.5254 0.8465
vn 0.0520 -0.9665 -0.2512
vn -0.0922 -0.8873 0.4518
vn -0.1703 -0.5253 0.8337
vn -0.0903 0.4432 0.8919
vn -0.0939 0.3577 0.9291
vn -0.1702 0.5253 0.8337
vn -0.1794 0.4429 0.8785
vn -0.0800 -0.6045 0.7926
vn -0.0740 -0.6786 0.7307
vn -0.1593 -0.6043 0.7807
vn -0.1470 -0.6785 0.7198
vn -0.0870 0.5112 0.8551
vn -0.0541 0.8429 0.5354
vn -0.1868 0.3574 0.9151
vn -0.1735 0.5085 0.8434
vn -0.0317 0.9484 0.3155
vn -0.0414 0.9123 0.4075
vn -0.0231 0.9736 0.2270
vn -0.0438 0.9760 0.2131
vn -0.0636 0.9480 0.3117
vn -0.0668 -0.7478 0.6606
vn -0.1331 -0.7474 0.6509
vn -0.1173 -0.8101 0.5744
vn -0.0333 0.9440 0.3282
vn -0.1083 0.8403 0.5312
vn -0.0671 0.9425 0.3274
vn -0.0504 0.8655 0.4984
vn -0.0820 0.9122 0.4015
vn -0.1004 0.8653 0.4911
vn -0.0943 0.9482 0.3032
vn -0.1220 0.9120 0.3917
vn -0.0679 0.9735 0.2182
vn -0.0853 0.9759 0.2006
vn -0.1250 0.9477 0.2935
vn -0.1979 -0.7471 0.6346
vn -0.1742 -0.8100 0.5600
vn -0.2184 -0.6782 0.7017
vn -0.2605 -0.7464 0.6124
vn -0.2298 -0.8095 0.5403
vn -0.1019 0.9398 0.3261
vn -0.1967 0.7527 0.6283
vn -0.1632 0.8356 0.5245
vn -0.2188 0.8288 0.5150
vn -0.1384 0.9358 0.3242
vn -0.1492 0.8651 0.4789
vn -0.1745 0.8096 0.5605
vn -0.1608 0.9117 0.3781
vn -0.1966 0.8648 0.4621
vn -0.1773 -0.8867 0.4270
vn -0.3557 -0.9268 0.1209
vn -0.1962 -0.9008 0.3874
vn -0.2678 -0.4016 0.8758
vn 0.0254 -0.9959 -0.0869
vn -0.2629 0.7433 0.6152
vn -0.3517 -0.4072 0.8429
vn 0.0339 -0.9958 -0.0854
vn -0.1977 0.7471 0.6347
vn -0.2185 0.6779 0.7019
vn -0.2299 0.8092 0.5407
vn -0.2605 0.7465 0.6123
vn -0.6705 -0.7105 -0.2136
vn -0.8340 -0.4360 -0.3380
vn -0.4344 -0.8184 -0.3761
vn -0.6676 -0.6094 -0.4278
vn 0.1230 -0.9106 -0.3946
vn 0.0782 -0.9656 -0.2479
vn 0.1647 -0.9074 -0.3868
vn -0.2370 0.6039 0.7610
vn -0.2530 0.5249 0.8127
vn -0.2879 0.6774 0.6769
vn -0.3121 0.6032 0.7340
vn -0.1367 -0.8874 0.4402
vn -0.2530 -0.5248 0.8127
vn 0.1047 -0.9644 -0.2429
vn -0.1799 -0.8875 0.4242
vn -0.3332 -0.5241 0.7837
vn -0.2667 0.4423 0.8563
vn -0.2777 0.3570 0.8919
vn -0.3332 0.5241 0.7838
vn -0.3511 0.4418 0.8256
vn -0.2372 -0.6035 0.7613
vn -0.3121 -0.6029 0.7343
vn -0.2876 -0.6776 0.6769
vn -0.2584 0.5043 0.8240
vn -0.3656 0.3568 0.8597
vn -0.3415 0.4981 0.7970
vn -0.4317 0.4412 0.7867
vn -0.4495 0.3559 0.8193
vn -0.4098 0.5233 0.7471
vn -0.4822 0.5227 0.7031
vn -0.5078 0.4404 0.7404
vn -0.3839 -0.6021 0.7000
vn -0.3543 -0.6768 0.6453
vn -0.4099 -0.5234 0.7470
vn -0.4518 -0.6015 0.6588
vn -0.4171 -0.6761 0.6075
vn -0.4219 0.4900 0.7628
vn -0.2754 0.8198 0.5021
vn -0.5287 0.3552 0.7710
vn -0.4991 0.4804 0.7212
vn -0.1532 0.9479 0.2794
vn -0.1981 0.9114 0.3608
vn -0.1101 0.9734 0.2010
vn -0.1240 0.9757 0.1805
vn -0.1811 0.9474 0.2640
vn -0.3204 -0.7458 0.5841
vn -0.2829 -0.8087 0.5157
vn -0.3772 -0.7453 0.5498
vn -0.3331 -0.8082 0.4856
vn -0.1770 0.9303 0.3213
vn -0.3298 0.7306 0.5979
vn -0.3332 0.8081 0.4857
vn -0.2188 0.9226 0.3176
vn -0.2420 0.8643 0.4410
vn -0.2830 0.8086 0.5158
vn -0.2332 0.9110 0.3400
vn -0.2852 0.8637 0.4156
vn -0.2079 -0.9080 0.3636
vn -0.0591 -0.9982 -0.0103
vn -0.2355 -0.9092 0.3433
vn -0.0008 -1.0000 0.0011
vn -0.4312 -0.4145 0.8014
vn 0.0426 -0.9956 -0.0836
vn -0.3972 0.7141 0.5764
vn -0.5051 -0.4234 0.7520
vn 0.0515 -0.9954 -0.0811
vn -0.3204 0.7459 0.5839
vn -0.3542 0.6767 0.6455
vn -0.3332 0.8080 0.4859
vn -0.3772 0.7452 0.5500
vn -0.0051 -0.9376 -0.3476
vn -0.1389 -0.9310 -0.3374
vn -0.2334 -0.9724 0.0064
vn 0.1906 -0.9418 -0.2770
vn 0.2068 -0.9031 -0.3764
vn 0.1314 -0.9628 -0.2361
vn 0.2496 -0.8976 -0.3633
vn -0.3839 0.6023 0.6999
vn -0.4169 0.6758 0.6078
vn -0.4519 0.6015 0.6588
vn -0.2210 -0.8877 0.4038
vn 0.1587 -0.9607 -0.2278
vn -0.2596 -0.8880 0.3795
vn -0.4823 -0.5225 0.7031
vn 0.2931 -0.8907 -0.3474
vn 0.1865 -0.9580 -0.2177
vn 0.0606 -0.9951 -0.0782
vn 0.0697 -0.9948 -0.0746
vn 0.3372 -0.8824 -0.3280
vn -0.5153 0.6005 0.6115
vn -0.5497 0.5216 0.6525
vn -0.4753 0.6750 0.5643
vn -0.5292 0.6739 0.5155
vn -0.5734 0.5994 0.5585
vn -0.2953 -0.8884 0.3516
vn -0.5497 -0.5215 0.6526
vn 0.2150 -0.9547 -0.2055
vn -0.3277 -0.8888 0.3204
vn -0.6114 -0.5206 0.5959
vn -0.5788 0.4393 0.6870
vn -0.6024 0.3545 0.7152
vn -0.6115 0.5208 0.5957
vn -0.6438 0.4385 0.6271
vn -0.5152 -0.6005 0.6115
vn -0.4754 -0.6751 0.5642
vn -0.5733 -0.5995 0.5585
vn -0.5292 -0.6740 0.5154
vn -0.5724 0.4686 0.6729
vn -0.3928 0.7929 0.4659
vn -0.6699 0.3538 0.6527
vn -0.6414 0.4545 0.6180
vn -0.2063 0.9473 0.2451
vn -0.2660 0.9108 0.3158
vn -0.1483 0.9731 0.1763
vn -0.1577 0.9755 0.1531
vn -0.2304 0.9469 0.2243
vn -0.4304 -0.7442 0.5108
vn -0.3802 -0.8074 0.4512
vn -0.4790 -0.7434 0.4667
vn -0.4232 -0.8068 0.4123
vn -0.2649 0.9121 0.3128
vn -0.4652 0.6938 0.5497
vn -0.4543 0.7735 0.4419
vn -0.3160 0.8981 0.3060
vn -0.3254 0.8631 0.3862
vn -0.3801 0.8074 0.4512
vn -0.2966 0.9103 0.2886
vn -0.3624 0.8626 0.3531
vn -0.2687 -0.9089 0.3190
vn -0.0006 -1.0000 0.0008
vn -0.2990 -0.9087 0.2914
vn -0.0009 -1.0000 0.0008
vn -0.5730 -0.4337 0.6955
vn -0.5335 0.6687 0.5179
vn -0.6336 -0.4451 0.6327
vn -0.4305 0.7441 0.5108
vn -0.4233 0.8067 0.4124
vn -0.4791 0.7434 0.4667
vn 0.2159 -0.9420 -0.2571
vn 0.1699 -0.9644 -0.2024
vn 0.2421 -0.9412 -0.2356
vn -0.3270 -0.9082 0.2612
vn -0.0011 -1.0000 0.0007
vn -0.4623 -0.8060 0.3696
vn -0.3515 -0.9078 0.2288
vn -0.0012 -1.0000 0.0006
vn -0.6867 -0.4583 0.5643
vn 0.0791 -0.9944 -0.0704
vn -0.6025 0.6373 0.4805
vn -0.6714 0.5990 0.4365
vn -0.7319 -0.4717 0.4918
vn 0.0886 -0.9939 -0.0654
vn -0.5231 0.7426 0.4181
vn -0.5777 0.6730 0.4618
vn -0.4623 0.8061 0.3695
vn -0.4968 0.8054 0.3234
vn -0.5622 0.7417 0.3658
vn 0.2627 -0.9416 -0.2108
vn 0.2074 -0.9640 -0.1662
vn 0.2844 -0.9407 -0.1847
vn 0.3824 -0.8722 -0.3051
vn 0.2441 -0.9508 -0.1910
vn 0.4284 -0.8597 -0.2782
vn -0.6257 0.5985 0.5003
vn -0.6672 0.5198 0.5334
vn -0.6204 0.6723 0.4039
vn -0.6719 0.5976 0.4375
vn -0.3564 -0.8894 0.2862
vn -0.6674 -0.5194 0.5337
vn 0.2739 -0.9459 -0.1738
vn -0.3811 -0.8902 0.2494
vn -0.7166 -0.5187 0.4663
vn -0.7023 0.4376 0.5615
vn -0.7308 0.3530 0.5842
vn -0.7166 0.5186 0.4664
vn -0.7539 0.4367 0.4908
vn -0.6258 -0.5983 0.5003
vn -0.5777 -0.6731 0.4617
vn -0.6721 -0.5975 0.4374
vn -0.6205 -0.6724 0.4036
vn -0.7054 0.4386 0.5569
vn -0.5181 0.7490 0.4129
vn -0.7843 0.3523 0.5106
vn -0.7634 0.4210 0.4899
vn -0.2506 0.9471 0.2005
vn -0.3241 0.9099 0.2589
vn -0.1805 0.9730 0.1442
vn -0.1854 0.9753 0.1204
vn -0.2706 0.9465 0.1758
vn -0.5232 -0.7425 0.4183
vn -0.5621 -0.7418 0.3658
vn -0.4969 -0.8053 0.3233
vn -0.3740 0.8786 0.2969
vn -0.5843 0.7181 0.3782
vn -0.4411 0.8511 0.2847
vn -0.3958 0.8621 0.3165
vn -0.3484 0.9095 0.2269
vn -0.4256 0.8615 0.2770
vn -0.5953 -0.7412 0.3102
vn -0.5266 -0.8047 0.2741
vn -0.6572 -0.6716 0.3422
vn -0.6232 -0.7405 0.2515
vn -0.5510 -0.8043 0.2224
vn -0.5194 0.8115 0.2676
vn -0.7397 0.5514 0.3859
vn -0.6538 0.6773 0.3374
vn -0.7261 0.6240 0.2886
vn -0.6105 0.7538 0.2431
vn -0.4510 0.8611 0.2349
vn -0.5267 0.8046 0.2742
vn -0.3693 0.9092 0.1923
vn -0.3867 0.9090 0.1558
vn -0.4722 0.8606 0.1905
vn -0.3727 -0.9074 0.1939
vn -0.0008 -1.0000 0.0001
vn -0.3902 -0.9072 0.1574
vn -0.0011 -1.0000 0.0003
vn -0.7685 -0.4865 0.4156
vn 0.0986 -0.9933 -0.0597
vn -0.8066 0.4920 0.3275
vn -0.7968 -0.5017 0.3369
vn 0.1081 -0.9927 -0.0529
vn -0.5957 0.7410 0.3100
vn -0.6574 0.6714 0.3422
vn -0.5514 0.8040 0.2224
vn -0.6233 0.7404 0.2516
vn 0.2997 -0.9411 -0.1566
vn 0.2365 -0.9638 -0.1235
vn 0.3157 -0.9403 -0.1274
vn 0.4751 -0.8446 -0.2467
vn 0.3040 -0.9402 -0.1537
vn 0.5224 -0.8265 -0.2100
vn -0.7117 0.5967 0.3706
vn -0.7587 0.5179 0.3952
vn -0.6877 0.6708 0.2775
vn -0.7446 0.5960 0.3005
vn -0.4017 -0.8912 0.2106
vn -0.7586 -0.5180 0.3952
vn 0.3353 -0.9331 -0.1303
vn -0.4181 -0.8923 0.1700
vn -0.7937 -0.5171 0.3204
vn -0.7981 0.4362 0.4157
vn -0.8303 0.3517 0.4324
vn -0.7936 0.5174 0.3203
vn -0.8348 0.4354 0.3368
vn -0.7116 -0.5968 0.3707
vn -0.7447 -0.5959 0.3006
vn -0.6879 -0.6706 0.2776
vn -0.8156 0.4009 0.4173
vn -0.8684 0.3508 0.3504
vn -0.8608 0.3790 0.3397
vn -0.2865 0.9464 0.1491
vn -0.2057 0.9727 0.1073
vn -0.2059 0.9751 0.0828
vn -0.3007 0.9460 0.1212
vn -0.7705 -0.5954 0.2276
vn -0.7121 -0.6698 0.2103
vn -0.8211 -0.5167 0.2425
vn -0.7891 -0.5949 0.1530
vn -0.7293 -0.6694 0.1413
vn -0.8986 0.3552 0.2577
vn -0.8005 0.5533 0.2305
vn -0.8982 0.3504 0.2655
vn -0.9196 0.3500 0.1783
vn -0.9284 0.3296 0.1717
vn -0.3105 0.9461 0.0918
vn -0.4006 0.9086 0.1183
vn -0.2234 0.9725 0.0662
vn -0.2185 0.9749 0.0426
vn -0.3187 0.9458 0.0618
vn -0.6456 -0.7395 0.1905
vn -0.5706 -0.8037 0.1686
vn -0.6610 -0.7394 0.1281
vn -0.5847 -0.8033 0.1133
vn -0.7137 0.6691 0.2073
vn -0.8708 0.4166 0.2611
vn -0.8735 0.4592 0.1616
vn -0.8247 0.5435 0.1562
vn -0.4889 0.8602 0.1446
vn -0.5707 0.8037 0.1686
vn -0.4105 0.9084 0.0796
vn -0.5010 0.8600 0.0971
vn -0.4036 -0.9071 0.1193
vn -0.0008 -1.0000 0.0003
vn -0.4137 -0.9069 0.0800
vn -0.0006 -1.0000 0.0002
vn -0.8169 -0.5166 0.2568
vn 0.1180 -0.9920 -0.0451
vn -0.9288 0.3207 0.1860
vn -0.8285 -0.5315 0.1762
vn 0.1272 -0.9912 -0.0363
vn -0.6451 0.7399 0.1907
vn -0.7117 0.6702 0.2103
vn -0.5847 0.8033 0.1132
vn -0.6610 0.7394 0.1280
vn 0.3251 -0.9407 -0.0967
vn 0.2567 -0.9635 -0.0758
vn 0.3352 -0.9399 -0.0655
vn 0.5698 -0.8045 -0.1675
vn 0.3671 -0.9244 -0.1030
vn 0.6168 -0.7782 -0.1185
vn -0.7706 0.5953 0.2277
vn -0.8211 0.5166 0.2426
vn -0.7291 0.6697 0.1412
vn -0.7890 0.5951 0.1529
vn -0.4294 -0.8939 0.1283
vn 0.3989 -0.9142 -0.0715
vn -0.4365 -0.8956 0.0862
vn -0.8408 -0.5162 0.1631
vn -0.8637 0.4346 0.2552
vn -0.8407 0.5164 0.1630
vn -0.8843 0.4344 0.1714
vn 0.0504 -0.9987 0.0053
vn -0.0590 -0.9982 -0.0108
vn -0.0005 -0.9911 -0.1328
vn -0.0598 -0.9982 0.0002
vn 0.2399 -0.9708 0.0001
vn 0.2352 -0.9709 0.0446
vn -0.1580 0.9873 -0.0145
vn -0.1167 0.9932 0.0000
vn -0.0002 1.0000 0.0001
vn -0.1144 0.9932 -0.0220
vn 0.0488 -0.9987 0.0129
vn -0.0556 -0.9982 -0.0221
vn 0.2214 -0.9711 0.0890
vn -0.1517 0.9874 -0.0450
vn -0.1076 0.9933 -0.0432
vn 0.0452 -0.9987 0.0236
vn -0.0502 -0.9982 -0.0323
vn -0.1400 0.9875 -0.0717
vn -0.0968 0.9933 -0.0626
vn 0.0404 -0.9987 0.0301
vn -0.0432 -0.9982 -0.0422
vn 0.1995 -0.9714 0.1287
vn -0.1230 0.9875 -0.0984
vn -0.0822 0.9934 -0.0805
vn 0.0335 -0.9987 0.0375
vn -0.0346 -0.9982 -0.0490
vn 0.1700 -0.9716 0.1649
vn -0.1013 0.9876 -0.1198
vn -0.0646 0.9935 -0.0941
vn 0.0240 -0.9987 0.0455
vn -0.0235 -0.9982 -0.0552
vn 0.1335 -0.9720 0.1934
vn -0.0753 0.9878 -0.1360
vn -0.0440 0.9936 -0.1040
vn 0.0163 -0.9987 0.0476
vn -0.0122 -0.9982 -0.0585
vn 0.0922 -0.9722 0.2150
vn -0.0461 0.9879 -0.1482
vn -0.0226 0.9936 -0.1109
vn 0.0056 -0.9987 0.0503
vn 0.0006 -0.9982 -0.0597
vn 0.0472 -0.9723 0.2289
vn -0.0161 0.9879 -0.1543
vn 0.0001 0.9936 -0.1128
vn 0.0001 0.9761 -0.2173
vn -0.0049 -0.9987 0.0510
vn 0.0120 -0.9982 -0.0584
vn -0.0000 -0.9724 0.2333
vn 0.0150 0.9879 -0.1546
vn 0.0225 0.9936 -0.1108
vn 0.0437 0.9761 -0.2127
vn -0.0161 -0.9987 0.0486
vn 0.0233 -0.9982 -0.0555
vn 0.0459 0.9878 -0.1487
vn 0.0443 0.9935 -0.1047
vn 0.0856 0.9759 -0.2005
vn -0.0239 -0.9987 0.0441
vn 0.0340 -0.9982 -0.0494
vn 0.0751 0.9876 -0.1376
vn 0.0643 0.9935 -0.0941
vn 0.1240 0.9758 -0.1800
vn -0.0332 -0.9987 0.0389
vn 0.0433 -0.9982 -0.0411
vn 0.1006 0.9878 -0.1192
vn 0.0816 0.9935 -0.0796
vn 0.1580 0.9753 -0.1540
vn -0.0393 -0.9987 0.0320
vn 0.0505 -0.9982 -0.0322
vn 0.1225 0.9877 -0.0976
vn 0.0962 0.9934 -0.0623
vn 0.1856 0.9752 -0.1206
vn -0.0449 -0.9987 0.0226
vn 0.0556 -0.9982 -0.0220
vn 0.1399 0.9875 -0.0721
vn 0.1071 0.9933 -0.0429
vn 0.2059 0.9751 -0.0829
vn 0.1519 0.9874 -0.0451
vn 0.1142 0.9932 -0.0218
vn 0.2187 0.9749 -0.0422
vn -0.0489 -0.9987 0.0145
vn 0.0586 -0.9982 -0.0106
vn -0.0504 -0.9987 0.0045
vn 0.0596 -0.9982 -0.0000
vn 0.1576 0.9874 -0.0153
vn 0.1166 0.9932 0.0000
vn 0.2230 0.9748 0.0000
vn -0.0505 -0.9987 -0.0045
vn 0.0585 -0.9982 0.0107
vn 0.1579 0.9873 0.0153
vn 0.1144 0.9932 0.0218
vn 0.2185 0.9749 0.0419
vn -0.0488 -0.9987 -0.0148
vn 0.0555 -0.9982 0.0218
vn 0.1516 0.9874 0.0450
vn 0.1071 0.9933 0.0431
vn 0.2061 0.9750 0.0831
vn 0.1399 0.9875 0.0721
vn 0.0963 0.9934 0.0626
vn 0.1853 0.9752 0.1210
vn -0.0446 -0.9987 -0.0231
vn 0.0503 -0.9982 0.0321
vn -0.0393 -0.9987 -0.0317
vn 0.0432 -0.9982 0.0412
vn 0.1228 0.9876 0.0977
vn 0.0818 0.9935 0.0798
vn 0.1578 0.9754 0.1538
vn -0.0329 -0.9987 -0.0392
vn 0.2248 -0.9729 -0.0551
vn 0.1009 0.9877 0.1190
vn 0.0641 0.9935 0.0938
vn 0.1239 0.9759 0.1799
vn 0.3061 -0.9310 -0.1987
vn 0.7485 -0.5851 -0.3121
vn 0.0750 0.9876 0.1376
vn 0.0444 0.9935 0.1047
vn 0.0464 0.9878 0.1487
vn 0.0854 0.9760 0.2005
vn 0.0226 0.9936 0.1107
vn 0.8754 -0.3274 -0.3558
vn 0.6991 -0.5438 -0.4642
vn 0.2860 -0.8475 -0.4471
vn -0.0006 -0.8125 -0.5829
vn 0.0153 0.9879 0.1544
vn 0.0436 0.9761 0.2128
vn 0.0002 0.9936 0.1128
vn -0.2857 -0.8485 -0.4454
vn -0.6983 -0.5445 -0.4645
vn 0.0004 -0.9861 -0.1662
vn -0.0156 0.9879 0.1543
vn -0.0225 0.9936 0.1109
vn -0.8749 -0.3285 -0.3557
vn -0.7483 -0.5853 -0.3121
vn -0.0461 0.9879 0.1481
vn -0.0442 0.9936 0.1042
vn -0.0747 0.9879 0.1359
vn -0.0642 0.9935 0.0938
vn -0.3052 -0.9314 -0.1984
vn -0.2253 -0.9727 -0.0549
vn 0.1336 -0.9720 -0.1933
vn 0.0335 -0.9987 -0.0376
vn -0.0436 -0.9982 0.0424
vn 0.1698 -0.9716 -0.1648
vn -0.1014 0.9876 0.1197
vn -0.0821 0.9934 0.0806
vn 0.0400 -0.9987 -0.0300
vn -0.0500 -0.9982 0.0322
vn 0.2000 -0.9713 -0.1286
vn -0.1234 0.9875 0.0983
vn -0.0969 0.9933 0.0631
vn 0.0451 -0.9987 -0.0237
vn -0.0557 -0.9982 0.0221
vn 0.2217 -0.9711 -0.0887
vn -0.1400 0.9875 0.0718
vn -0.1078 0.9932 0.0431
vn -0.1520 0.9874 0.0450
vn -0.1143 0.9932 0.0219
vn 0.0485 -0.9987 -0.0133
vn -0.0592 -0.9982 0.0108
vn 0.2352 -0.9709 -0.0450
vn -0.8003 0.5947 0.0768
vn -0.8527 0.5159 0.0819
vn -0.7395 0.6694 0.0709
vn 0.0504 -0.9987 -0.0045
vn 0.2665 -0.9635 -0.0257
vn -0.4386 -0.8976 0.0438
vn -0.8527 -0.5159 0.0819
vn 0.4336 -0.9005 -0.0326
vn -0.8969 0.4339 0.0860
vn -0.9325 0.3498 0.0895
vn -0.1581 0.9873 0.0136
vn -0.2323 0.9724 0.0224
vn -0.8002 -0.5948 0.0769
vn -0.7396 -0.6693 0.0710
vn -0.9503 0.3005 0.0814
vn -0.9478 0.3106 0.0727
vn -0.3229 0.9459 0.0309
vn -0.4166 0.9082 0.0399
vn -0.6702 -0.7394 0.0645
vn -0.5930 -0.8032 0.0568
vn -0.9390 0.3354 0.0760
vn -0.9764 0.1938 0.0948
vn -0.5081 0.8599 0.0488
vn -0.5931 0.8031 0.0570
vn -0.4199 -0.9067 0.0399
vn -0.8328 -0.5453 0.0954
vn 0.1584 -0.9872 -0.0156
vn 0.2640 -0.9643 0.0212
vn -0.6705 0.7392 0.0642
vn 0.3384 -0.9405 -0.0327
vn 0.6683 -0.7418 -0.0561
vn 0.2129 0.0246 -0.9768
vn 0.0000 0.0104 -0.9999
vn 0.2196 0.0215 -0.9754
vn 0.5126 0.0462 -0.8574
vn 0.5062 0.0657 -0.8599
vn 0.2024 -0.0433 -0.9784
vn 0.0000 -0.0603 -0.9982
vn 0.8934 0.1392 0.4272
vn 0.9902 0.1373 -0.0240
vn 0.8838 0.1434 0.4454
vn 0.5933 0.2096 0.7772
vn 0.6115 0.1231 0.7816
vn 0.6116 0.0239 0.7908
vn 0.9001 0.0837 0.4276
vn 0.8334 -0.0131 -0.5525
vn 0.4816 -0.0866 -0.8721
vn 0.8425 0.0698 -0.5342
vn 0.9946 0.1005 -0.0255
vn 0.9989 0.0376 -0.0277
vn 0.9993 -0.0100 -0.0368
vn 0.7800 -0.0969 -0.6182
vn 0.2220 -0.0187 -0.9749
vn 0.0006 -0.0187 -0.9998
vn -0.0000 -0.0531 -0.9986
vn 0.2168 -0.0671 -0.9739
vn 0.5159 -0.0174 -0.8565
vn -0.0000 0.0132 -0.9999
vn 0.8401 0.1135 -0.5304
vn 0.8423 0.0738 -0.5340
vn 0.9951 0.0969 -0.0200
vn 0.4976 0.0074 -0.8674
vn 0.8422 -0.0167 -0.5389
vn 0.5064 -0.1084 -0.8555
vn 0.8267 -0.1567 -0.5404
vn 0.9889 -0.1489 -0.0017
vn 0.9999 0.0057 -0.0124
vn 0.8699 0.1049 0.4819
vn 0.8479 -0.0103 0.5301
vn 0.5306 0.1893 0.8262
vn 0.5647 0.2496 0.7867
vn 0.2558 0.0931 0.9622
vn 0.2510 0.2387 0.9381
vn -0.0000 0.0800 0.9968
vn 0.0000 -0.0606 0.9982
vn 0.2475 -0.0390 0.9681
vn 0.2391 0.3328 0.9122
vn 0.2260 0.3098 0.9236
vn 0.0000 0.3397 0.9405
vn -0.0001 0.3507 0.9365
vn 0.1905 -0.1268 -0.9735
vn 0.0000 -0.1383 -0.9904
vn 0.4358 -0.1864 -0.8806
vn 0.1794 -0.1890 -0.9655
vn 0.8174 -0.1581 0.5540
vn 0.5025 0.0584 0.8626
vn 0.9477 -0.3185 0.0204
vn 0.8326 -0.1594 0.5304
vn 0.5017 -0.0150 0.8649
vn 0.2071 -0.1409 -0.9681
vn 0.4850 -0.2438 -0.8399
vn -0.0000 -0.1056 -0.9944
vn 0.0000 -0.1785 -0.9839
vn 0.1925 -0.2361 -0.9525
vn 0.2171 0.0754 0.9732
vn 0.0000 0.1793 0.9838
vn 0.2047 0.1284 0.9704
vn 0.4909 -0.1940 0.8493
vn 0.1745 0.0917 0.9804
vn 0.0000 0.2174 0.9761
vn 0.7147 -0.6342 0.2949
vn 0.9535 -0.3009 0.0169
vn 0.6568 -0.7141 -0.2422
vn 0.1875 -0.9819 0.0282
vn 0.2705 -0.5124 0.8151
vn 0.2139 0.2084 0.9544
vn 0.0000 0.2518 0.9678
vn 0.0000 0.1792 0.9838
vn 0.7866 -0.3438 -0.5130
vn 0.4425 -0.3944 -0.8054
vn 0.7402 -0.4718 -0.4791
vn 0.1390 0.2506 0.9580
vn 0.0001 0.2636 0.9646
vn 0.1419 0.2183 0.9655
vn 0.1646 0.7498 0.6409
vn 0.1373 0.5039 0.8528
vn 0.0485 0.9979 -0.0424
vn 0.0449 0.6964 -0.7162
vn 0.1218 0.9922 -0.0261
vn 0.0693 0.7682 0.6365
vn 0.0459 0.7569 0.6519
vn 0.0356 0.9990 -0.0263
vn 0.1720 -0.1983 -0.9649
vn 0.3939 -0.3366 -0.8553
vn -0.0000 -0.1468 -0.9892
vn 0.1568 -0.0362 -0.9870
vn 0.3656 -0.1024 -0.9251
vn 0.5766 -0.5561 -0.5986
vn 0.5069 -0.2859 -0.8132
vn 0.3391 -0.6926 -0.6366
vn 0.2342 0.9701 0.0632
vn 0.2054 0.8815 0.4251
vn 0.2755 0.9407 -0.1978
vn 0.2750 0.9608 -0.0359
vn 0.2476 0.9632 0.1049
vn 0.3498 0.8628 -0.3650
vn 0.4313 0.5490 -0.7160
vn 0.3573 0.4049 -0.8417
vn 0.2942 0.7508 -0.5914
vn 0.2698 0.9512 -0.1494
vn 0.1529 0.0918 -0.9840
vn 0.3552 0.1001 -0.9294
vn -0.0000 0.0881 -0.9961
vn 0.1638 0.2932 -0.9419
vn 0.4592 0.0871 -0.8841
vn 0.2516 0.0372 -0.9671
vn 0.2403 0.7431 -0.6246
vn 0.1542 0.8373 -0.5246
vn 0.2295 0.9275 -0.2950
vn 0.1489 0.7837 -0.6030
vn 0.0000 0.7110 -0.7032
vn -0.0000 0.7767 -0.6298
vn 0.2013 0.7969 -0.5696
vn 0.2973 0.8977 -0.3251
vn 0.1570 0.8589 0.4875
vn -0.0000 0.7983 0.6023
vn -0.0000 0.8277 0.5611
vn 0.1199 0.8711 0.4762
vn 0.2061 0.9381 0.2783
vn 0.3254 0.8928 0.3114
vn 0.2800 0.7329 0.6201
vn 0.1283 0.7649 0.6313
vn 0.0000 0.7009 0.7132
vn 0.0000 0.4265 0.9045
vn 0.1897 0.9357 0.2976
vn 0.1608 0.6002 -0.7835
vn -0.0000 0.2445 -0.9697
vn -0.0000 0.5130 -0.8584
vn 0.2358 0.9007 -0.3648
vn 0.7686 0.6327 0.0947
vn 0.7319 0.4333 0.5259
vn 0.3165 0.9449 0.0835
vn 0.3160 0.9479 -0.0400
vn 0.7380 0.6615 -0.1331
vn 0.9665 0.2008 -0.1596
vn 0.9895 0.0592 0.1317
vn 0.6742 0.6759 -0.2978
vn 0.3158 0.9393 -0.1341
vn 0.5221 0.6638 -0.5355
vn 0.6923 0.3815 -0.6124
vn 0.8944 0.2773 -0.3509
vn 0.2472 0.9630 -0.1079
vn 0.2447 0.9694 -0.0193
vn 0.2316 0.9681 0.0952
vn 0.3939 0.3313 -0.8574
vn 0.7289 0.2381 -0.6419
vn 0.3664 0.4564 -0.8108
vn -0.0002 0.3573 -0.9340
vn -0.0000 -0.0035 -1.0000
vn 0.4482 -0.0051 -0.8939
vn 0.3559 -0.7229 0.5922
vn 0.0000 -0.7814 0.6241
vn 0.0001 -0.4348 0.9005
vn 0.4736 -0.3643 0.8019
vn 0.6792 -0.5919 0.4339
vn 0.3828 -0.8957 0.2263
vn 0.1785 -0.9450 0.2740
vn 0.4681 0.1154 0.8761
vn 0.0001 -0.0092 1.0000
vn 0.0001 0.6111 0.7915
vn 0.8165 -0.1869 0.5463
vn 0.2885 0.6066 -0.7408
vn -0.0000 0.7398 -0.6729
vn -0.0001 0.5835 -0.8121
vn -0.0002 0.4804 -0.8770
vn 0.8206 -0.4882 -0.2972
vn 0.7473 -0.6525 -0.1261
vn 0.8759 -0.4606 -0.1437
vn 0.9022 -0.2667 -0.3390
vn 0.7612 -0.3220 -0.5630
vn 0.7380 -0.4038 -0.5407
vn 0.7739 -0.5572 -0.3008
vn 0.4781 -0.2505 -0.8418
vn 0.7708 -0.0846 -0.6315
vn -0.0001 -0.2574 -0.9663
vn 0.0000 -0.2909 -0.9567
vn 0.4895 -0.3079 -0.8158
vn 0.9261 0.0826 -0.3680
vn 0.9836 -0.0643 -0.1687
vn 0.9522 -0.2895 0.0976
vn 0.6875 -0.7231 0.0671
vn 0.3337 -0.7870 0.5189
vn -0.0000 -0.7891 0.6143
vn 0.0000 -0.9190 0.3942
vn 0.2414 -0.9094 0.3388
vn 0.5252 -0.7869 0.3239
vn 0.6332 -0.6530 0.4156
vn 0.4002 -0.6324 0.6633
vn 0.6619 -0.7471 0.0609
vn 0.4091 -0.8837 0.2275
vn 0.5751 -0.8165 0.0508
vn 0.7383 -0.6521 -0.1723
vn 0.8200 -0.5247 -0.2286
vn 0.7797 -0.6221 0.0708
vn 0.5585 -0.8284 0.0421
vn 0.3345 -0.9262 0.1737
vn 0.7086 -0.6929 -0.1335
vn 0.1675 -0.9596 0.2262
vn 0.0000 -0.9704 0.2416
vn 0.0000 -0.9614 0.2753
vn 0.4350 -0.4819 0.7606
vn 0.0000 -0.4763 0.8793
vn 0.0000 -0.6277 0.7784
vn 0.7090 -0.5053 0.4920
vn 0.4588 -0.3185 0.8295
vn 0.8751 -0.4763 0.0856
vn 0.8846 -0.3768 -0.2748
vn 0.9155 -0.2629 -0.3046
vn 0.9367 -0.3362 0.0979
vn 0.7727 -0.5264 -0.3546
vn 0.7240 -0.3823 -0.5743
vn 0.7269 -0.2789 -0.6276
vn 0.8088 -0.4004 -0.4307
vn 0.4878 -0.2802 -0.8267
vn 0.0000 -0.2519 -0.9678
vn 0.0000 -0.1907 -0.9816
vn 0.4850 -0.2070 -0.8496
vn 0.8284 -0.1069 -0.5498
vn 0.9326 -0.1553 -0.3258
vn 0.8307 -0.1810 -0.5264
vn 0.7125 -0.0725 -0.6979
vn 0.7066 0.0008 -0.7076
vn 0.8240 -0.0307 -0.5657
vn 0.4809 -0.0632 -0.8745
vn 0.4821 -0.1103 -0.8692
vn 0.0000 -0.1156 -0.9933
vn 0.0002 -0.0664 -0.9978
vn 0.4771 0.0234 -0.8785
vn 0.4827 -0.1416 -0.8643
vn 0.7247 -0.1768 -0.6660
vn 0.0000 -0.1402 -0.9901
vn 0.8301 -0.2648 -0.4908
vn 0.7177 -0.1246 -0.6851
vn 0.4676 0.1104 -0.8770
vn 0.6962 0.0702 -0.7145
vn -0.0000 0.1331 -0.9911
vn 0.0000 0.2113 -0.9774
vn 0.4505 0.1796 -0.8745
vn 0.4593 0.1276 0.8791
vn -0.0000 0.1563 0.9877
vn 0.4710 0.0156 0.8820
vn 0.8027 -0.0336 0.5955
vn 0.7950 0.0707 0.6025
vn 0.4393 0.2403 0.8656
vn 0.0000 0.2714 0.9625
vn 0.9766 -0.1888 0.1031
vn 0.7945 -0.1734 0.5820
vn 0.7612 -0.3475 0.5476
vn 0.9378 -0.0626 -0.3416
vn 0.9924 -0.0695 0.1014
vn 0.4725 -0.1349 0.8709
vn -0.0000 -0.1199 0.9928
vn -0.0000 0.0385 0.9993
vn 0.4118 0.3526 0.8403
vn 0.0000 0.3831 0.9237
vn 0.7761 0.1807 0.6041
vn 0.7450 0.2973 0.5971
vn 0.3747 0.4624 0.8036
vn 0.0000 0.4891 0.8722
vn 0.9675 0.2295 0.1061
vn 0.9873 0.1174 0.1069
vn 0.9312 0.0816 -0.3553
vn 0.9177 0.1739 -0.3573
vn 0.9249 0.3650 0.1062
vn 0.6959 0.4202 0.5823
vn 0.8166 0.0338 -0.5763
vn 0.9367 0.0100 -0.3499
vn 0.6804 0.1273 -0.7217
vn 0.8065 0.0914 -0.5841
vn 0.9943 0.0212 0.1040
vn 0.8450 0.5233 0.1104
vn 0.6193 0.5550 0.5553
vn 0.8862 0.3054 -0.3483
vn 0.8242 0.4679 -0.3190
vn 0.6937 0.7122 0.1074
vn 0.7080 0.4557 -0.5395
vn 0.7614 0.2977 -0.5758
vn 0.5402 0.5019 -0.6755
vn 0.4356 0.6810 -0.5886
vn 0.6044 0.6527 -0.4568
vn 0.6943 0.6719 -0.2578
vn 0.4212 0.2729 -0.8649
vn 0.6556 0.2086 -0.7258
vn -0.0000 0.3112 -0.9503
vn 0.0000 0.4619 -0.8869
vn 0.3727 0.4197 -0.8276
vn 0.7912 0.1712 -0.5871
vn 0.6105 0.3429 -0.7140
vn 0.1313 0.8695 -0.4762
vn 0.2982 0.8476 -0.4390
vn 0.2212 0.7340 -0.6421
vn 0.0001 0.8798 -0.4753
vn -0.0000 0.9571 -0.2896
vn 0.0712 0.9534 -0.2932
vn 0.1762 0.9344 -0.3096
vn 0.1655 0.8555 0.4907
vn 0.0000 0.8568 0.5156
vn 0.0000 0.7317 0.6816
vn 0.2516 0.7222 0.6443
vn 0.3264 0.8674 0.3757
vn 0.2057 0.9314 0.3002
vn 0.1062 0.9361 0.3354
vn 0.3242 0.5780 0.7489
vn 0.0000 0.5979 0.8015
vn 0.4933 0.7201 0.4880
vn 0.3053 0.5778 -0.7569
vn -0.0000 0.6163 -0.7875
vn 0.0000 0.7586 -0.6516
vn 0.0713 0.9891 0.1288
vn 0.2334 0.9675 0.0970
vn 0.0617 0.9981 -0.0068
vn 0.0000 1.0000 0.0000
vn -0.0000 0.9896 0.1438
vn -0.0000 0.9352 0.3541
vn 0.0587 0.9928 -0.1043
vn 0.2231 0.9602 -0.1683
vn 0.0000 0.9955 -0.0943
vn 0.4310 0.8462 -0.3134
vn 0.4785 0.8636 -0.1589
vn 0.2412 0.9688 -0.0569
vn 0.4664 0.8796 0.0936
vn 0.1564 -0.3220 0.9337
vn 0.4575 -0.3169 0.8308
vn 0.2207 -0.1849 0.9577
vn 0.0000 -0.1726 0.9850
vn -0.0286 -0.3798 0.9246
vn -0.0805 -0.8731 0.4808
vn -0.0316 -0.8695 0.4929
vn 0.0923 -0.4316 -0.8973
vn -0.0009 -0.4936 -0.8697
vn 0.0000 -0.1795 -0.9838
vn 0.3246 -0.3416 -0.8820
vn -0.0916 -0.8729 -0.4792
vn 0.8946 0.0023 0.4468
vn 0.5979 -0.0771 0.7978
vn 0.8529 -0.0761 0.5165
vn 0.2341 -0.1322 0.9632
vn 0.0000 -0.1476 0.9890
vn 0.5524 -0.1788 0.8142
vn -0.1580 -0.9809 -0.1131
vn -0.1696 -0.9247 -0.3408
vn -0.0916 -0.8729 -0.4793
vn 0.4275 -0.5927 -0.6826
vn -0.1316 -0.9913 0.0049
vn -0.1743 -0.9845 -0.0206
vn 0.5413 -0.5476 0.6381
vn -0.0805 -0.8732 0.4807
vn 0.7481 -0.2110 0.6292
vn 0.9867 -0.1572 -0.0423
vn 0.8951 -0.4424 -0.0559
vn 0.6568 -0.2295 -0.7183
vn 0.4276 -0.5926 -0.6826
vn 0.4227 -0.0781 -0.9029
vn -0.0832 -0.4243 -0.9017
vn 0.9962 0.0790 -0.0366
vn 0.4946 -0.0037 -0.8691
vn -0.2223 -0.2201 -0.9498
vn -0.1935 -0.3736 -0.9072
vn 0.5465 0.0108 0.8374
vn 0.5414 -0.5475 0.6381
vn 0.0514 -0.3337 0.9413
vn -0.0590 -0.3399 0.9386
vn -0.0800 -0.1948 0.9776
vn 0.6147 0.0288 0.7882
vn -0.5682 -0.7485 0.3418
vn -0.5293 -0.8484 0.0011
vn -0.7976 -0.6032 -0.0005
vn -0.7238 -0.6180 0.3069
vn -0.0318 -0.8694 0.4931
vn -0.4517 -0.8902 0.0585
vn -0.4119 -0.9112 -0.0000
vn -0.5772 -0.7556 -0.3097
vn -0.7396 -0.6059 -0.2931
vn -0.4536 -0.8893 -0.0577
vn -0.7723 -0.5236 -0.3597
vn -0.8264 -0.3535 -0.4383
vn -0.8782 -0.4784 -0.0003
vn -0.7529 -0.5363 0.3814
vn -0.8034 -0.3593 0.4748
vn -0.8513 -0.2737 -0.4476
vn -0.9556 -0.2947 -0.0001
vn -0.9314 -0.3639 -0.0002
vn -0.2259 -0.1419 -0.9638
vn -0.2364 -0.1271 -0.9633
vn -0.8642 -0.2606 -0.4304
vn 0.6362 0.0284 0.7710
vn 0.9976 0.0471 -0.0509
vn 0.9943 0.0938 -0.0513
vn -0.0778 -0.1176 0.9900
vn -0.0827 -0.1022 0.9913
vn 0.6595 0.0364 0.7508
vn 0.9978 0.0425 -0.0499
vn 0.5138 0.0012 -0.8579
vn 0.5348 0.0096 -0.8449
vn -0.8271 -0.2750 0.4902
vn -0.8405 -0.2603 0.4752
vn -0.8716 -0.2742 -0.4064
vn -0.9560 -0.2934 -0.0000
vn -0.9590 -0.2833 -0.0000
vn -0.2396 -0.1451 -0.9600
vn -0.2343 -0.2033 -0.9507
vn -0.8741 -0.3028 -0.3798
vn 0.6907 0.0307 0.7225
vn 0.9982 0.0334 -0.0491
vn -0.0796 -0.1202 0.9896
vn -0.0684 -0.1845 0.9805
vn 0.7244 -0.0219 0.6890
vn 0.9984 -0.0309 -0.0472
vn -0.8482 -0.2751 0.4527
vn -0.9501 -0.3119 0.0001
vn -0.8503 -0.3086 0.4263
vn 0.5661 0.0013 -0.8243
vn 0.6007 -0.0566 -0.7974
vn 0.0449 0.9989 -0.0134
vn 0.0332 0.6873 -0.7256
vn 0.0273 0.6866 -0.7265
vn 0.0431 0.7512 0.6587
vn 0.0338 0.7524 0.6578
vn 0.0496 0.9987 -0.0096
vn 0.0575 -0.9983 -0.0016
vn 0.0937 -0.6449 0.7585
vn 0.0583 -0.7274 -0.6837
vn 0.0237 -0.9997 0.0018
vn 0.0446 -0.6496 0.7590
vn 0.0537 0.0050 -0.9985
vn 0.0223 -0.0052 -0.9997
vn 0.0213 -0.7186 -0.6951
vn 0.0811 0.1828 0.9798
vn 0.0485 0.1638 0.9853
vn 0.0995 0.9950 -0.0093
vn 0.0357 0.6950 -0.7181
vn 0.0196 0.6916 -0.7220
vn 0.0602 0.7533 0.6549
vn 0.2489 0.9685 -0.0087
vn -0.0086 -0.9999 0.0069
vn 0.0094 -0.6460 0.7633
vn -0.0035 -0.7166 -0.6975
vn -0.1162 -0.9932 0.0103
vn -0.0892 -0.6352 0.7672
vn 0.0301 0.1611 0.9865
vn -0.0132 0.1659 0.9861
vn 0.0127 -0.0074 -0.9999
vn -0.0366 -0.0011 -0.9993
vn -0.0964 -0.7086 -0.6990
vn 0.4128 0.9108 -0.0045
vn 0.3376 0.6342 -0.6956
vn 0.1641 0.6759 -0.7185
vn 0.1865 0.7342 0.6528
vn 0.3467 0.6948 0.6301
vn 0.5026 0.8645 -0.0019
vn -0.2786 -0.9603 0.0141
vn -0.2214 -0.6112 0.7599
vn -0.2322 -0.6864 -0.6892
vn -0.2951 -0.9553 0.0158
vn -0.0498 0.1697 0.9842
vn -0.1932 -0.6190 0.7613
vn 0.0274 0.1586 0.9870
vn -0.0920 0.0061 -0.9957
vn -0.0265 -0.0041 -0.9996
vn -0.2215 -0.6914 -0.6877
vn 0.6764 0.7366 0.0024
vn 0.6708 0.4948 -0.5525
vn 0.4602 0.5895 -0.6639
vn 0.4507 0.6567 0.6047
vn 0.6413 0.5673 0.5167
vn 0.9217 0.3880 0.0069
vn 0.8994 0.2900 -0.3270
vn 0.1365 -0.0194 -0.9904
vn -0.0616 -0.7172 -0.6941
vn 0.3137 -0.0373 -0.9488
vn -0.1474 -0.9890 0.0131
vn -0.0164 -0.6463 0.7629
vn 0.1324 -0.9912 0.0065
vn 0.1915 0.1477 0.9703
vn 0.3526 0.1315 0.9265
vn 1.0000 0.0044 -0.0039
vn 0.9220 0.0703 0.3808
vn 0.9140 -0.2689 0.3040
vn 0.9254 -0.3787 -0.0135
vn 0.8897 -0.3309 -0.3146
vn 0.9203 -0.0215 -0.3905
vn 0.8780 0.3533 0.3229
vn 0.5867 -0.8098 -0.0060
vn 0.6332 -0.5198 0.5735
vn 0.5860 -0.5932 -0.5520
vn 0.6382 0.1171 0.7609
vn 0.2432 -0.6511 0.7190
vn 0.6244 -0.0357 -0.7803
vn 0.1900 -0.7209 -0.6665
vn -0.7996 -0.4381 0.4109
vn -0.0315 -0.3811 0.9240
vn -0.9243 -0.3816 0.0003
vn -0.8242 -0.5663 -0.0004
vn -0.4808 -0.7984 0.3624
vn 0.7444 -0.1978 0.6378
vn 0.9759 -0.2139 -0.0425
vn 0.0723 -0.6466 0.7594
vn 0.5906 -0.6654 0.4565
vn 0.8661 -0.4998 -0.0105
vn -0.8338 -0.4161 -0.3629
vn -0.2031 -0.3865 -0.8997
vn -0.5500 -0.7654 -0.3342
vn 0.6228 -0.2496 -0.7415
vn 0.4909 -0.7109 -0.5036
vn -0.1210 -0.6536 -0.7471
vn 0.0434 -0.9991 0.0002
vn -0.2128 0.0245 -0.9768
vn -0.2194 0.0215 -0.9754
vn -0.2024 -0.0433 -0.9784
vn -0.4975 0.0071 -0.8674
vn -0.5063 0.0657 -0.8598
vn -0.8934 0.1391 0.4272
vn -0.8839 0.1437 0.4451
vn -0.9951 0.0969 -0.0200
vn -0.9902 0.1375 -0.0240
vn -0.9946 0.1004 -0.0255
vn -0.9001 0.0837 0.4275
vn -0.6115 0.1230 0.7816
vn -0.8335 -0.0130 -0.5524
vn -0.8425 0.0698 -0.5342
vn -0.4815 -0.0867 -0.8721
vn -0.4358 -0.1863 -0.8806
vn -0.7801 -0.0969 -0.6182
vn -0.9989 0.0376 -0.0276
vn -0.2222 -0.0188 -0.9748
vn -0.2168 -0.0672 -0.9739
vn -0.5127 0.0463 -0.8573
vn -0.5160 -0.0173 -0.8564
vn -0.5064 -0.1082 -0.8555
vn -0.8401 0.1135 -0.5304
vn -0.8423 0.0738 -0.5339
vn -0.8422 -0.0166 -0.5389
vn -0.8267 -0.1567 -0.5404
vn -0.9999 0.0057 -0.0124
vn -0.8699 0.1049 0.4819
vn -0.8479 -0.0103 0.5301
vn -0.9889 -0.1489 -0.0017
vn -0.5930 0.2098 0.7773
vn -0.5647 0.2496 0.7866
vn -0.2557 0.0931 0.9623
vn -0.2510 0.2388 0.9381
vn -0.6116 0.0238 0.7908
vn -0.2475 -0.0390 0.9681
vn 0.0000 0.2420 0.9703
vn -0.2391 0.3328 0.9122
vn -0.2259 0.3098 0.9236
vn -0.5306 0.1892 0.8263
vn -0.1906 -0.1268 -0.9735
vn -0.1795 -0.1890 -0.9654
vn -0.8174 -0.1579 0.5541
vn -0.5025 0.0584 0.8626
vn -0.8326 -0.1590 0.5306
vn -0.9536 -0.3005 0.0169
vn -0.9477 -0.3184 0.0203
vn -0.2071 -0.1408 -0.9681
vn -0.4849 -0.2439 -0.8399
vn -0.4425 -0.3944 -0.8054
vn -0.1925 -0.2360 -0.9525
vn -0.2172 0.0753 0.9732
vn -0.2047 0.1284 0.9704
vn -0.1746 0.0916 0.9804
vn -0.2704 -0.5124 0.8151
vn -0.4909 -0.1943 0.8493
vn -0.7144 -0.6345 0.2949
vn -0.5017 -0.0151 0.8649
vn -0.1875 -0.9819 0.0283
vn -0.3391 -0.6927 -0.6366
vn -0.6567 -0.7143 -0.2420
vn -0.2139 0.2084 0.9544
vn -0.7866 -0.3437 -0.5129
vn -0.7402 -0.4716 -0.4792
vn -0.1391 0.2507 0.9580
vn -0.1373 0.5040 0.8527
vn -0.1420 0.2182 0.9655
vn -0.0485 0.9979 -0.0424
vn -0.1218 0.9922 -0.0262
vn -0.2403 0.7431 -0.6245
vn -0.0450 0.6964 -0.7162
vn -0.0272 0.6865 -0.7266
vn -0.0356 0.9990 -0.0264
vn -0.0693 0.7681 0.6365
vn -0.1646 0.7498 0.6408
vn -0.1720 -0.1983 -0.9649
vn -0.3939 -0.3366 -0.8553
vn -0.1568 -0.0363 -0.9870
vn 0.0000 -0.0143 -0.9999
vn -0.5766 -0.5558 -0.5988
vn -0.5069 -0.2858 -0.8133
vn -0.3656 -0.1024 -0.9251
vn -0.2343 0.9701 0.0633
vn -0.2054 0.8815 0.4251
vn -0.1896 0.9356 0.2977
vn -0.2475 0.9632 0.1050
vn -0.2754 0.9408 -0.1978
vn -0.3498 0.8628 -0.3651
vn -0.4313 0.5490 -0.7160
vn -0.2698 0.9512 -0.1495
vn -0.2358 0.9007 -0.3649
vn -0.2942 0.7509 -0.5913
vn -0.1529 0.0917 -0.9840
vn -0.3553 0.1001 -0.9294
vn -0.1638 0.2932 -0.9419
vn -0.4592 0.0871 -0.8840
vn -0.2517 0.0372 -0.9671
vn -0.3573 0.4049 -0.8417
vn -0.1542 0.8372 -0.5247
vn -0.1489 0.7838 -0.6030
vn -0.2294 0.9276 -0.2948
vn -0.2012 0.7968 -0.5698
vn -0.1569 0.8588 0.4876
vn -0.1199 0.8711 0.4762
vn -0.2799 0.7329 0.6201
vn -0.2061 0.9382 0.2781
vn -0.1283 0.7649 0.6313
vn -0.1608 0.6002 -0.7835
vn -0.7685 0.6328 0.0947
vn -0.3165 0.9449 0.0836
vn -0.7319 0.4336 0.5257
vn -0.8165 -0.1859 0.5466
vn -0.9895 0.0591 0.1318
vn -0.7379 0.6616 -0.1329
vn -0.6744 0.6755 -0.2979
vn -0.3158 0.9393 -0.1342
vn -0.3160 0.9479 -0.0400
vn -0.9665 0.2009 -0.1597
vn -0.8947 0.2758 -0.3515
vn -0.5221 0.6640 -0.5352
vn -0.2471 0.9630 -0.1077
vn -0.2750 0.9608 -0.0360
vn -0.2447 0.9694 -0.0194
vn -0.2973 0.8977 -0.3250
vn -0.2317 0.9681 0.0951
vn -0.3254 0.8929 0.3113
vn -0.3939 0.3315 -0.8573
vn -0.3661 0.4565 -0.8109
vn -0.7287 0.2381 -0.6421
vn -0.7707 -0.0846 -0.6316
vn -0.4484 -0.0053 -0.8938
vn -0.3561 -0.7229 0.5922
vn -0.4737 -0.3641 0.8019
vn -0.1785 -0.9450 0.2740
vn -0.6791 -0.5921 0.4339
vn -0.4683 0.1157 0.8759
vn -0.2883 0.6064 -0.7411
vn -0.6922 0.3819 -0.6124
vn -0.8206 -0.4883 -0.2970
vn -0.9021 -0.2670 -0.3390
vn -0.7474 -0.6523 -0.1260
vn -0.7087 -0.6928 -0.1335
vn -0.7740 -0.5571 -0.3008
vn -0.7612 -0.3219 -0.5630
vn -0.4782 -0.2504 -0.8418
vn -0.7379 -0.4040 -0.5406
vn -0.4894 -0.3080 -0.8159
vn -0.9262 0.0815 -0.3681
vn -0.9835 -0.0655 -0.1689
vn -0.8759 -0.4605 -0.1436
vn -0.9521 -0.2898 0.0973
vn -0.3829 -0.8956 0.2262
vn -0.6879 -0.7227 0.0671
vn -0.3336 -0.7870 0.5189
vn -0.2413 -0.9094 0.3387
vn -0.4002 -0.6324 0.6632
vn -0.5253 -0.7868 0.3240
vn -0.4091 -0.8837 0.2275
vn -0.6620 -0.7470 0.0610
vn -0.5750 -0.8166 0.0508
vn -0.6332 -0.6530 0.4156
vn -0.7796 -0.6222 0.0708
vn -0.7384 -0.6520 -0.1724
vn -0.5585 -0.8284 0.0421
vn -0.3341 -0.9263 0.1740
vn -0.1676 -0.9596 0.2261
vn -0.4349 -0.4820 0.7606
vn -0.0000 -0.3094 0.9509
vn -0.4588 -0.3185 0.8295
vn -0.7612 -0.3473 0.5476
vn -0.7090 -0.5052 0.4920
vn -0.8751 -0.4763 0.0856
vn -0.9367 -0.3362 0.0979
vn -0.8846 -0.3769 -0.2748
vn -0.8199 -0.5249 -0.2286
vn -0.7726 -0.5266 -0.3546
vn -0.8088 -0.4006 -0.4306
vn -0.7239 -0.3824 -0.5743
vn -0.4879 -0.2801 -0.8267
vn -0.7269 -0.2787 -0.6277
vn -0.4851 -0.2069 -0.8496
vn -0.8284 -0.1068 -0.5499
vn -0.8306 -0.1810 -0.5266
vn -0.9326 -0.1554 -0.3258
vn -0.9378 -0.0626 -0.3416
vn -0.8240 -0.0309 -0.5657
vn -0.7126 -0.0725 -0.6979
vn -0.7178 -0.1246 -0.6851
vn -0.4810 -0.0631 -0.8745
vn -0.4821 -0.1103 -0.8692
vn -0.7066 0.0008 -0.7077
vn -0.4771 0.0235 -0.8786
vn 0.0001 0.0327 -0.9995
vn -0.4827 -0.1416 -0.8643
vn -0.7247 -0.1768 -0.6660
vn -0.8301 -0.2648 -0.4908
vn -0.9154 -0.2631 -0.3046
vn -0.4676 0.1104 -0.8770
vn -0.6962 0.0702 -0.7144
vn -0.6806 0.1272 -0.7215
vn -0.4504 0.1797 -0.8746
vn -0.4593 0.1276 0.8791
vn -0.4710 0.0155 0.8820
vn -0.4393 0.2403 0.8656
vn -0.7761 0.1807 0.6041
vn -0.7950 0.0708 0.6024
vn -0.9766 -0.1888 0.1031
vn -0.7945 -0.1734 0.5820
vn -0.9924 -0.0696 0.1014
vn -0.4725 -0.1349 0.8709
vn -0.8027 -0.0336 0.5955
vn -0.4118 0.3526 0.8403
vn -0.3747 0.4624 0.8036
vn -0.6959 0.4202 0.5823
vn -0.7450 0.2974 0.5971
vn -0.9676 0.2293 0.1060
vn -0.9873 0.1173 0.1069
vn -0.9250 0.3649 0.1062
vn -0.8863 0.3053 -0.3483
vn -0.9176 0.1741 -0.3574
vn -0.8166 0.0339 -0.5762
vn -0.9367 0.0098 -0.3499
vn -0.9312 0.0815 -0.3553
vn -0.8066 0.0916 -0.5840
vn -0.9944 0.0211 0.1040
vn -0.8448 0.5236 0.1104
vn -0.6193 0.5551 0.5553
vn -0.4932 0.7201 0.4880
vn -0.6937 0.7122 0.1075
vn -0.6944 0.6718 -0.2578
vn -0.8242 0.4682 -0.3186
vn -0.7080 0.4558 -0.5395
vn -0.7615 0.2978 -0.5757
vn -0.6044 0.6527 -0.4568
vn -0.5403 0.5019 -0.6754
vn -0.6105 0.3429 -0.7140
vn -0.4212 0.2730 -0.8649
vn -0.6557 0.2085 -0.7257
vn -0.3727 0.4197 -0.8276
vn -0.7913 0.1713 -0.5870
vn -0.1313 0.8695 -0.4761
vn -0.2212 0.7341 -0.6420
vn -0.2981 0.8476 -0.4391
vn -0.0712 0.9534 -0.2932
vn -0.1654 0.8555 0.4907
vn -0.2516 0.7222 0.6443
vn -0.1061 0.9360 0.3356
vn -0.3265 0.8673 0.3757
vn -0.3243 0.5779 0.7489
vn -0.3053 0.5778 -0.7569
vn -0.4355 0.6811 -0.5886
vn -0.0711 0.9891 0.1288
vn -0.2335 0.9675 0.0969
vn -0.0617 0.9981 -0.0069
vn -0.2412 0.9688 -0.0568
vn -0.0587 0.9928 -0.1042
vn -0.2231 0.9602 -0.1683
vn -0.4310 0.8462 -0.3134
vn -0.4786 0.8636 -0.1589
vn -0.1762 0.9343 -0.3098
vn -0.4664 0.8796 0.0937
vn -0.2056 0.9314 0.3003
vn -0.1370 -0.3896 0.9107
vn -0.2208 -0.1849 0.9576
vn -0.5524 -0.1788 0.8142
vn -0.4296 -0.3399 0.8366
vn 0.0933 -0.9572 0.2741
vn -0.0924 -0.4317 -0.8973
vn 0.1255 -0.9590 -0.2539
vn -0.3245 -0.3416 -0.8821
vn -0.8947 0.0023 0.4467
vn -0.8529 -0.0761 0.5165
vn -0.5979 -0.0771 0.7979
vn -0.2341 -0.1323 0.9632
vn 0.0709 -0.9748 -0.2116
vn 0.0780 -0.9969 0.0053
vn -0.8946 -0.4434 -0.0559
vn -0.4258 -0.5939 -0.6826
vn 0.1255 -0.9591 -0.2536
vn 0.0769 -0.9970 -0.0035
vn 0.0932 -0.9572 0.2741
vn -0.5417 -0.5486 0.6369
vn -0.7481 -0.2110 0.6292
vn -0.9993 -0.0100 -0.0368
vn -0.9867 -0.1571 -0.0423
vn -0.5416 -0.5488 0.6368
vn 0.0035 -0.8521 0.5234
vn -0.6567 -0.2295 -0.7183
vn 0.0563 -0.8751 -0.4806
vn -0.4259 -0.5940 -0.6825
vn -0.4227 -0.0782 -0.9029
vn -0.4258 -0.5940 -0.6825
vn 0.0831 -0.4243 -0.9017
vn 0.4975 -0.5613 -0.6614
vn 0.1934 -0.3736 -0.9072
vn -0.4946 -0.0039 -0.8691
vn -0.9943 0.0938 -0.0513
vn -0.9962 0.0791 -0.0366
vn -0.8946 -0.4433 -0.0560
vn -0.5465 0.0108 0.8374
vn -0.5417 -0.5485 0.6369
vn -0.6148 0.0287 0.7882
vn 0.0590 -0.3398 0.9386
vn 0.4204 -0.5561 0.7170
vn -0.0515 -0.3338 0.9412
vn 0.0036 -0.8522 0.5233
vn 0.5680 -0.7487 0.3418
vn 0.7238 -0.6180 0.3069
vn 0.5293 -0.8484 0.0011
vn 0.3479 -0.9357 0.0580
vn 0.5774 -0.7553 -0.3100
vn 0.7396 -0.6060 -0.2930
vn 0.3497 -0.9351 -0.0575
vn 0.7722 -0.5236 -0.3598
vn 0.8265 -0.3535 -0.4381
vn 0.8782 -0.4783 -0.0003
vn 0.9315 -0.3638 -0.0002
vn 0.7528 -0.5365 0.3814
vn 0.8036 -0.3593 0.4745
vn 0.7977 -0.6030 -0.0005
vn 0.8513 -0.2738 -0.4475
vn 0.9556 -0.2946 -0.0001
vn 0.9590 -0.2833 0.0000
vn 0.8642 -0.2605 -0.4304
vn 0.2259 -0.1419 -0.9638
vn 0.2223 -0.2201 -0.9498
vn -0.6361 0.0283 0.7711
vn -0.9976 0.0470 -0.0507
vn -0.6595 0.0364 0.7508
vn 0.0778 -0.1177 0.9900
vn 0.0799 -0.1948 0.9776
vn -0.5138 0.0012 -0.8579
vn -0.5348 0.0096 -0.8449
vn 0.8271 -0.2750 0.4902
vn 0.8404 -0.2604 0.4753
vn 0.8715 -0.2741 -0.4065
vn 0.9560 -0.2935 -0.0000
vn 0.9502 -0.3118 0.0001
vn 0.8741 -0.3028 -0.3798
vn 0.2397 -0.1451 -0.9599
vn 0.2365 -0.1271 -0.9633
vn -0.6907 0.0308 0.7224
vn -0.9979 0.0424 -0.0499
vn -0.9982 0.0333 -0.0490
vn -0.7245 -0.0218 0.6890
vn 0.0798 -0.1201 0.9896
vn 0.0828 -0.1023 0.9913
vn 0.8482 -0.2750 0.4527
vn 0.8503 -0.3086 0.4263
vn -0.5661 0.0014 -0.8244
vn -0.6007 -0.0565 -0.7975
vn -0.0449 0.9989 -0.0133
vn -0.0333 0.6874 -0.7256
vn -0.0197 0.6916 -0.7220
vn -0.0497 0.9987 -0.0096
vn -0.0432 0.7512 0.6587
vn -0.0459 0.7569 0.6519
vn -0.0575 -0.9983 -0.0016
vn -0.0937 -0.6449 0.7585
vn -0.0239 -0.9997 0.0022
vn -0.0211 -0.7188 -0.6949
vn -0.0582 -0.7274 -0.6837
vn -0.0537 0.0050 -0.9985
vn -0.0224 -0.0052 -0.9997
vn -0.0811 0.1828 0.9798
vn -0.0485 0.1638 0.9853
vn -0.0446 -0.6494 0.7592
vn -0.0994 0.9950 -0.0093
vn -0.0356 0.6950 -0.7181
vn -0.1641 0.6759 -0.7185
vn -0.2489 0.9685 -0.0087
vn -0.1865 0.7343 0.6527
vn -0.0601 0.7533 0.6549
vn 0.0086 -0.9999 0.0069
vn -0.0095 -0.6461 0.7632
vn 0.1162 -0.9932 0.0103
vn 0.0964 -0.7086 -0.6990
vn 0.0038 -0.7164 -0.6976
vn -0.0301 0.1610 0.9865
vn 0.0133 0.1659 0.9861
vn 0.0892 -0.6352 0.7672
vn -0.0128 -0.0072 -0.9999
vn 0.0365 -0.0011 -0.9993
vn -0.4127 0.9108 -0.0046
vn -0.3376 0.6342 -0.6956
vn -0.4601 0.5895 -0.6639
vn -0.5027 0.8645 -0.0018
vn -0.4509 0.6566 0.6046
vn -0.3467 0.6948 0.6301
vn 0.2786 -0.9603 0.0140
vn 0.2214 -0.6112 0.7599
vn 0.1932 -0.6190 0.7612
vn 0.2951 -0.9553 0.0158
vn 0.2215 -0.6914 -0.6877
vn 0.2322 -0.6864 -0.6892
vn 0.0498 0.1697 0.9842
vn -0.0274 0.1586 0.9870
vn 0.0920 0.0061 -0.9957
vn 0.0266 -0.0042 -0.9996
vn -0.6764 0.7365 0.0025
vn -0.6707 0.4949 -0.5525
vn -0.9215 0.3882 0.0070
vn -0.8781 0.3528 0.3232
vn -0.6413 0.5671 0.5168
vn -0.1365 -0.0194 -0.9905
vn 0.0615 -0.7173 -0.6941
vn -0.1901 -0.7210 -0.6664
vn -0.3137 -0.0373 -0.9488
vn 0.1474 -0.9890 0.0131
vn 0.0164 -0.6463 0.7629
vn -0.2434 -0.6511 0.7189
vn -0.1326 -0.9911 0.0065
vn -0.1915 0.1477 0.9703
vn -0.3527 0.1314 0.9265
vn -1.0000 0.0042 -0.0037
vn -0.9255 -0.3785 -0.0134
vn -0.9220 0.0702 0.3808
vn -0.9203 -0.0215 -0.3905
vn -0.5869 -0.8096 -0.0060
vn -0.6333 -0.5198 0.5734
vn -0.5859 -0.5934 -0.5519
vn -0.6382 0.1170 0.7610
vn -0.6243 -0.0357 -0.7804
vn 0.7994 -0.4382 0.4109
vn 0.0683 -0.1845 0.9804
vn 0.0314 -0.3811 0.9240
vn -0.0718 -0.6466 0.7595
vn 0.4808 -0.7984 0.3624
vn 0.9244 -0.3815 0.0005
vn -0.7444 -0.1979 0.6377
vn -0.9984 -0.0309 -0.0472
vn -0.9759 -0.2139 -0.0425
vn -0.5904 -0.6657 0.4564
vn 0.8338 -0.4162 -0.3628
vn 0.8241 -0.5665 -0.0003
vn 0.5501 -0.7653 -0.3342
vn 0.1212 -0.6534 -0.7472
vn 0.2031 -0.3865 -0.8996
vn -0.6229 -0.2496 -0.7415
vn 0.2343 -0.2034 -0.9507
vn -0.4909 -0.7111 -0.5034
vn -0.0432 -0.9991 0.0001
vn 0.0709 -0.9747 -0.2118
vn 0.1256 -0.9591 -0.2539
vn -0.1694 -0.9247 -0.3408
vn -0.1581 -0.9809 -0.1131
vn -0.0849 -0.6820 0.7264
vn 0.0013 -1.0000 0.0000
vn -0.1696 -0.9246 -0.3410
vn 0.8951 -0.4424 -0.0558
vn -0.0317 -0.8696 0.4928
vn -0.4975 -0.5612 -0.6615
vn -0.4204 -0.5562 0.7169
vn 0.0562 -0.8750 -0.4809
vn 0.0035 -0.8521 0.5233
vn 0.3157 -0.9489 -0.0000
vn -0.0338 0.7524 0.6578
vn -0.8994 0.2900 -0.3270
vn -0.9139 -0.2689 0.3041
vn -0.8896 -0.3310 -0.3147
vn -0.8660 -0.4999 -0.0106
vn -0.1315 -0.9913 0.0049
vn -0.1577 -0.9810 -0.1129
usemtl vas
s 1
f 1//1 2//2 3//3
f 1//1 4//4 5//5
f 1//1 5//5 6//6
f 1//1 7//7 2//2
f 8//8 9//9 10//10
f 8//8 11//11 12//12
f 8//8 13//13 14//14
f 8//8 14//14 9//9
f 15//15 16//16 17//17
f 15//15 17//17 18//18
f 15//15 19//19 20//20
f 15//15 21//21 22//22
f 23//23 24//24 25//25
f 23//23 26//26 2//2
f 23//23 2//2 27//27
f 23//23 28//28 24//24
f 29//29 30//30 31//31
f 29//29 32//32 9//9
f 29//29 9//9 33//33
f 29//29 34//34 30//30
f 35//35 36//36 37//37
f 35//35 37//37 38//38
f 35//35 16//16 39//39
f 35//35 39//39 40//40
f 41//41 42//42 43//43
f 41//41 44//44 24//24
f 41//41 24//24 45//45
f 41//41 46//46 42//42
f 47//47 48//48 49//49
f 47//47 49//49 30//30
f 47//47 30//30 50//50
f 47//47 51//51 48//48
f 52//52 53//53 54//54
f 52//52 54//54 55//55
f 52//52 36//36 56//56
f 52//52 56//56 57//57
f 58//58 59//59 60//60
f 58//58 60//60 43//43
f 58//58 42//42 61//61
f 58//58 61//61 59//59
f 62//62 63//63 64//64
f 62//62 65//65 48//48
f 62//62 48//48 66//66
f 62//62 67//67 63//63
f 68//68 69//69 70//70
f 68//68 70//70 71//71
f 68//68 53//53 72//72
f 68//68 72//72 73//73
f 74//74 5//5 75//75
f 74//74 76//76 63//63
f 74//74 63//63 77//77
f 74//74 78//78 5//5
f 79//79 13//13 80//80
f 79//79 80//80 81//81
f 79//79 69//69 82//82
f 79//79 82//82 83//83
f 84//84 85//85 27//27
f 84//84 7//7 86//86
f 84//84 86//86 87//87
f 84//84 88//88 85//85
f 89//89 90//90 33//33
f 89//89 14//14 83//83
f 89//89 91//91 92//92
f 89//89 92//92 93//93
f 94//94 95//95 21//21
f 94//94 21//21 20//20
f 94//94 96//96 97//97
f 94//94 98//98 99//99
f 100//100 101//101 45//45
f 100//100 28//28 85//85
f 100//100 85//85 102//102
f 100//100 103//103 101//101
f 104//104 105//105 50//50
f 104//104 34//34 90//90
f 104//104 90//90 106//106
f 104//104 106//106 107//107
f 108//108 109//109 39//39
f 108//108 39//39 22//22
f 108//108 95//95 110//110
f 108//108 110//110 111//111
f 112//112 113//113 114//114
f 112//112 46//46 101//101
f 112//112 101//101 115//115
f 112//112 116//116 113//113
f 117//117 118//118 51//51
f 117//117 51//51 105//105
f 117//117 105//105 107//107
f 117//117 119//119 120//120
f 121//121 122//122 56//56
f 121//121 56//56 40//40
f 121//121 109//109 123//123
f 121//121 123//123 124//124
f 125//125 126//126 61//61
f 125//125 61//61 114//114
f 125//125 113//113 127//127
f 125//125 127//127 126//126
f 128//128 129//129 77//77
f 128//128 67//67 66//66
f 128//128 118//118 130//130
f 128//128 130//130 131//131
f 132//132 133//133 72//72
f 132//132 72//72 57//57
f 132//132 122//122 134//134
f 132//132 134//134 135//135
f 136//136 86//86 6//6
f 136//136 78//78 129//129
f 136//136 129//129 137//137
f 136//136 137//137 86//86
f 138//138 91//91 82//82
f 138//138 82//82 73//73
f 138//138 133//133 139//139
f 138//138 139//139 140//140
f 141//141 142//142 87//87
f 141//141 137//137 131//131
f 141//141 143//143 144//144
f 141//141 144//144 142//142
f 145//145 146//146 139//139
f 145//145 139//139 135//135
f 145//145 147//147 148//148
f 145//145 148//148 149//149
f 150//150 151//151 102//102
f 150//150 88//88 142//142
f 150//150 142//142 152//152
f 150//150 153//153 151//151
f 154//154 155//155 92//92
f 154//154 92//92 140//140
f 154//154 146//146 156//156
f 154//154 156//156 157//157
f 158//158 159//159 98//98
f 158//158 98//98 97//97
f 158//158 160//160 161//161
f 158//158 162//162 163//163
f 164//164 165//165 115//115
f 164//164 103//103 151//151
f 164//164 151//151 166//166
f 164//164 167//167 165//165
f 168//168 169//169 106//106
f 168//168 106//106 93//93
f 168//168 155//155 170//170
f 168//168 170//170 171//171
f 172//172 173//173 110//110
f 172//172 110//110 99//99
f 172//172 159//159 174//174
f 172//172 174//174 175//175
f 176//176 177//177 178//178
f 176//176 116//116 165//165
f 176//176 165//165 179//179
f 176//176 180//180 177//177
f 181//181 182//182 119//119
f 181//181 119//119 169//169
f 181//181 169//169 171//171
f 181//181 183//183 184//184
f 185//185 186//186 123//123
f 185//185 123//123 111//111
f 185//185 173//173 187//187
f 185//185 187//187 188//188
f 189//189 190//190 127//127
f 189//189 127//127 178//178
f 189//189 177//177 191//191
f 189//189 191//191 190//190
f 192//192 143//143 130//130
f 192//192 130//130 120//120
f 192//192 182//182 193//193
f 192//192 193//193 194//194
f 195//195 147//147 134//134
f 195//195 134//134 124//124
f 195//195 186//186 196//196
f 195//195 196//196 197//197
f 198//198 199//199 187//187
f 198//198 187//187 175//175
f 198//198 200//200 201//201
f 198//198 201//201 202//202
f 203//203 204//204 191//191
f 203//203 191//191 205//205
f 203//203 206//206 207//207
f 203//203 207//207 204//204
f 208//208 209//209 193//193
f 208//208 193//193 184//184
f 208//208 210//210 211//211
f 208//208 212//212 209//209
f 213//213 214//214 196//196
f 213//213 196//196 188//188
f 213//213 199//199 215//215
f 213//213 215//215 216//216
f 217//217 218//218 152//152
f 217//217 144//144 194//194
f 217//217 209//209 219//219
f 217//217 219//219 218//218
f 220//220 221//221 148//148
f 220//220 148//148 197//197
f 220//220 214//214 222//222
f 220//220 222//222 223//223
f 224//224 225//225 166//166
f 224//224 153//153 218//218
f 224//224 218//218 226//226
f 224//224 227//227 225//225
f 228//228 229//229 156//156
f 228//228 156//156 149//149
f 228//228 221//221 230//230
f 228//228 230//230 231//231
f 232//232 233//233 162//162
f 232//232 162//162 161//161
f 232//232 234//234 235//235
f 232//232 236//236 237//237
f 238//238 239//239 179//179
f 238//238 167//167 225//225
f 238//238 225//225 240//240
f 238//238 241//241 239//239
f 242//242 243//243 170//170
f 242//242 170//170 157//157
f 242//242 229//229 231//231
f 242//242 244//244 243//243
f 245//245 200//200 174//174
f 245//245 174//174 163//163
f 245//245 233//233 246//246
f 245//245 246//246 247//247
f 248//248 206//206 205//205
f 248//248 180//180 239//239
f 248//248 239//239 249//249
f 248//248 250//250 206//206
f 251//251 210//210 183//183
f 251//251 183//183 243//243
f 251//251 243//243 252//252
f 251//251 253//253 210//210
f 254//254 255//255 252//252
f 254//254 244//244 256//256
f 254//254 256//256 257//257
f 254//254 258//258 255//255
f 259//259 260//260 246//246
f 259//259 246//246 237//237
f 259//259 261//261 262//262
f 259//259 262//262 263//263
f 264//264 265//265 266//266
f 264//264 250//250 267//267
f 264//264 267//267 268//268
f 264//264 269//269 265//265
f 270//270 271//271 211//211
f 270//270 253//253 255//255
f 270//270 255//255 272//272
f 270//270 273//273 271//271
f 274//274 275//275 201//201
f 274//274 201//201 247//247
f 274//274 260//260 276//276
f 274//274 276//276 277//277
f 278//278 279//279 207//207
f 278//278 207//207 266//266
f 278//278 265//265 280//280
f 278//278 280//280 279//279
f 281//281 282//282 283//283
f 281//281 212//212 271//271
f 281//281 271//271 284//284
f 281//281 285//285 282//282
f 286//286 287//287 215//215
f 286//286 215//215 202//202
f 286//286 275//275 288//288
f 286//286 288//288 289//289
f 290//290 291//291 226//226
f 290//290 219//219 282//282
f 290//290 282//282 292//292
f 290//290 293//293 291//291
f 294//294 295//295 222//222
f 294//294 222//222 216//216
f 294//294 287//287 296//296
f 294//294 296//296 297//297
f 298//298 299//299 240//240
f 298//298 227//227 291//291
f 298//298 291//291 300//300
f 298//298 301//301 299//299
f 302//302 256//256 231//231
f 302//302 230//230 223//223
f 302//302 295//295 303//303
f 302//302 303//303 256//256
f 304//304 261//261 236//236
f 304//304 236//236 235//235
f 304//304 305//305 306//306
f 304//304 307//307 308//308
f 309//309 267//267 249//249
f 309//309 241//241 299//299
f 309//309 299//299 310//310
f 309//309 311//311 267//267
f 312//312 313//313 310//310
f 312//312 301//301 314//314
f 312//312 314//314 315//315
f 312//312 316//316 313//313
f 317//317 318//318 257//257
f 317//317 303//303 297//297
f 317//317 319//319 320//320
f 317//317 320//320 318//318
f 321//321 322//322 307//307
f 321//321 307//307 306//306
f 321//321 323//323 324//324
f 321//321 325//325 326//326
f 327//327 328//328 268//268
f 327//327 311//311 313//313
f 327//327 313//313 329//329
f 327//327 330//330 328//328
f 331//331 332//332 272//272
f 331//331 258//258 318//318
f 331//331 318//318 333//333
f 331//331 334//334 332//332
f 335//335 336//336 262//262
f 335//335 262//262 308//308
f 335//335 322//322 337//337
f 335//335 337//337 338//338
f 339//339 340//340 341//341
f 339//339 269//269 328//328
f 339//339 328//328 342//342
f 339//339 343//343 340//340
f 344//344 345//345 273//273
f 344//344 273//273 332//332
f 344//344 332//332 346//346
f 344//344 347//347 348//348
f 349//349 350//350 276//276
f 349//349 276//276 263//263
f 349//349 336//336 351//351
f 349//349 351//351 352//352
f 353//353 354//354 280//280
f 353//353 280//280 341//341
f 353//353 340//340 355//355
f 353//353 355//355 354//354
f 356//356 357//357 292//292
f 356//356 285//285 345//345
f 356//356 345//345 358//358
f 356//356 358//358 357//357
f 359//359 360//360 288//288
f 359//359 288//288 277//277
f 359//359 350//350 361//361
f 359//359 361//361 362//362
f 363//363 314//314 300//300
f 363//363 293//293 357//357
f 363//363 357//357 364//364
f 363//363 365//365 314//314
f 366//366 319//319 296//296
f 366//366 296//296 289//289
f 366//366 360//360 367//367
f 366//366 367//367 368//368
f 369//369 370//370 315//315
f 369//369 365//365 371//371
f 369//369 371//371 372//372
f 369//369 373//373 370//370
f 374//374 375//375 367//367
f 374//374 367//367 362//362
f 374//374 376//376 377//377
f 374//374 377//377 378//378
f 379//379 380//380 329//329
f 379//379 316//316 370//370
f 379//379 370//370 381//381
f 379//379 382//382 380//380
f 383//383 384//384 333//333
f 383//383 320//320 368//368
f 383//383 375//375 385//385
f 383//383 385//385 384//384
f 386//386 387//387 325//325
f 386//386 325//325 324//324
f 386//386 388//388 389//389
f 386//386 390//390 391//391
f 392//392 393//393 342//342
f 392//392 330//330 380//380
f 392//392 380//380 394//394
f 392//392 395//395 393//393
f 396//396 397//397 346//346
f 396//396 334//334 384//384
f 396//396 384//384 398//398
f 396//396 399//399 397//397
f 400//400 401//401 337//337
f 400//400 337//337 326//326
f 400//400 387//387 402//402
f 400//400 402//402 403//403
f 404//404 405//405 406//406
f 404//404 343//343 393//393
f 404//404 393//393 407//407
f 404//404 408//408 405//405
f 409//409 410//410 347//347
f 409//409 347//347 397//397
f 409//409 397//397 411//411
f 409//409 412//412 413//413
f 414//414 415//415 351//351
f 414//414 351//351 338//338
f 414//414 401//401 416//416
f 414//414 416//416 417//417
f 418//418 419//419 355//355
f 418//418 355//355 406//406
f 418//418 405//405 420//420
f 418//418 420//420 419//419
f 421//421 371//371 364//364
f 421//421 358//358 348//348
f 421//421 410//410 422//422
f 421//421 422//422 371//371
f 423//423 376//376 361//361
f 423//423 361//361 352//352
f 423//423 415//415 424//424
f 423//423 424//424 425//425
f 426//426 427//427 416//416
f 426//426 416//416 403//403
f 426//426 428//428 429//429
f 426//426 429//429 430//430
f 431//431 432//432 420//420
f 431//431 420//420 433//433
f 431//431 434//434 435//435
f 431//431 435//435 432//432
f 436//436 437//437 372//372
f 436//436 422//422 413//413
f 436//436 438//438 439//439
f 436//436 439//439 437//437
f 440//440 441//441 424//424
f 440//440 424//424 417//417
f 440//440 427//427 442//442
f 440//440 442//442 443//443
f 444//444 445//445 381//381
f 444//444 373//373 437//437
f 444//444 437//437 446//446
f 444//444 447//447 445//445
f 448//448 449//449 377//377
f 448//448 377//377 425//425
f 448//448 441//441 450//450
f 448//448 450//450 451//451
f 452//452 453//453 394//394
f 452//452 382//382 445//445
f 452//452 445//445 454//454
f 452//452 455//455 453//453
f 456//456 457//457 398//398
f 456//456 385//385 378//378
f 456//456 449//449 458//458
f 456//456 458//458 457//457
f 459//459 460//460 390//390
f 459//459 390//390 389//389
f 459//459 461//461 462//462
f 459//459 462//462 463//463
f 464//464 465//465 407//407
f 464//464 395//395 453//453
f 464//464 453//453 466//466
f 464//464 467//467 465//465
f 468//468 469//469 411//411
f 468//468 399//399 457//457
f 468//468 457//457 470//470
f 468//468 471//471 469//469
f 472//472 428//428 402//402
f 472//472 402//402 391//391
f 472//472 460//460 473//473
f 472//472 473//473 474//474
f 475//475 434//434 433//433
f 475//475 408//408 465//465
f 475//475 465//465 476//476
f 475//475 477//477 434//434
f 478//478 438//438 412//412
f 478//478 412//412 469//469
f 478//478 469//469 479//479
f 478//478 480//480 481//481
f 482//482 483//483 479//479
f 482//482 471//471 484//484
f 482//482 484//484 485//485
f 482//482 486//486 483//483
f 487//487 488//488 473//473
f 487//487 473//473 463//463
f 487//487 489//489 490//490
f 487//487 490//490 491//491
f 492//492 493//493 494//494
f 492//492 477//477 495//495
f 492//492 495//495 496//496
f 492//492 497//497 493//493
f 498//498 499//499 480//480
f 498//498 480//480 483//483
f 498//498 483//483 500//500
f 498//498 501//501 502//502
f 503//503 504//504 429//429
f 503//503 429//429 474//474
f 503//503 488//488 505//505
f 503//503 505//505 506//506
f 507//507 508//508 435//435
f 507//507 435//435 494//494
f 507//507 493//493 509//509
f 507//507 509//509 510//510
f 511//511 512//512 446//446
f 511//511 439//439 481//481
f 511//511 499//499 513//513
f 511//511 513//513 512//512
f 514//514 515//515 442//442
f 514//514 442//442 430//430
f 514//514 504//504 516//516
f 514//514 516//516 517//517
f 518//518 519//519 454//454
f 518//518 447//447 512//512
f 518//518 512//512 520//520
f 518//518 521//521 519//519
f 522//522 523//523 450//450
f 522//522 450//450 443//443
f 522//522 515//515 524//524
f 522//522 524//524 525//525
f 526//526 527//527 466//466
f 526//526 455//455 519//519
f 526//526 519//519 528//528
f 526//526 529//529 527//527
f 530//530 484//484 470//470
f 530//530 458//458 451//451
f 530//530 523//523 531//531
f 530//530 531//531 484//484
f 532//532 489//489 462//462
f 532//532 462//462 533//533
f 532//532 533//533 534//534
f 532//532 534//534 535//535
f 536//536 495//495 476//476
f 536//536 467//467 527//527
f 536//536 527//527 537//537
f 536//536 538//538 495//495
f 539//539 540//540 537//537
f 539//539 529//529 541//541
f 539//539 541//541 542//542
f 539//539 543//543 540//540
f 544//544 545//545 485//485
f 544//544 531//531 525//525
f 544//544 546//546 547//547
f 544//544 547//547 545//545
f 548//548 549//549 534//534
f 548//548 534//534 550//550
f 548//548 550//550 551//551
f 548//548 551//551 552//552
f 553//553 554//554 496//496
f 553//553 538//538 540//540
f 553//553 540//540 555//555
f 553//553 556//556 554//554
f 557//557 558//558 500//500
f 557//557 486//486 545//545
f 557//557 545//545 559//559
f 557//557 560//560 558//558
f 561//561 562//562 490//490
f 561//561 490//490 535//535
f 561//561 549//549 563//563
f 561//561 563//563 564//564
f 565//565 566//566 567//567
f 565//565 497//497 554//554
f 565//565 554//554 568//568
f 565//565 569//569 566//566
f 570//570 571//571 501//501
f 570//570 501//501 558//558
f 570//570 558//558 572//572
f 570//570 573//573 574//574
f 575//575 576//576 505//505
f 575//575 505//505 491//491
f 575//575 562//562 577//577
f 575//575 577//577 578//578
f 579//579 580//580 509//509
f 579//579 509//509 567//567
f 579//579 566//566 581//581
f 579//579 581//581 582//582
f 583//583 584//584 520//520
f 583//583 513//513 502//502
f 583//583 571//571 585//585
f 583//583 585//585 584//584
f 586//586 587//587 516//516
f 586//586 516//516 506//506
f 586//586 576//576 588//588
f 586//586 588//588 589//589
f 590//590 541//541 528//528
f 590//590 521//521 584//584
f 590//590 584//584 591//591
f 590//590 592//592 541//541
f 593//593 546//546 524//524
f 593//593 524//524 517//517
f 593//593 587//587 594//594
f 593//593 594//594 595//595
f 596//596 597//597 542//542
f 596//596 592//592 598//598
f 596//596 598//598 599//599
f 596//596 600//600 597//597
f 601//601 602//602 594//594
f 601//601 594//594 589//589
f 601//601 603//603 604//604
f 601//601 604//604 605//605
f 606//606 607//607 555//555
f 606//606 543//543 597//597
f 606//606 597//597 608//608
f 606//606 609//609 607//607
f 610//610 611//611 559//559
f 610//610 547//547 595//595
f 610//610 602//602 612//612
f 610//610 612//612 611//611
f 613//613 614//614 551//551
f 613//613 551//551 615//615
f 613//613 615//615 616//616
f 613//613 616//616 617//617
f 618//618 619//619 568//568
f 618//618 556//556 607//607
f 618//618 607//607 620//620
f 618//618 621//621 619//619
f 622//622 623//623 572//572
f 622//622 560//560 611//611
f 622//622 611//611 624//624
f 622//622 625//625 623//623
f 626//626 627//627 563//563
f 626//626 563//563 552//552
f 626//626 614//614 628//628
f 626//626 628//628 629//629
f 630//630 631//631 632//632
f 630//630 569//569 619//619
f 630//630 619//619 633//633
f 630//630 634//634 631//631
f 635//635 636//636 573//573
f 635//635 573//573 623//623
f 635//635 623//623 637//637
f 635//635 638//638 639//639
f 640//640 641//641 577//577
f 640//640 577//577 564//564
f 640//640 627//627 642//642
f 640//640 642//642 643//643
f 644//644 645//645 582//582
f 644//644 581//581 632//632
f 644//644 631//631 646//646
f 644//644 646//646 647//647
f 648//648 598//598 591//591
f 648//648 585//585 574//574
f 648//648 636//636 639//639
f 648//648 649//649 598//598
f 650//650 603//603 588//588
f 650//650 588//588 578//578
f 650//650 641//641 651//651
f 650//650 651//651 652//652
f 653//653 654//654 647//647
f 653//653 646//646 655//655
f 653//653 656//656 657//657
f 653//653 657//657 658//658
f 659//659 660//660 599//599
f 659//659 649//649 661//661
f 659//659 661//661 662//662
f 659//659 663//663 660//660
f 664//664 665//665 651//651
f 664//664 651//651 643//643
f 664//664 666//666 667//667
f 664//664 667//667 668//668
f 669//669 670//670 608//608
f 669//669 600//600 660//660
f 669//669 660//660 671//671
f 669//669 672//672 670//670
f 673//673 674//674 604//604
f 673//673 604//604 652//652
f 673//673 665//665 675//675
f 673//673 675//675 676//676
f 677//677 678//678 620//620
f 677//677 609//609 670//670
f 677//677 670//670 679//679
f 677//677 680//680 678//678
f 681//681 682//682 624//624
f 681//681 612//612 605//605
f 681//681 674//674 683//683
f 681//681 683//683 682//682
f 684//684 685//685 616//616
f 684//684 616//616 686//686
f 684//684 686//686 687//687
f 684//684 687//687 688//688
f 689//689 690//690 633//633
f 689//689 621//621 678//678
f 689//689 678//678 691//691
f 689//689 692//692 690//690
f 693//693 694//694 637//637
f 693//693 625//625 682//682
f 693//693 682//682 695//695
f 693//693 696//696 694//694
f 697//697 698//698 628//628
f 697//697 628//628 617//617
f 697//697 685//685 699//699
f 697//697 699//699 700//700
f 701//701 656//656 655//655
f 701//701 634//634 690//690
f 701//701 690//690 702//702
f 701//701 703//703 656//656
f 704//704 661//661 639//639
f 704//704 638//638 694//694
f 704//704 694//694 705//705
f 704//704 706//706 661//661
f 707//707 666//666 642//642
f 707//707 642//642 629//629
f 707//707 698//698 708//708
f 707//707 708//708 709//709
f 710//710 711//711 699//699
f 710//710 699//699 688//688
f 710//710 712//712 713//713
f 710//710 713//713 714//714
f 715//715 716//716 717//717
f 715//715 703//703 718//718
f 715//715 718//718 719//719
f 715//715 720//720 716//716
f 721//721 722//722 662//662
f 721//721 706//706 723//723
f 721//721 723//723 724//724
f 721//721 725//725 726//726
f 727//727 728//728 708//708
f 727//727 708//708 700//700
f 727//727 711//711 729//729
f 727//727 729//729 730//730
f 731//731 732//732 658//658
f 731//731 657//657 717//717
f 731//731 716//716 733//733
f 731//731 733//733 734//734
f 735//735 736//736 671//671
f 735//735 663//663 722//722
f 735//735 722//722 737//737
f 735//735 737//737 738//738
f 739//739 740//740 667//667
f 739//739 667//667 709//709
f 739//739 728//728 741//741
f 739//739 741//741 742//742
f 743//743 744//744 679//679
f 743//743 672//672 671//671
f 743//743 736//736 745//745
f 743//743 745//745 744//744
f 746//746 747//747 675//675
f 746//746 675//675 668//668
f 746//746 740//740 748//748
f 746//746 748//748 749//749
f 750//750 751//751 691//691
f 750//750 680//680 744//744
f 750//750 744//744 752//752
f 750//750 753//753 751//751
f 754//754 755//755 683//683
f 754//754 683//683 676//676
f 754//754 747//747 756//756
f 754//754 756//756 757//757
f 758//758 712//712 687//687
f 758//758 687//687 759//759
f 758//758 759//759 760//760
f 758//758 760//760 761//761
f 762//762 718//718 702//702
f 762//762 692//692 751//751
f 762//762 751//751 763//763
f 762//762 764//764 718//718
f 765//765 723//723 705//705
f 765//765 696//696 755//755
f 765//765 755//755 766//766
f 765//765 766//766 724//724
f 767//767 768//768 756//756
f 767//767 756//756 749//749
f 767//767 769//769 770//770
f 767//767 770//770 771//771
f 772//772 773//773 760//760
f 772//772 760//760 774//774
f 772//772 774//774 775//775
f 772//772 775//775 776//776
f 777//777 778//778 719//719
f 777//777 764//764 779//779
f 777//777 779//779 780//780
f 777//777 781//781 778//778
f 782//782 783//783 766//766
f 782//782 766//766 757//757
f 782//782 768//768 784//784
f 782//782 784//784 785//785
f 786//786 787//787 713//713
f 786//786 713//713 761//761
f 786//786 773//773 788//788
f 786//786 788//788 789//789
f 790//790 791//791 792//792
f 790//790 720//720 778//778
f 790//790 778//778 793//793
f 790//790 794//794 791//791
f 795//795 796//796 725//725
f 795//795 725//725 783//783
f 795//795 783//783 785//785
f 795//795 797//797 798//798
f 799//799 800//800 729//729
f 799//799 729//729 714//714
f 799//799 787//787 801//801
f 799//799 801//801 802//802
f 803//803 804//804 734//734
f 803//803 733//733 792//792
f 803//803 791//791 805//805
f 803//803 805//805 806//806
f 807//807 808//808 737//737
f 807//807 737//737 726//726
f 807//807 796//796 809//809
f 807//807 809//809 810//810
f 811//811 812//812 741//741
f 811//811 741//741 730//730
f 811//811 800//800 813//813
f 811//811 813//813 814//814
f 815//815 816//816 752//752
f 815//815 745//745 738//738
f 815//815 808//808 817//817
f 815//815 817//817 816//816
f 818//818 769//769 748//748
f 818//818 748//748 742//742
f 818//818 812//812 819//819
f 818//818 819//819 820//820
f 821//821 779//779 763//763
f 821//821 753//753 816//816
f 821//821 816//816 822//822
f 821//821 823//823 779//779
f 824//824 825//825 822//822
f 824//824 817//817 810//810
f 824//824 826//826 827//827
f 824//824 828//828 825//825
f 829//829 830//830 819//819
f 829//829 819//819 814//814
f 829//829 831//831 832//832
f 829//829 832//832 833//833
f 834//834 835//835 780//780
f 834//834 823//823 825//825
f 834//834 825//825 836//836
f 834//834 837//837 835//835
f 838//838 839//839 770//770
f 838//838 770//770 820//820
f 838//838 830//830 840//840
f 838//838 840//840 839//839
f 841//841 842//842 775//775
f 841//841 775//775 843//843
f 841//841 843//843 844//844
f 841//841 844//844 845//845
f 846//846 847//847 793//793
f 846//846 781//781 835//835
f 846//846 835//835 848//848
f 846//846 849//849 847//847
f 850//850 851//851 784//784
f 850//850 784//784 771//771
f 850//850 839//839 852//852
f 850//850 853//853 851//851
f 854//854 855//855 788//788
f 854//854 788//788 776//776
f 854//854 842//842 856//856
f 854//854 856//856 857//857
f 858//858 859//859 860//860
f 858//858 794//794 847//847
f 858//858 847//847 861//861
f 858//858 862//862 859//859
f 863//863 864//864 797//797
f 863//863 797//797 851//851
f 863//863 851//851 865//865
f 863//863 866//866 867//867
f 868//868 869//869 801//801
f 868//868 801//801 789//789
f 868//868 855//855 870//870
f 868//868 870//870 871//871
f 872//872 873//873 806//806
f 872//872 805//805 860//860
f 872//872 859//859 874//874
f 872//872 874//874 875//875
f 876//876 826//826 809//809
f 876//876 809//809 798//798
f 876//876 864//864 877//877
f 876//876 877//877 826//826
f 878//878 831//831 813//813
f 878//878 813//813 802//802
f 878//878 869//869 879//879
f 878//878 879//879 880//880
f 881//881 882//882 875//875
f 881//881 874//874 883//883
f 881//881 884//884 885//885
f 881//881 885//885 886//886
f 887//887 888//888 827//827
f 887//887 877//877 889//889
f 887//887 889//889 890//890
f 887//887 891//891 888//888
f 892//892 893//893 879//879
f 892//892 879//879 871//871
f 892//892 894//894 895//895
f 892//892 895//895 896//896
f 897//897 898//898 836//836
f 897//897 828//828 888//888
f 897//897 888//888 899//899
f 897//897 900//900 898//898
f 901//901 902//902 832//832
f 901//901 832//832 880//880
f 901//901 893//893 903//903
f 901//901 903//903 904//904
f 905//905 906//906 848//848
f 905//905 837//837 898//898
f 905//905 898//898 907//907
f 905//905 908//908 906//906
f 909//909 910//910 852//852
f 909//909 840//840 833//833
f 909//909 902//902 911//911
f 909//909 911//911 910//910
f 912//912 913//913 844//844
f 912//912 844//844 914//914
f 912//912 914//914 915//915
f 912//912 915//915 916//916
f 917//917 918//918 861//861
f 917//917 849//849 906//906
f 917//917 906//906 919//919
f 917//917 920//920 918//918
f 921//921 922//922 865//865
f 921//921 853//853 910//910
f 921//921 910//910 923//923
f 921//921 924//924 922//922
f 925//925 926//926 856//856
f 925//925 856//856 845//845
f 925//925 913//913 927//927
f 925//925 927//927 928//928
f 929//929 884//884 883//883
f 929//929 862//862 918//918
f 929//929 918//918 930//930
f 929//929 931//931 884//884
f 932//932 889//889 866//866
f 932//932 866//866 922//922
f 932//932 922//922 933//933
f 932//932 934//934 890//890
f 935//935 894//894 870//870
f 935//935 870//870 857//857
f 935//935 926//926 936//936
f 935//935 936//936 937//937
f 938//938 939//939 928//928
f 938//938 927//927 940//940
f 938//938 940//940 941//941
f 938//938 942//942 939//939
f 943//943 944//944 931//931
f 943//943 931//931 930//930
f 943//943 945//945 946//946
f 943//943 946//946 947//947
f 948//948 949//949 934//934
f 948//948 934//934 950//950
f 948//948 950//950 951//951
f 948//948 952//952 953//953
f 954//954 955//955 937//937
f 954//954 936//936 939//939
f 954//954 939//939 956//956
f 954//954 957//957 955//955
f 958//958 959//959 886//886
f 958//958 885//885 944//944
f 958//958 944//944 947//947
f 958//958 960//960 961//961
f 962//962 963//963 899//899
f 962//962 891//891 949//949
f 962//962 949//949 953//953
f 962//962 964//964 963//963
f 965//965 966//966 896//896
f 965//965 895//895 955//955
f 965//965 955//955 967//967
f 965//965 968//968 966//966
f 969//969 970//970 900//900
f 969//969 900//900 963//963
f 969//969 963//963 971//971
f 969//969 972//972 973//973
f 974//974 975//975 904//904
f 974//974 903//903 966//966
f 974//974 966//966 976//976
f 974//974 977//977 975//975
f 978//978 979//979 908//908
f 978//978 908//908 907//907
f 978//978 970//970 980//980
f 978//978 980//980 981//981
f 982//982 983//983 923//923
f 982//982 911//911 975//975
f 982//982 975//975 984//984
f 982//982 985//985 983//983
f 986//986 940//940 916//916
f 986//986 915//915 987//987
f 986//986 987//987 988//988
f 986//986 988//988 940//940
f 989//989 945//945 920//920
f 989//989 920//920 919//919
f 989//989 979//979 990//990
f 989//989 990//990 991//991
f 992//992 950//950 924//924
f 992//992 924//924 923//923
f 992//992 983//983 993//993
f 992//992 993//993 950//950
f 994//994 995//995 996//996
f 994//994 985//985 997//997
f 994//994 997//997 998//998
f 994//994 999//999 995//995
f 1000//1000 1001//1001 941//941
f 1000//1000 988//988 1002//1002
f 1000//1000 1002//1002 1003//1003
f 1000//1000 1003//1003 1001//1001
f 1004//1004 1005//1005 990//990
f 1004//1004 990//990 981//981
f 1004//1004 1006//1006 1007//1007
f 1004//1004 1007//1007 1008//1008
f 1009//1009 1010//1010 951//951
f 1009//1009 993//993 995//995
f 1009//1009 995//995 1011//1011
f 1009//1009 1012//1012 1010//1010
f 1013//1013 1014//1014 956//956
f 1013//1013 942//942 1001//1001
f 1013//1013 1001//1001 1015//1015
f 1013//1013 1016//1016 1014//1014
f 1017//1017 1018//1018 946//946
f 1017//1017 946//946 991//991
f 1017//1017 1005//1005 1019//1019
f 1017//1017 1019//1019 1020//1020
f 1021//1021 1022//1022 952//952
f 1021//1021 952//952 1010//1010
f 1021//1021 1010//1010 1023//1023
f 1021//1021 1024//1024 1025//1025
f 1026//1026 1027//1027 967//967
f 1026//1026 957//957 1014//1014
f 1026//1026 1014//1014 1028//1028
f 1026//1026 1029//1029 1027//1027
f 1030//1030 1031//1031 961//961
f 1030//1030 960//960 1018//1018
f 1030//1030 1018//1018 1020//1020
f 1030//1030 1032//1032 1033//1033
f 1034//1034 1035//1035 971//971
f 1034//1034 964//964 1022//1022
f 1034//1034 1022//1022 1025//1025
f 1034//1034 1036//1036 1035//1035
f 1037//1037 1038//1038 976//976
f 1037//1037 968//968 1027//1027
f 1037//1037 1027//1027 1039//1039
f 1037//1037 1040//1040 1038//1038
f 1041//1041 1042//1042 972//972
f 1041//1041 972//972 1035//1035
f 1041//1041 1035//1035 1043//1043
f 1041//1041 1044//1044 1045//1045
f 1046//1046 997//997 984//984
f 1046//1046 977//977 1038//1038
f 1046//1046 1038//1038 1047//1047
f 1046//1046 1048//1048 997//997
f 1049//1049 1006//1006 980//980
f 1049//1049 980//980 973//973
f 1049//1049 1042//1042 1050//1050
f 1049//1049 1050//1050 1051//1051
f 1052//1052 1053//1053 1044//1044
f 1052//1052 1044//1044 1054//1054
f 1052//1052 1054//1054 1055//1055
f 1052//1052 1056//1056 1057//1057
f 1058//1058 1059//1059 998//998
f 1058//1058 1048//1048 1060//1060
f 1058//1058 1060//1060 1061//1061
f 1058//1058 1062//1062 1059//1059
f 1063//1063 1064//1064 1050//1050
f 1063//1063 1050//1050 1045//1045
f 1063//1063 1053//1053 1065//1065
f 1063//1063 1065//1065 1066//1066
f 1067//1067 1068//1068 1011//1011
f 1067//1067 999//999 1059//1059
f 1067//1067 1059//1059 1069//1069
f 1067//1067 1070//1070 1068//1068
f 1071//1071 1072//1072 1015//1015
f 1071//1071 1003//1003 1073//1073
f 1071//1071 1073//1073 1074//1074
f 1071//1071 1074//1074 1072//1072
f 1075//1075 1076//1076 1007//1007
f 1075//1075 1007//1007 1051//1051
f 1075//1075 1064//1064 1077//1077
f 1075//1075 1077//1077 1078//1078
f 1079//1079 1080//1080 1023//1023
f 1079//1079 1012//1012 1068//1068
f 1079//1079 1068//1068 1081//1081
f 1079//1079 1082//1082 1080//1080
f 1083//1083 1084//1084 1028//1028
f 1083//1083 1016//1016 1072//1072
f 1083//1083 1072//1072 1085//1085
f 1083//1083 1086//1086 1084//1084
f 1087//1087 1088//1088 1019//1019
f 1087//1087 1019//1019 1008//1008
f 1087//1087 1076//1076 1089//1089
f 1087//1087 1089//1089 1090//1090
f 1091//1091 1092//1092 1024//1024
f 1091//1091 1024//1024 1080//1080
f 1091//1091 1080//1080 1093//1093
f 1091//1091 1094//1094 1095//1095
f 1096//1096 1097//1097 1039//1039
f 1096//1096 1029//1029 1084//1084
f 1096//1096 1084//1084 1098//1098
f 1096//1096 1099//1099 1097//1097
f 1100//1100 1101//1101 1033//1033
f 1100//1100 1032//1032 1088//1088
f 1100//1100 1088//1088 1090//1090
f 1100//1100 1102//1102 1103//1103
f 1104//1104 1054//1054 1043//1043
f 1104//1104 1036//1036 1092//1092
f 1104//1104 1092//1092 1095//1095
f 1104//1104 1105//1105 1054//1054
f 1106//1106 1060//1060 1047//1047
f 1106//1106 1040//1040 1097//1097
f 1106//1106 1097//1097 1107//1107
f 1106//1106 1108//1108 1060//1060
f 1109//1109 1110//1110 1103//1103
f 1109//1109 1102//1102 1111//1111
f 1109//1109 1111//1111 1112//1112
f 1109//1109 1113//1113 1114//1114
f 1115//1115 1116//1116 1055//1055
f 1115//1115 1105//1105 1117//1117
f 1115//1115 1117//1117 1118//1118
f 1115//1115 1119//1119 1116//1116
f 1120//1120 1121//1121 1061//1061
f 1120//1120 1108//1108 1122//1122
f 1120//1120 1122//1122 1123//1123
f 1120//1120 1124//1124 1121//1121
f 1125//1125 1126//1126 1056//1056
f 1125//1125 1056//1056 1116//1116
f 1125//1125 1116//1116 1127//1127
f 1125//1125 1128//1128 1129//1129
f 1130//1130 1131//1131 1069//1069
f 1130//1130 1062//1062 1121//1121
f 1130//1130 1121//1121 1132//1132
f 1130//1130 1133//1133 1131//1131
f 1134//1134 1135//1135 1065//1065
f 1134//1134 1065//1065 1057//1057
f 1134//1134 1126//1126 1136//1136
f 1134//1134 1136//1136 1137//1137
f 1138//1138 1139//1139 1081//1081
f 1138//1138 1070//1070 1131//1131
f 1138//1138 1131//1131 1140//1140
f 1138//1138 1141//1141 1139//1139
f 1142//1142 1143//1143 1085//1085
f 1142//1142 1074//1074 1144//1144
f 1142//1142 1144//1144 1145//1145
f 1142//1142 1145//1145 1143//1143
f 1146//1146 1147//1147 1077//1077
f 1146//1146 1077//1077 1066//1066
f 1146//1146 1135//1135 1148//1148
f 1146//1146 1148//1148 1149//1149
f 1150//1150 1151//1151 1093//1093
f 1150//1150 1082//1082 1139//1139
f 1150//1150 1139//1139 1152//1152
f 1150//1150 1153//1153 1151//1151
f 1154//1154 1155//1155 1098//1098
f 1154//1154 1086//1086 1143//1143
f 1154//1154 1143//1143 1156//1156
f 1154//1154 1157//1157 1155//1155
f 1158//1158 1111//1111 1089//1089
f 1158//1158 1089//1089 1078//1078
f 1158//1158 1147//1147 1159//1159
f 1158//1158 1159//1159 1112//1112
f 1160//1160 1117//1117 1094//1094
f 1160//1160 1094//1094 1151//1151
f 1160//1160 1151//1151 1161//1161
f 1160//1160 1162//1162 1118//1118
f 1163//1163 1122//1122 1107//1107
f 1163//1163 1099//1099 1155//1155
f 1163//1163 1155//1155 1164//1164
f 1163//1163 1165//1165 1122//1122
f 1166//1166 1167//1167 1159//1159
f 1166//1166 1159//1159 1149//1149
f 1166//1166 1168//1168 1169//1169
f 1166//1166 1169//1169 1170//1170
f 1171//1171 1172//1172 1162//1162
f 1171//1171 1162//1162 1173//1173
f 1171//1171 1173//1173 1174//1174
f 1171//1171 1175//1175 1176//1176
f 1177//1177 1178//1178 1123//1123
f 1177//1177 1165//1165 1179//1179
f 1177//1177 1179//1179 1180//1180
f 1177//1177 1181//1181 1178//1178
f 1182//1182 1183//1183 1114//1114
f 1182//1182 1113//1113 1167//1167
f 1182//1182 1167//1167 1170//1170
f 1182//1182 1184//1184 1185//1185
f 1186//1186 1187//1187 1127//1127
f 1186//1186 1119//1119 1172//1172
f 1186//1186 1172//1172 1176//1176
f 1186//1186 1188//1188 1187//1187
f 1189//1189 1190//1190 1132//1132
f 1189//1189 1124//1124 1178//1178
f 1189//1189 1178//1178 1191//1191
f 1189//1189 1192//1192 1190//1190
f 1193//1193 1194//1194 1128//1128
f 1193//1193 1128//1128 1187//1187
f 1193//1193 1187//1187 1195//1195
f 1193//1193 1196//1196 1197//1197
f 1198//1198 1199//1199 1140//1140
f 1198//1198 1133//1133 1190//1190
f 1198//1198 1190//1190 1200//1200
f 1198//1198 1201//1201 1199//1199
f 1202//1202 1203//1203 1136//1136
f 1202//1202 1136//1136 1129//1129
f 1202//1202 1194//1194 1204//1204
f 1202//1202 1204//1204 1205//1205
f 1206//1206 1207//1207 1152//1152
f 1206//1206 1141//1141 1199//1199
f 1206//1206 1199//1199 1208//1208
f 1206//1206 1209//1209 1207//1207
f 1210//1210 1211//1211 1156//1156
f 1210//1210 1145//1145 1212//1212
f 1210//1210 1212//1212 1213//1213
f 1210//1210 1213//1213 1211//1211
f 1214//1214 1168//1168 1148//1148
f 1214//1214 1148//1148 1137//1137
f 1214//1214 1203//1203 1215//1215
f 1214//1214 1215//1215 1216//1216
f 1217//1217 1173//1173 1161//1161
f 1217//1217 1153//1153 1207//1207
f 1217//1217 1207//1207 1218//1218
f 1217//1217 1219//1219 1173//1173
f 1220//1220 1179//1179 1164//1164
f 1220//1220 1157//1157 1211//1211
f 1220//1220 1211//1211 1221//1221
f 1220//1220 1222//1222 1179//1179
f 1223//1223 1224//1224 1221//1221
f 1223//1223 1213//1213 1225//1225
f 1223//1223 1225//1225 1226//1226
f 1223//1223 1226//1226 1224//1224
f 1227//1227 1228//1228 1215//1215
f 1227//1227 1215//1215 1205//1205
f 1227//1227 1229//1229 1230//1230
f 1227//1227 1230//1230 1231//1231
f 1232//1232 1233//1233 1174//1174
f 1232//1232 1219//1219 1234//1234
f 1232//1232 1234//1234 1235//1235
f 1232//1232 1236//1236 1233//1233
f 1237//1237 1238//1238 1180//1180
f 1237//1237 1222//1222 1224//1224
f 1237//1237 1224//1224 1239//1239
f 1237//1237 1240//1240 1238//1238
f 1241//1241 1242//1242 1169//1169
f 1241//1241 1169//1169 1216//1216
f 1241//1241 1228//1228 1243//1243
f 1241//1241 1243//1243 1244//1244
f 1245//1245 1246//1246 1175//1175
f 1245//1245 1175//1175 1233//1233
f 1245//1245 1233//1233 1247//1247
f 1245//1245 1248//1248 1249//1249
f 1250//1250 1251//1251 1191//1191
f 1250//1250 1181//1181 1238//1238
f 1250//1250 1238//1238 1252//1252
f 1250//1250 1253//1253 1251//1251
f 1254//1254 1255//1255 1185//1185
f 1254//1254 1184//1184 1242//1242
f 1254//1254 1242//1242 1244//1244
f 1254//1254 1256//1256 1257//1257
f 1258//1258 1259//1259 1195//1195
f 1258//1258 1188//1188 1246//1246
f 1258//1258 1246//1246 1249//1249
f 1258//1258 1260//1260 1259//1259
f 1261//1261 1262//1262 1200//1200
f 1261//1261 1192//1192 1251//1251
f 1261//1261 1251//1251 1263//1263
f 1261//1261 1264//1264 1262//1262
f 1265//1265 1266//1266 1196//1196
f 1265//1265 1196//1196 1259//1259
f 1265//1265 1259//1259 1267//1267
f 1265//1265 1268//1268 1269//1269
f 1270//1270 1271//1271 1208//1208
f 1270//1270 1201//1201 1262//1262
f 1270//1270 1262//1262 1272//1272
f 1270//1270 1273//1273 1271//1271
f 1274//1274 1229//1229 1204//1204
f 1274//1274 1204//1204 1197//1197
f 1274//1274 1266//1266 1275//1275
f 1274//1274 1275//1275 1276//1276
f 1277//1277 1234//1234 1218//1218
f 1277//1277 1209//1209 1271//1271
f 1277//1277 1271//1271 1278//1278
f 1277//1277 1279//1279 1234//1234
f 1280//1280 1281//1281 1278//1278
f 1280//1280 1273//1273 1282//1282
f 1280//1280 1282//1282 1283//1283
f 1280//1280 1284//1284 1281//1281
f 1285//1285 1286//1286 1275//1275
f 1285//1285 1275//1275 1269//1269
f 1285//1285 1287//1287 1288//1288
f 1285//1285 1288//1288 1289//1289
f 1290//1290 1291//1291 1235//1235
f 1290//1290 1279//1279 1281//1281
f 1290//1290 1281//1281 1292//1292
f 1290//1290 1293//1293 1291//1291
f 1294//1294 1295//1295 1239//1239
f 1294//1294 1226//1226 1296//1296
f 1294//1294 1296//1296 1297//1297
f 1294//1294 1297//1297 1295//1295
f 1298//1298 1299//1299 1230//1230
f 1298//1298 1230//1230 1276//1276
f 1298//1298 1286//1286 1300//1300
f 1298//1298 1300//1300 1301//1301
f 1302//1302 1303//1303 1247//1247
f 1302//1302 1236//1236 1291//1291
f 1302//1302 1291//1291 1304//1304
f 1302//1302 1305//1305 1303//1303
f 1306//1306 1307//1307 1252//1252
f 1306//1306 1240//1240 1295//1295
f 1306//1306 1295//1295 1308//1308
f 1306//1306 1309//1309 1307//1307
f 1310//1310 1311//1311 1244//1244
f 1310//1310 1243//1243 1231//1231
f 1310//1310 1299//1299 1312//1312
f 1310//1310 1312//1312 1311//1311
f 1313//1313 1314//1314 1248//1248
f 1313//1313 1248//1248 1303//1303
f 1313//1313 1303//1303 1315//1315
f 1313//1313 1316//1316 1317//1317
f 1318//1318 1319//1319 1263//1263
f 1318//1318 1253//1253 1307//1307
f 1318//1318 1307//1307 1320//1320
f 1318//1318 1321//1321 1319//1319
f 1322//1322 1323//1323 1256//1256
f 1322//1322 1256//1256 1244//1244
f 1322//1322 1311//1311 1324//1324
f 1322//1322 1325//1325 1326//1326
f 1327//1327 1328//1328 1267//1267
f 1327//1327 1260//1260 1314//1314
f 1327//1327 1314//1314 1317//1317
f 1327//1327 1329//1329 1328//1328
f 1330//1330 1282//1282 1272//1272
f 1330//1330 1264//1264 1319//1319
f 1330//1330 1319//1319 1331//1331
f 1330//1330 1332//1332 1282//1282
f 1333//1333 1287//1287 1268//1268
f 1333//1333 1268//1268 1328//1328
f 1333//1333 1328//1328 1334//1334
f 1333//1333 1335//1335 1336//1336
f 1337//1337 1338//1338 1334//1334
f 1337//1337 1329//1329 1339//1339
f 1337//1337 1339//1339 1340//1340
f 1337//1337 1341//1341 1338//1338
f 1342//1342 1343//1343 1283//1283
f 1342//1342 1332//1332 1344//1344
f 1342//1342 1344//1344 1345//1345
f 1342//1342 1346//1346 1343//1343
f 1347//1347 1348//1348 1335//1335
f 1347//1347 1335//1335 1338//1338
f 1347//1347 1338//1338 1349//1349
f 1347//1347 1350//1350 1351//1351
f 1352//1352 1353//1353 1292//1292
f 1352//1352 1284//1284 1343//1343
f 1352//1352 1343//1343 1354//1354
f 1352//1352 1355//1355 1353//1353
f 1356//1356 1357//1357 1288//1288
f 1356//1356 1288//1288 1336//1336
f 1356//1356 1348//1348 1358//1358
f 1356//1356 1358//1358 1359//1359
f 1360//1360 1361//1361 1304//1304
f 1360//1360 1293//1293 1353//1353
f 1360//1360 1353//1353 1362//1362
f 1360//1360 1363//1363 1361//1361
f 1364//1364 1365//1365 1308//1308
f 1364//1364 1297//1297 1366//1366
f 1364//1364 1366//1366 1367//1367
f 1364//1364 1368//1368 1365//1365
f 1369//1369 1370//1370 1300//1300
f 1369//1369 1300//1300 1289//1289
f 1369//1369 1357//1357 1371//1371
f 1369//1369 1371//1371 1372//1372
f 1373//1373 1374//1374 1315//1315
f 1373//1373 1305//1305 1361//1361
f 1373//1373 1361//1361 1375//1375
f 1373//1373 1376//1376 1374//1374
f 1377//1377 1378//1378 1320//1320
f 1377//1377 1309//1309 1365//1365
f 1377//1377 1365//1365 1379//1379
f 1377//1377 1380//1380 1378//1378
f 1381//1381 1382//1382 1324//1324
f 1381//1381 1312//1312 1301//1301
f 1381//1381 1370//1370 1383//1383
f 1381//1381 1383//1383 1384//1384
f 1385//1385 1339//1339 1316//1316
f 1385//1385 1316//1316 1374//1374
f 1385//1385 1374//1374 1386//1386
f 1385//1385 1387//1387 1340//1340
f 1388//1388 1344//1344 1331//1331
f 1388//1388 1321//1321 1378//1378
f 1388//1388 1378//1378 1389//1389
f 1388//1388 1390//1390 1344//1344
f 1391//1391 1392//1392 1325//1325
f 1391//1391 1325//1325 1382//1382
f 1391//1391 1382//1382 1393//1393
f 1391//1391 1393//1393 1392//1392
f 1394//1394 1395//1395 1383//1383
f 1394//1394 1383//1383 1372//1372
f 1394//1394 1396//1396 1397//1397
f 1394//1394 1397//1397 1395//1395
f 1398//1398 1399//1399 1387//1387
f 1398//1398 1387//1387 1400//1400
f 1398//1398 1400//1400 1401//1401
f 1398//1398 1402//1402 1403//1403
f 1404//1404 1405//1405 1345//1345
f 1404//1404 1390//1390 1406//1406
f 1404//1404 1406//1406 1407//1407
f 1404//1404 1408//1408 1405//1405
f 1409//1409 1410//1410 1393//1393
f 1409//1409 1393//1393 1384//1384
f 1409//1409 1395//1395 1411//1411
f 1409//1409 1412//1412 1413//1413
f 1414//1414 1415//1415 1349//1349
f 1414//1414 1341//1341 1399//1399
f 1414//1414 1399//1399 1403//1403
f 1414//1414 1416//1416 1415//1415
f 1417//1417 1418//1418 1354//1354
f 1417//1417 1346//1346 1405//1405
f 1417//1417 1405//1405 1419//1419
f 1417//1417 1420//1420 1418//1418
f 1421//1421 1422//1422 1350//1350
f 1421//1421 1350//1350 1415//1415
f 1421//1421 1415//1415 1423//1423
f 1421//1421 1424//1424 1425//1425
f 1426//1426 1427//1427 1362//1362
f 1426//1426 1355//1355 1418//1418
f 1426//1426 1418//1418 1428//1428
f 1426//1426 1429//1429 1427//1427
f 1430//1430 1431//1431 1358//1358
f 1430//1430 1358//1358 1351//1351
f 1430//1430 1422//1422 1432//1432
f 1430//1430 1432//1432 1433//1433
f 1434//1434 1435//1435 1375//1375
f 1434//1434 1363//1363 1427//1427
f 1434//1434 1427//1427 1436//1436
f 1434//1434 1437//1437 1435//1435
f 1438//1438 1439//1439 1379//1379
f 1438//1438 1368//1368 1367//1367
f 1438//1438 1440//1440 1441//1441
f 1438//1438 1442//1442 1439//1439
f 1443//1443 1396//1396 1371//1371
f 1443//1443 1371//1371 1359//1359
f 1443//1443 1431//1431 1444//1444
f 1443//1443 1444//1444 1445//1445
f 1446//1446 1400//1400 1386//1386
f 1446//1446 1376//1376 1435//1435
f 1446//1446 1435//1435 1447//1447
f 1446//1446 1448//1448 1400//1400
f 1449//1449 1406//1406 1389//1389
f 1449//1449 1380//1380 1439//1439
f 1449//1449 1439//1439 1450//1450
f 1449//1449 1451//1451 1406//1406
f 1452//1452 1453//1453 1450//1450
f 1452//1452 1442//1442 1441//1441
f 1452//1452 1454//1454 1455//1455
f 1452//1452 1456//1456 1453//1453
f 1457//1457 1458//1458 1444//1444
f 1457//1457 1444//1444 1433//1433
f 1457//1457 1459//1459 1460//1460
f 1457//1457 1460//1460 1461//1461
f 1462//1462 1463//1463 1401//1401
f 1462//1462 1448//1448 1464//1464
f 1462//1462 1464//1464 1465//1465
f 1462//1462 1466//1466 1463//1463
f 1467//1467 1468//1468 1407//1407
f 1467//1467 1451//1451 1453//1453
f 1467//1467 1453//1453 1469//1469
f 1467//1467 1470//1470 1468//1468
f 1471//1471 1472//1472 1411//1411
f 1471//1471 1397//1397 1445//1445
f 1471//1471 1458//1458 1473//1473
f 1471//1471 1473//1473 1472//1472
f 1474//1474 1475//1475 1402//1402
f 1474//1474 1402//1402 1463//1463
f 1474//1474 1463//1463 1476//1476
f 1474//1474 1477//1477 1478//1478
f 1479//1479 1480//1480 1419//1419
f 1479//1479 1408//1408 1468//1468
f 1479//1479 1468//1468 1481//1481
f 1479//1479 1482//1482 1480//1480
f 1483//1483 1484//1484 1412//1412
f 1483//1483 1412//1412 1472//1472
f 1483//1483 1472//1472 1485//1485
f 1483//1483 1485//1485 1486//1486
f 1487//1487 1488//1488 1423//1423
f 1487//1487 1416//1416 1475//1475
f 1487//1487 1475//1475 1478//1478
f 1487//1487 1489//1489 1488//1488
f 1490//1490 1491//1491 1428//1428
f 1490//1490 1420//1420 1480//1480
f 1490//1490 1480//1480 1492//1492
f 1490//1490 1493//1493 1491//1491
f 1494//1494 1495//1495 1424//1424
f 1494//1494 1424//1424 1488//1488
f 1494//1494 1488//1488 1496//1496
f 1494//1494 1497//1497 1498//1498
f 1499//1499 1500//1500 1436//1436
f 1499//1499 1429//1429 1491//1491
f 1499//1499 1491//1491 1501//1501
f 1499//1499 1502//1502 1500//1500
f 1503//1503 1459//1459 1432//1432
f 1503//1503 1432//1432 1425//1425
f 1503//1503 1495//1495 1504//1504
f 1503//1503 1504//1504 1505//1505
f 1506//1506 1464//1464 1447//1447
f 1506//1506 1437//1437 1500//1500
f 1506//1506 1500//1500 1507//1507
f 1506//1506 1508//1508 1464//1464
f 1509//1509 1510//1510 1507//1507
f 1509//1509 1502//1502 1511//1511
f 1509//1509 1511//1511 1512//1512
f 1509//1509 1513//1513 1510//1510
f 1514//1514 1515//1515 1504//1504
f 1514//1514 1504//1504 1498//1498
f 1514//1514 1516//1516 1517//1517
f 1514//1514 1517//1517 1518//1518
f 1519//1519 1520//1520 1465//1465
f 1519//1519 1508//1508 1510//1510
f 1519//1519 1510//1510 1521//1521
f 1519//1519 1522//1522 1520//1520
f 1523//1523 1524//1524 1469//1469
f 1523//1523 1456//1456 1455//1455
f 1523//1523 1525//1525 1526//1526
f 1523//1523 1527//1527 1524//1524
f 1528//1528 1529//1529 1460//1460
f 1528//1528 1460//1460 1505//1505
f 1528//1528 1515//1515 1530//1530
f 1528//1528 1530//1530 1531//1531
f 1532//1532 1533//1533 1476//1476
f 1532//1532 1466//1466 1520//1520
f 1532//1532 1520//1520 1534//1534
f 1532//1532 1535//1535 1533//1533
f 1536//1536 1537//1537 1481//1481
f 1536//1536 1470//1470 1524//1524
f 1536//1536 1524//1524 1538//1538
f 1536//1536 1539//1539 1537//1537
f 1540//1540 1541//1541 1473//1473
f 1540//1540 1473//1473 1461//1461
f 1540//1540 1529//1529 1542//1542
f 1540//1540 1542//1542 1543//1543
f 1544//1544 1545//1545 1477//1477
f 1544//1544 1477//1477 1533//1533
f 1544//1544 1533//1533 1546//1546
f 1544//1544 1547//1547 1548//1548
f 1549//1549 1550//1550 1492//1492
f 1549//1549 1482//1482 1537//1537
f 1549//1549 1537//1537 1551//1551
f 1549//1549 1552//1552 1550//1550
f 1553//1553 1554//1554 1485//1485
f 1553//1553 1485//1485 1555//1555
f 1553//1553 1541//1541 1543//1543
f 1553//1553 1556//1556 1554//1554
f 1557//1557 1558//1558 1496//1496
f 1557//1557 1489//1489 1545//1545
f 1557//1557 1545//1545 1548//1548
f 1557//1557 1559//1559 1558//1558
f 1560//1560 1511//1511 1501//1501
f 1560//1560 1493//1493 1550//1550
f 1560//1560 1550//1550 1561//1561
f 1560//1560 1562//1562 1511//1511
f 1563//1563 1516//1516 1497//1497
f 1563//1563 1497//1497 1558//1558
f 1563//1563 1558//1558 1564//1564
f 1563//1563 1565//1565 1566//1566
f 1567//1567 1568//1568 1564//1564
f 1567//1567 1559//1559 1569//1569
f 1567//1567 1569//1569 1570//1570
f 1567//1567 1571//1571 1568//1568
f 1572//1572 1573//1573 1512//1512
f 1572//1572 1562//1562 1574//1574
f 1572//1572 1574//1574 1575//1575
f 1572//1572 1576//1576 1573//1573
f 1577//1577 1578//1578 1565//1565
f 1577//1577 1565//1565 1568//1568
f 1577//1577 1568//1568 1579//1579
f 1577//1577 1580//1580 1581//1581
f 1582//1582 1583//1583 1521//1521
f 1582//1582 1513//1513 1573//1573
f 1582//1582 1573//1573 1584//1584
f 1582//1582 1585//1585 1583//1583
f 1586//1586 1587//1587 1517//1517
f 1586//1586 1517//1517 1566//1566
f 1586//1586 1578//1578 1588//1588
f 1586//1586 1588//1588 1589//1589
f 1590//1590 1591//1591 1534//1534
f 1590//1590 1522//1522 1583//1583
f 1590//1590 1583//1583 1592//1592
f 1590//1590 1593//1593 1591//1591
f 1594//1594 1595//1595 1538//1538
f 1594//1594 1527//1527 1526//1526
f 1594//1594 1596//1596 1597//1597
f 1594//1594 1598//1598 1595//1595
f 1599//1599 1600//1600 1530//1530
f 1599//1599 1530//1530 1518//1518
f 1599//1599 1587//1587 1601//1601
f 1599//1599 1601//1601 1602//1602
f 1603//1603 1604//1604 1546//1546
f 1603//1603 1535//1535 1591//1591
f 1603//1603 1591//1591 1605//1605
f 1603//1603 1606//1606 1604//1604
f 1607//1607 1608//1608 1551//1551
f 1607//1607 1539//1539 1595//1595
f 1607//1607 1595//1595 1609//1609
f 1607//1607 1610//1610 1608//1608
f 1611//1611 1612//1612 1542//1542
f 1611//1611 1542//1542 1531//1531
f 1611//1611 1600//1600 1613//1613
f 1611//1611 1613//1613 1614//1614
f 1615//1615 1569//1569 1547//1547
f 1615//1615 1547//1547 1604//1604
f 1615//1615 1604//1604 1616//1616
f 1615//1615 1617//1617 1570//1570
f 1618//1618 1574//1574 1561//1561
f 1618//1618 1552//1552 1608//1608
f 1618//1618 1608//1608 1619//1619
f 1618//1618 1620//1620 1574//1574
f 1621//1621 1622//1622 1556//1556
f 1621//1621 1556//1556 1612//1612
f 1621//1621 1612//1612 1614//1614
f 1621//1621 1623//1623 1622//1622
f 1624//1624 1625//1625 1613//1613
f 1624//1624 1613//1613 1602//1602
f 1624//1624 1626//1626 1627//1627
f 1624//1624 1627//1627 1628//1628
f 1629//1629 1630//1630 1617//1617
f 1629//1629 1617//1617 1631//1631
f 1629//1629 1631//1631 1632//1632
f 1629//1629 1633//1633 1634//1634
f 1635//1635 1636//1636 1575//1575
f 1635//1635 1620//1620 1637//1637
f 1635//1635 1637//1637 1638//1638
f 1635//1635 1639//1639 1636//1636
f 1640//1640 1641//1641 1623//1623
f 1640//1640 1623//1623 1625//1625
f 1640//1640 1625//1625 1628//1628
f 1640//1640 1642//1642 1641//1641
f 1643//1643 1644//1644 1579//1579
f 1643//1643 1571//1571 1630//1630
f 1643//1643 1630//1630 1634//1634
f 1643//1643 1645//1645 1644//1644
f 1646//1646 1647//1647 1584//1584
f 1646//1646 1576//1576 1636//1636
f 1646//1646 1636//1636 1648//1648
f 1646//1646 1649//1649 1647//1647
f 1650//1650 1651//1651 1580//1580
f 1650//1650 1580//1580 1644//1644
f 1650//1650 1644//1644 1652//1652
f 1650//1650 1653//1653 1654//1654
f 1655//1655 1656//1656 1592//1592
f 1655//1655 1585//1585 1647//1647
f 1655//1655 1647//1647 1657//1657
f 1655//1655 1658//1658 1656//1656
f 1659//1659 1660//1660 1588//1588
f 1659//1659 1588//1588 1581//1581
f 1659//1659 1651//1651 1661//1661
f 1659//1659 1661//1661 1662//1662
f 1663//1663 1664//1664 1605//1605
f 1663//1663 1593//1593 1656//1656
f 1663//1663 1656//1656 1665//1665
f 1663//1663 1666//1666 1664//1664
f 1667//1667 1668//1668 1609//1609
f 1667//1667 1598//1598 1597//1597
f 1667//1667 1669//1669 1670//1670
f 1667//1667 1671//1671 1668//1668
f 1672//1672 1626//1626 1601//1601
f 1672//1672 1601//1601 1589//1589
f 1672//1672 1660//1660 1673//1673
f 1672//1672 1673//1673 1674//1674
f 1675//1675 1631//1631 1616//1616
f 1675//1675 1606//1606 1664//1664
f 1675//1675 1664//1664 1676//1676
f 1675//1675 1677//1677 1631//1631
f 1678//1678 1637//1637 1619//1619
f 1678//1678 1610//1610 1668//1668
f 1678//1678 1668//1668 1679//1679
f 1678//1678 1680//1680 1637//1637
f 1681//1681 1682//1682 1673//1673
f 1681//1681 1673//1673 1662//1662
f 1681//1681 1683//1683 1684//1684
f 1681//1681 1684//1684 1685//1685
f 1686//1686 1687//1687 1632//1632
f 1686//1686 1677//1677 1688//1688
f 1686//1686 1688//1688 1689//1689
f 1686//1686 1690//1690 1687//1687
f 1691//1691 1692//1692 1638//1638
f 1691//1691 1680//1680 1693//1693
f 1691//1691 1693//1693 1694//1694
f 1691//1691 1695//1695 1692//1692
f 1696//1696 1697//1697 1627//1627
f 1696//1696 1627//1627 1674//1674
f 1696//1696 1682//1682 1698//1698
f 1696//1696 1698//1698 1699//1699
f 1700//1700 1701//1701 1633//1633
f 1700//1700 1633//1633 1687//1687
f 1700//1700 1687//1687 1702//1702
f 1700//1700 1703//1703 1704//1704
f 1705//1705 1706//1706 1648//1648
f 1705//1705 1639//1639 1692//1692
f 1705//1705 1692//1692 1707//1707
f 1705//1705 1708//1708 1706//1706
f 1709//1709 1710//1710 1642//1642
f 1709//1709 1642//1642 1697//1697
f 1709//1709 1697//1697 1699//1699
f 1709//1709 1711//1711 1710//1710
f 1712//1712 1713//1713 1652//1652
f 1712//1712 1645//1645 1701//1701
f 1712//1712 1701//1701 1704//1704
f 1712//1712 1714//1714 1713//1713
f 1715//1715 1716//1716 1657//1657
f 1715//1715 1649//1649 1706//1706
f 1715//1715 1706//1706 1717//1717
f 1715//1715 1718//1718 1716//1716
f 1719//1719 1720//1720 1653//1653
f 1719//1719 1653//1653 1713//1713
f 1719//1719 1713//1713 1721//1721
f 1719//1719 1722//1722 1723//1723
f 1724//1724 1725//1725 1665//1665
f 1724//1724 1658//1658 1716//1716
f 1724//1724 1716//1716 1726//1726
f 1724//1724 1727//1727 1725//1725
f 1728//1728 1683//1683 1661//1661
f 1728//1728 1661//1661 1654//1654
f 1728//1728 1720//1720 1729//1729
f 1728//1728 1729//1729 1730//1730
f 1731//1731 1688//1688 1676//1676
f 1731//1731 1666//1666 1725//1725
f 1731//1731 1725//1725 1732//1732
f 1731//1731 1733//1733 1688//1688
f 1734//1734 1693//1693 1679//1679
f 1734//1734 1671//1671 1670//1670
f 1734//1734 1735//1735 1736//1736
f 1734//1734 1737//1737 1693//1693
f 1738//1738 1739//1739 1729//1729
f 1738//1738 1729//1729 1723//1723
f 1738//1738 1740//1740 1741//1741
f 1738//1738 1741//1741 1742//1742
f 1743//1743 1744//1744 1689//1689
f 1743//1743 1733//1733 1745//1745
f 1743//1743 1745//1745 1746//1746
f 1743//1743 1747//1747 1744//1744
f 1748//1748 1749//1749 1694//1694
f 1748//1748 1737//1737 1736//1736
f 1748//1748 1750//1750 1751//1751
f 1748//1748 1752//1752 1749//1749
f 1753//1753 1754//1754 1684//1684
f 1753//1753 1684//1684 1730//1730
f 1753//1753 1739//1739 1755//1755
f 1753//1753 1755//1755 1756//1756
f 1757//1757 1758//1758 1702//1702
f 1757//1757 1690//1690 1744//1744
f 1757//1757 1744//1744 1759//1759
f 1757//1757 1760//1760 1758//1758
f 1761//1761 1762//1762 1707//1707
f 1761//1761 1695//1695 1749//1749
f 1761//1761 1749//1749 1763//1763
f 1761//1761 1764//1764 1762//1762
f 1765//1765 1766//1766 1698//1698
f 1765//1765 1698//1698 1685//1685
f 1765//1765 1754//1754 1767//1767
f 1765//1765 1767//1767 1768//1768
f 1769//1769 1770//1770 1703//1703
f 1769//1769 1703//1703 1758//1758
f 1769//1769 1758//1758 1771//1771
f 1769//1769 1772//1772 1773//1773
f 1774//1774 1775//1775 1717//1717
f 1774//1774 1708//1708 1762//1762
f 1774//1774 1762//1762 1776//1776
f 1774//1774 1777//1777 1775//1775
f 1778//1778 1779//1779 1711//1711
f 1778//1778 1711//1711 1766//1766
f 1778//1778 1766//1766 1768//1768
f 1778//1778 1780//1780 1779//1779
f 1781//1781 1782//1782 1721//1721
f 1781//1781 1714//1714 1770//1770
f 1781//1781 1770//1770 1773//1773
f 1781//1781 1783//1783 1782//1782
f 1784//1784 1785//1785 1726//1726
f 1784//1784 1718//1718 1775//1775
f 1784//1784 1775//1775 1786//1786
f 1784//1784 1787//1787 1785//1785
f 1788//1788 1740//1740 1722//1722
f 1788//1788 1722//1722 1782//1782
f 1788//1788 1782//1782 1789//1789
f 1788//1788 1790//1790 1791//1791
f 1792//1792 1745//1745 1732//1732
f 1792//1792 1727//1727 1785//1785
f 1792//1792 1785//1785 1793//1793
f 1792//1792 1794//1794 1745//1745
f 1795//1795 1796//1796 1797//1797
f 1795//1795 1798//1798 1799//1799
f 1795//1795 59//59 1800//1800
f 1801//1801 19//19 1802//1802
f 1801//1801 1802//1802 1803//1803
f 1801//1801 1804//1804 19//19
f 1805//1805 1806//1806 1797//1797
f 1805//1805 1796//1796 1800//1800
f 1805//1805 126//126 1807//1807
f 1808//1808 96//96 1804//1804
f 1808//1808 1804//1804 1803//1803
f 1808//1808 1809//1809 96//96
f 1810//1810 1811//1811 1797//1797
f 1810//1810 1806//1806 1807//1807
f 1810//1810 190//190 1811//1811
f 1812//1812 160//160 1809//1809
f 1812//1812 1809//1809 1803//1803
f 1812//1812 1813//1813 160//160
f 1814//1814 1815//1815 1797//1797
f 1814//1814 1811//1811 1816//1816
f 1814//1814 204//204 1815//1815
f 1817//1817 234//234 1813//1813
f 1817//1817 1813//1813 1803//1803
f 1817//1817 1818//1818 234//234
f 1819//1819 1820//1820 1797//1797
f 1819//1819 1815//1815 1821//1821
f 1819//1819 279//279 1820//1820
f 1822//1822 305//305 1818//1818
f 1822//1822 1818//1818 1803//1803
f 1822//1822 1823//1823 305//305
f 1824//1824 1825//1825 1797//1797
f 1824//1824 1820//1820 1826//1826
f 1824//1824 354//354 1825//1825
f 1827//1827 323//323 1823//1823
f 1827//1827 1823//1823 1803//1803
f 1827//1827 1828//1828 324//324
f 1829//1829 1830//1830 1797//1797
f 1829//1829 1825//1825 1831//1831
f 1829//1829 419//419 1830//1830
f 1832//1832 388//388 1828//1828
f 1832//1832 1828//1828 1803//1803
f 1832//1832 1833//1833 389//389
f 1834//1834 1835//1835 1797//1797
f 1834//1834 1830//1830 1836//1836
f 1834//1834 432//432 1835//1835
f 1837//1837 461//461 1833//1833
f 1837//1837 1833//1833 1803//1803
f 1837//1837 1838//1838 1839//1839
f 1840//1840 1841//1841 1835//1835
f 1840//1840 1835//1835 1842//1842
f 1840//1840 508//508 1841//1841
f 1843//1843 533//533 1838//1838
f 1843//1843 1838//1838 1844//1844
f 1843//1843 1844//1844 1845//1845
f 1846//1846 1847//1847 1841//1841
f 1846//1846 1841//1841 510//510
f 1846//1846 580//580 1847//1847
f 1848//1848 550//550 1844//1844
f 1848//1848 1844//1844 1849//1849
f 1848//1848 1849//1849 1850//1850
f 1851//1851 1852//1852 1847//1847
f 1851//1851 1847//1847 582//582
f 1851//1851 645//645 1852//1852
f 1853//1853 615//615 1849//1849
f 1853//1853 1849//1849 1854//1854
f 1853//1853 1854//1854 1855//1855
f 1856//1856 1857//1857 1852//1852
f 1856//1856 1852//1852 647//647
f 1856//1856 654//654 1857//1857
f 1858//1858 686//686 1855//1855
f 1858//1858 1854//1854 1859//1859
f 1858//1858 1859//1859 1860//1860
f 1861//1861 1862//1862 1857//1857
f 1861//1861 1857//1857 658//658
f 1861//1861 732//732 1862//1862
f 1863//1863 759//759 1860//1860
f 1863//1863 1859//1859 1864//1864
f 1863//1863 1864//1864 1865//1865
f 1866//1866 1867//1867 1862//1862
f 1866//1866 1862//1862 734//734
f 1866//1866 804//804 1867//1867
f 1868//1868 774//774 1865//1865
f 1868//1868 1864//1864 1869//1869
f 1868//1868 1869//1869 1870//1870
f 1871//1871 843//843 1870//1870
f 1871//1871 1869//1869 1872//1872
f 1871//1871 1872//1872 1873//1873
f 1874//1874 1875//1875 1867//1867
f 1874//1874 1867//1867 873//873
f 1874//1874 873//873 1875//1875
f 1876//1876 1877//1877 1875//1875
f 1876//1876 1875//1875 882//882
f 1876//1876 882//882 1877//1877
f 1878//1878 914//914 1873//1873
f 1878//1878 1872//1872 1879//1879
f 1878//1878 1879//1879 1880//1880
f 1881//1881 1882//1882 1877//1877
f 1881//1881 1877//1877 959//959
f 1881//1881 959//959 1882//1882
f 1883//1883 987//987 1880//1880
f 1883//1883 1879//1879 1884//1884
f 1883//1883 1884//1884 1885//1885
f 1886//1886 1887//1887 1882//1882
f 1886//1886 1882//1882 1031//1031
f 1886//1886 1031//1031 1887//1887
f 1888//1888 1002//1002 1885//1885
f 1888//1888 1884//1884 1889//1889
f 1888//1888 1889//1889 1890//1890
f 1891//1891 1073//1073 1890//1890
f 1891//1891 1889//1889 1892//1892
f 1891//1891 1892//1892 1893//1893
f 1894//1894 1895//1895 1887//1887
f 1894//1894 1887//1887 1101//1101
f 1894//1894 1101//1101 1103//1103
f 1896//1896 1897//1897 1895//1895
f 1896//1896 1895//1895 1110//1110
f 1896//1896 1110//1110 1114//1114
f 1898//1898 1144//1144 1893//1893
f 1898//1898 1892//1892 1899//1899
f 1898//1898 1899//1899 1900//1900
f 1901//1901 1902//1902 1897//1897
f 1901//1901 1897//1897 1183//1183
f 1901//1901 1183//1183 1185//1185
f 1903//1903 1212//1212 1900//1900
f 1903//1903 1899//1899 1904//1904
f 1903//1903 1904//1904 1905//1905
f 1906//1906 1907//1907 1902//1902
f 1906//1906 1902//1902 1255//1255
f 1906//1906 1255//1255 1257//1257
f 1908//1908 1225//1225 1905//1905
f 1908//1908 1904//1904 1909//1909
f 1908//1908 1909//1909 1225//1225
f 1910//1910 1296//1296 1911//1911
f 1910//1910 1909//1909 1912//1912
f 1910//1910 1912//1912 1296//1296
f 1913//1913 1914//1914 1907//1907
f 1913//1913 1907//1907 1257//1257
f 1913//1913 1323//1323 1914//1914
f 1915//1915 1916//1916 1797//1797
f 1915//1915 1914//1914 1326//1326
f 1915//1915 1392//1392 1916//1916
f 1917//1917 1366//1366 1918//1918
f 1917//1917 1912//1912 1919//1919
f 1917//1917 1919//1919 1366//1366
f 1920//1920 1921//1921 1916//1916
f 1920//1920 1916//1916 1922//1922
f 1920//1920 1410//1410 1921//1921
f 1923//1923 1440//1440 1367//1367
f 1923//1923 1919//1919 1803//1803
f 1923//1923 1924//1924 1440//1440
f 1925//1925 1926//1926 1797//1797
f 1925//1925 1921//1921 1413//1413
f 1925//1925 1484//1484 1926//1926
f 1927//1927 1454//1454 1441//1441
f 1927//1927 1924//1924 1803//1803
f 1927//1927 1928//1928 1454//1454
f 1929//1929 1525//1525 1455//1455
f 1929//1929 1928//1928 1803//1803
f 1929//1929 1930//1930 1525//1525
f 1931//1931 1932//1932 1797//1797
f 1931//1931 1926//1926 1554//1554
f 1931//1931 1554//1554 1933//1933
f 1934//1934 1935//1935 1797//1797
f 1934//1934 1932//1932 1622//1622
f 1934//1934 1622//1622 1936//1936
f 1937//1937 1596//1596 1930//1930
f 1937//1937 1930//1930 1803//1803
f 1937//1937 1938//1938 1596//1596
f 1939//1939 1940//1940 1797//1797
f 1939//1939 1935//1935 1641//1641
f 1939//1939 1641//1641 1941//1941
f 1942//1942 1669//1669 1938//1938
f 1942//1942 1938//1938 1803//1803
f 1942//1942 1943//1943 1669//1669
f 1944//1944 1945//1945 1797//1797
f 1944//1944 1940//1940 1710//1710
f 1944//1944 1710//1710 1946//1946
f 1947//1947 1735//1735 1943//1943
f 1947//1947 1943//1943 1803//1803
f 1947//1947 1948//1948 1735//1735
f 1949//1949 1750//1750 1948//1948
f 1949//1949 1948//1948 1803//1803
f 1949//1949 1950//1950 1750//1750
f 1951//1951 1952//1952 1797//1797
f 1951//1951 1945//1945 1946//1946
f 1951//1951 1779//1779 1953//1953
f 1954//1954 1955//1955 1793//1793
f 1954//1954 1787//1787 1956//1956
f 1954//1954 1956//1956 71//71
f 1954//1954 70//70 1955//1955
f 1957//1957 1798//1798 1797//1797
f 1957//1957 1952//1952 1953//1953
f 1957//1957 1958//1958 1799//1799
f 1959//1959 1960//1960 1790//1790
f 1959//1959 1790//1790 1961//1961
f 1959//1959 1961//1961 64//64
f 1959//1959 76//76 75//75
f 1962//1962 1963//1963 1746//1746
f 1962//1962 1794//1794 1955//1955
f 1962//1962 1955//1955 81//81
f 1962//1962 80//80 1963//1963
f 1964//1964 1965//1965 1950//1950
f 1964//1964 1950//1950 1803//1803
f 1964//1964 1802//1802 1965//1965
f 1966//1966 1967//1967 1741//1741
f 1966//1966 1741//1741 1791//1791
f 1966//1966 1960//1960 4//4
f 1966//1966 4//4 3//3
f 1968//1968 1969//1969 1759//1759
f 1968//1968 1747//1747 1963//1963
f 1968//1968 1963//1963 12//12
f 1968//1968 11//11 1969//1969
f 1970//1970 1971//1971 1763//1763
f 1970//1970 1752//1752 1751//1751
f 1970//1970 1965//1965 18//18
f 1970//1970 17//17 1971//1971
f 1972//1972 1973//1973 1755//1755
f 1972//1972 1755//1755 1742//1742
f 1972//1972 1967//1967 26//26
f 1972//1972 26//26 25//25
f 1974//1974 1975//1975 1771//1771
f 1974//1974 1760//1760 1759//1759
f 1974//1974 1969//1969 32//32
f 1974//1974 32//32 31//31
f 1976//1976 1977//1977 1776//1776
f 1976//1976 1764//1764 1971//1971
f 1976//1976 1971//1971 38//38
f 1976//1976 37//37 1977//1977
f 1978//1978 1979//1699 1767//1767
f 1978//1978 1767//1767 1756//1756
f 1978//1978 1973//1973 44//44
f 1978//1978 44//44 43//43
f 1980//1979 1981//1980 1772//1772
f 1980//1979 1772//1772 1975//1975
f 1980//1979 1975//1975 31//31
f 1980//1979 49//49 1982//1981
f 1983//1982 1956//1956 1786//1786
f 1983//1982 1777//1777 1977//1977
f 1983//1982 1977//1977 55//55
f 1983//1982 54//54 1956//1956
f 1984//1983 1958//1958 1780//1780
f 1984//1983 1780//1780 1979//1699
f 1984//1983 1979//1699 43//43
f 1984//1983 60//60 1958//1958
f 1985//1984 1961//1961 1789//1789
f 1985//1984 1783//1783 1981//1980
f 1985//1984 1981//1980 1982//1981
f 1985//1984 65//65 1961//1961
f 1986//1985 1987//1986 1988//1987
f 1986//1985 1988//1987 1989//1988
f 1986//1985 1990//1989 1991//1990
f 1986//1985 1991//1990 1992//1991
f 1993//1992 1994//1993 1995//1994
f 1993//1992 1995//1994 1996//1995
f 1993//1992 1997//1996 1998//1997
f 1993//1992 1999//1998 1994//1993
f 2000//1999 2001//2000 2002//2001
f 2000//1999 2002//2001 2003//2002
f 2000//1999 2004//2003 2005//2004
f 2000//1999 2006//2005 2001//2000
f 2007//2006 2008//2007 2009//2008
f 2007//2006 2010//2009 2011//2010
f 2007//2006 2011//2010 1988//1987
f 2007//2006 1988//1987 2012//2011
f 2013//2012 1990//1989 2014//2013
f 2013//2012 2014//2013 2015//2014
f 2013//2012 1994//1993 2002//2001
f 2013//2012 2002//2001 2016//2015
f 2017//2016 2011//2010 2018//2017
f 2017//2016 2019//2018 2020//2019
f 2017//2016 2021//2020 2014//2013
f 2017//2016 2014//2013 1989//1988
f 2022//2021 2021//2020 2023//2022
f 2022//2021 2023//2022 2024//2023
f 2022//2021 2025//2024 1995//1994
f 2022//2021 1995//1994 2015//2014
f 2026//2025 1997//1996 1996//1995
f 2026//2025 2027//2026 2028//2027
f 2026//2025 2028//2027 2029//2028
f 2026//2025 2030//2029 1997//1996
f 2031//2030 2025//2024 2032//2031
f 2031//2030 2032//2031 2033//2032
f 2031//2030 2034//2033 2027//2026
f 2031//2030 2027//2026 1996//1995
f 2035//2034 2036//2035 1991//1990
f 2035//2034 1991//1990 2016//2015
f 2035//2034 2001//2000 2037//2036
f 2035//2034 2038//2037 2036//2035
f 2039//2038 2040//2039 2023//2022
f 2039//2038 2023//2022 2020//2019
f 2039//2038 2041//2040 2042//2041
f 2039//2038 2042//2041 2043//2042
f 2044//2043 2045//2044 2018//2017
f 2044//2043 2010//2009 2046//2045
f 2044//2043 2046//2045 2047//2046
f 2044//2043 2048//2047 2045//2044
f 2049//2048 2050//2049 2051//2050
f 2049//2048 2051//2050 2043//2042
f 2049//2048 2052//2051 2053//2052
f 2049//2048 2053//2052 2054//2053
f 2055//2054 2052//2051 2042//2041
f 2055//2054 2042//2041 2056//2055
f 2055//2054 2057//2056 2058//2057
f 2055//2054 2058//2057 2059//2058
f 2060//2059 2061//2060 2032//2031
f 2060//2059 2032//2031 2024//2023
f 2060//2059 2040//2039 2051//2050
f 2060//2059 2051//2050 2062//2061
f 2063//2062 2041//2040 2020//2019
f 2063//2062 2019//2018 2045//2044
f 2063//2062 2045//2044 2064//2063
f 2063//2062 2065//2064 2056//2055
f 2066//2065 2067//2066 2053//2052
f 2066//2065 2053//2052 2059//2058
f 2066//2065 2068//2067 2069//2068
f 2066//2065 2070//2069 2067//2066
f 2071//2070 2072//2071 2073//2072
f 2071//2070 2073//2072 2074//2073
f 2071//2070 2074//2073 2075//2074
f 2071//2070 2076//2075 2072//2071
f 2077//2076 2078//2077 2064//2063
f 2077//2076 2048//2047 2079//2078
f 2077//2076 2079//2078 2080//2079
f 2077//2076 2080//2079 2081//2080
f 2082//2081 2057//2056 2065//2064
f 2082//2081 2065//2064 2064//2063
f 2082//2081 2078//2077 2083//2082
f 2082//2081 2083//2082 2084//2083
f 2085//2084 2086//2085 2069//2068
f 2085//2084 2073//2072 2087//2086
f 2085//2084 2087//2086 2088//2087
f 2085//2084 2089//2088 2086//2085
f 2090//2089 2087//2086 2091//2090
f 2090//2089 2091//2090 2092//2091
f 2090//2089 2093//2092 2094//2093
f 2090//2089 2094//2093 2088//2087
f 2095//2094 2096//2095 2080//2079
f 2095//2094 2080//2079 2097//2096
f 2095//2094 2097//2096 2098//2097
f 2095//2094 2098//2097 2092//2091
f 2099//2098 2100//2099 2083//2082
f 2099//2098 2083//2082 2081//2080
f 2099//2098 2096//2095 2091//2090
f 2099//2098 2091//2090 2101//2100
f 2102//2101 2103//2102 2104//2103
f 2102//2101 2104//2103 2105//2104
f 2102//2101 2106//2105 2107//2106
f 2102//2101 2107//2106 2108//2107
f 2109//2108 2110//2109 2111//2110
f 2109//2108 2112//2111 2113//2112
f 2109//2108 2113//2112 2114//2113
f 2109//2108 2115//2114 2110//2109
f 2116//2115 2117//2116 2118//2117
f 2116//2115 2070//2069 2086//2085
f 2116//2115 2086//2085 2119//2118
f 2116//2115 2112//2111 2117//2116
f 2120//2119 2093//2092 2098//2097
f 2120//2119 2098//2097 2121//2120
f 2120//2119 2122//2121 2104//2103
f 2120//2119 2104//2103 2123//2122
f 2124//2123 2125//2124 2114//2113
f 2124//2123 2126//2125 2127//2126
f 2124//2123 2128//2127 2129//2128
f 2124//2123 2130//2129 2125//2124
f 2131//2130 2128//2127 2132//2131
f 2131//2130 2132//2131 2108//2107
f 2131//2130 2133//2132 2134//2133
f 2131//2130 2135//2134 2128//2127
f 2136//2135 2137//2136 2094//2093
f 2136//2135 2094//2093 2123//2122
f 2136//2135 2103//2102 2132//2131
f 2136//2135 2132//2131 2127//2126
f 2138//2137 2113//2112 2119//2118
f 2138//2137 2089//2088 2137//2136
f 2138//2137 2137//2136 2127//2126
f 2138//2137 2126//2125 2113//2112
f 2139//2138 2140//2139 2134//2133
f 2139//2138 2141//2140 2142//2141
f 2139//2138 2142//2141 2143//2142
f 2139//2138 2144//2143 2140//2139
f 2145//2144 2146//2145 2147//2146
f 2145//2144 2148//2147 2149//2148
f 2145//2144 2149//2148 2150//2149
f 2145//2144 2151//2150 2146//2145
f 2152//2151 2153//2152 2154//2153
f 2152//2151 2115//2114 2125//2124
f 2152//2151 2125//2124 2155//2154
f 2152//2151 2148//2147 2153//2152
f 2156//2155 2133//2132 2107//2106
f 2156//2155 2107//2106 2157//2156
f 2156//2155 2158//2157 2159//2158
f 2156//2155 2141//2140 2133//2132
f 2160//2159 2161//2160 2162//2161
f 2160//2159 2163//2162 2164//2163
f 2160//2159 2164//2163 2165//2164
f 2160//2159 2166//2165 2161//2160
f 2167//2166 2164//2163 2168//2167
f 2167//2166 2144//2143 2169//2168
f 2167//2166 2169//2168 2170//2169
f 2167//2166 2171//2170 2164//2163
f 2172//2171 2173//2172 2129//2128
f 2172//2171 2135//2134 2140//2139
f 2172//2171 2140//2139 2168//2167
f 2172//2171 2163//2162 2173//2172
f 2174//2173 2149//2148 2155//2154
f 2174//2173 2130//2129 2173//2172
f 2174//2173 2173//2172 2162//2161
f 2174//2173 2175//2174 2149//2148
f 2176//2175 2177//2176 2178//2177
f 2176//2175 2179//2178 2180//2179
f 2176//2175 2180//2179 2181//2180
f 2176//2175 2182//2181 2177//2176
f 2183//2182 2180//2179 2184//2183
f 2183//2182 2185//2184 2186//2185
f 2183//2182 2186//2185 2187//2186
f 2183//2182 2188//2187 2180//2179
f 2189//2188 2190//2189 2150//2149
f 2189//2188 2175//2174 2161//2160
f 2189//2188 2161//2160 2191//2190
f 2189//2188 2185//2184 2190//2189
f 2192//2191 2193//2192 2194//2193
f 2192//2191 2151//2150 2190//2189
f 2192//2191 2190//2189 2184//2183
f 2192//2191 2179//2178 2193//2192
f 2195//2194 2196//2195 2197//2196
f 2195//2194 2182//2181 2198//2197
f 2195//2194 2198//2197 2199//2198
f 2195//2194 2199//2198 2196//2195
f 2200//2199 2198//2197 2181//2180
f 2200//2199 2188//2187 2201//2200
f 2200//2199 2201//2200 2202//2201
f 2200//2199 2203//2202 2198//2197
f 2204//2203 2186//2185 2191//2190
f 2204//2203 2166//2165 2205//2204
f 2204//2203 2205//2204 2206//2205
f 2204//2203 2207//2206 2186//2185
f 2208//2207 2205//2204 2165//2164
f 2208//2207 2171//2170 2209//2208
f 2208//2207 2209//2208 2210//2209
f 2208//2207 2211//2210 2205//2204
f 2212//2211 2213//2212 2202//2201
f 2212//2211 2214//2213 2215//2214
f 2212//2211 2215//2214 2216//2215
f 2212//2211 2217//2216 2213//2212
f 2218//2217 2215//2214 2219//2218
f 2218//2217 2219//2218 2220//2219
f 2218//2217 2221//2220 2222//2221
f 2218//2217 2222//2221 2215//2214
f 2223//2222 2224//2223 2206//2205
f 2223//2222 2211//2210 2225//2224
f 2223//2222 2225//2224 2219//2218
f 2223//2222 2219//2218 2224//2223
f 2226//2225 2201//2200 2187//2186
f 2226//2225 2207//2206 2224//2223
f 2226//2225 2224//2223 2227//2226
f 2226//2225 2214//2213 2201//2200
f 2228//2227 2229//2228 2216//2215
f 2228//2227 2222//2221 2230//2229
f 2228//2227 2230//2229 2231//2230
f 2228//2227 2232//2231 2229//2228
f 2233//2232 2234//2233 2235//2234
f 2233//2232 2235//2234 2236//2235
f 2233//2232 2237//2236 2238//2237
f 2233//2232 2238//2237 2239//2238
f 2240//2239 2241//2240 2242//2241
f 2240//2239 2203//2202 2213//2212
f 2240//2239 2213//2212 2243//2242
f 2240//2239 2244//2243 2236//2235
f 2245//2244 2246//2245 2199//2198
f 2245//2244 2199//2198 2242//2241
f 2245//2244 2241//2240 2235//2234
f 2245//2244 2235//2234 2247//2246
f 2248//2247 2249//2248 2238//2237
f 2248//2247 2238//2237 2250//2249
f 2248//2247 2251//2250 2252//2251
f 2248//2247 2252//2251 2253//2252
f 2254//2253 2251//2250 2255//2254
f 2254//2253 2255//2254 2256//2255
f 2254//2253 2257//2256 2258//2257
f 2254//2253 2258//2257 2259//2258
f 2260//2259 2261//2260 2243//2242
f 2260//2259 2217//2216 2229//2228
f 2260//2259 2229//2228 2262//2261
f 2260//2259 2263//2262 2261//2260
f 2264//2263 2237//2236 2244//2243
f 2264//2263 2244//2243 2243//2242
f 2264//2263 2261//2260 2255//2254
f 2264//2263 2255//2254 2250//2249
f 2265//2264 2266//2265 2258//2257
f 2265//2264 2258//2257 2267//2266
f 2265//2264 2268//2267 2269//2268
f 2265//2264 2269//2268 2266//2265
f 2270//2269 2268//2267 2271//2270
f 2270//2269 2271//2270 2272//2271
f 2270//2269 2272//2271 2273//2272
f 2270//2269 2274//2273 2275//2274
f 2276//2275 2277//2276 2262//2261
f 2276//2275 2232//2231 2278//2277
f 2276//2275 2278//2277 2279//2278
f 2276//2275 2280//2279 2277//2276
f 2281//2280 2257//2256 2263//2262
f 2281//2280 2263//2262 2277//2276
f 2281//2280 2277//2276 2282//2281
f 2281//2280 2271//2270 2267//2266
f 2283//2282 2284//2283 2273//2272
f 2283//2282 2285//2284 2286//2285
f 2283//2282 2286//2285 2287//2286
f 2283//2282 2288//2287 2289//2288
f 2290//2289 2291//2290 2292//2291
f 2290//2289 2293//2292 2294//2293
f 2290//2289 2294//2293 2295//2294
f 2290//2289 2296//2295 2291//2290
f 2297//2296 2298//2297 2252//2251
f 2297//2296 2252//2251 2266//2265
f 2297//2296 2266//2265 2299//2298
f 2297//2296 2293//2292 2292//2291
f 2300//2299 2272//2271 2282//2281
f 2300//2299 2280//2279 2301//2300
f 2300//2299 2301//2300 2302//2301
f 2300//2299 2285//2284 2272//2271
f 2303//2302 2296//2295 2295//2294
f 2303//2302 2304//2303 2305//2304
f 2303//2302 2305//2304 2306//2305
f 2303//2302 2307//2306 2308//2307
f 2309//2308 2305//2304 2310//2309
f 2309//2308 2310//2309 2289//2288
f 2309//2308 2288//2287 2311//2310
f 2309//2308 2311//2310 2305//2304
f 2312//2311 2313//2312 2274//2273
f 2312//2311 2274//2273 2284//2283
f 2312//2311 2284//2283 2310//2309
f 2312//2311 2310//2309 2314//2313
f 2315//2314 2294//2293 2299//2298
f 2315//2314 2269//2268 2275//2274
f 2315//2314 2313//2312 2304//2303
f 2315//2314 2304//2303 2294//2293
f 2316//2315 2317//2316 2318//2317
f 2316//2315 2318//2317 2319//2318
f 2316//2315 2320//2319 2321//2320
f 2316//2315 2321//2320 2322//2321
f 2323//2322 2324//2323 2325//2324
f 2323//2322 2038//2037 2326//2325
f 2323//2322 2326//2325 2327//2326
f 2328//2327 2004//2003 2003//2002
f 2328//2327 1999//1998 2329//2328
f 2328//2327 2329//2328 2330//2329
f 2328//2327 2330//2329 2005//2004
f 2331//2330 2329//2328 1998//1997
f 2331//2330 2030//2029 2332//2331
f 2331//2330 2332//2331 2318//2317
f 2331//2330 2318//2317 2333//2332
f 2334//2333 2335//2334 2327//2335
f 2334//2333 2336//2336 2337//2337
f 2338//2338 2337//2337 2339//2339
f 2338//2338 2339//2339 2321//2340
f 2340//2341 2341//2342 2330//2329
f 2340//2341 2330//2329 2333//2332
f 2340//2341 2317//2316 2339//2339
f 2340//2341 2339//2339 2342//2343
f 2343//2344 2326//2325 2037//2036
f 2343//2344 2006//2005 2341//2342
f 2343//2344 2341//2342 2342//2343
f 2343//2344 2336//2345 2326//2325
f 2344//2346 2345//2347 2336//2336
f 2344//2346 2336//2336 2346//2348
f 2344//2346 2346//2348 2347//2349
f 2344//2346 2347//2349 2348//2350
f 2344//2346 2349//2351 2345//2347
f 2350//2352 2346//2348 2339//2353
f 2350//2352 2339//2353 2351//2354
f 2350//2352 2351//2354 2352//2355
f 2350//2352 2352//2355 2353//2356
f 2350//2352 2354//2357 2346//2348
f 2355//2358 2356//2359 2357//2360
f 2355//2358 2358//2361 2351//2354
f 2355//2358 2351//2354 2322//2362
f 2355//2358 2359//2363 2360//2364
f 2361//2365 2345//2347 2362//2366
f 2361//2365 2362//2366 2357//2360
f 2361//2365 2356//2359 2360//2364
f 2361//2365 2363//2367 2327//2335
f 2364//2368 2349//2351 2348//2350
f 2364//2368 2365//2369 2366//2370
f 2364//2368 2366//2370 2357//2360
f 2364//2368 2362//2366 2349//2351
f 2367//2371 2366//2370 2368//2372
f 2367//2371 2368//2372 2353//2356
f 2367//2371 2352//2355 2358//2361
f 2367//2371 2358//2361 2366//2370
f 2369//2373 2370//2374 2371//2375
f 2369//2373 2365//2369 2372//2376
f 2369//2373 2372//2376 2373//2377
f 2369//2373 2374//2378 2370//2374
f 2375//2379 2376//2380 2377//2381
f 2375//2379 2354//2357 2378//2382
f 2375//2379 2378//2382 2379//2383
f 2375//2379 2380//2384 2381//2385
f 2382//2386 2372//2376 2347//2349
f 2382//2386 2347//2349 2377//2381
f 2382//2386 2376//2380 2381//2385
f 2382//2386 2383//2387 2373//2377
f 2384//2388 2378//2382 2368//2372
f 2384//2388 2368//2372 2371//2375
f 2384//2388 2370//2374 2385//2389
f 2384//2388 2385//2389 2379//2383
f 2386//2390 2387//2391 2388//2392
f 2386//2390 2374//2378 2389//2393
f 2386//2390 2389//2393 2390//2394
f 2386//2390 2391//2395 2387//2391
f 2392//2396 2393//2397 2380//2384
f 2392//2396 2380//2384 2394//2398
f 2392//2396 2394//2398 2395//2399
f 2392//2396 2396//2400 2397//2401
f 2398//2402 2394//2398 2385//2389
f 2398//2402 2385//2389 2388//2392
f 2398//2402 2387//2391 2399//2403
f 2398//2402 2400//2404 2395//2399
f 2401//2405 2389//2393 2383//2387
f 2401//2405 2383//2387 2393//2397
f 2401//2405 2393//2397 2397//2401
f 2401//2405 2402//2406 2390//2394
f 2403//2407 2404//2408 2405//2409
f 2403//2407 2076//2075 2406//2410
f 2403//2407 2406//2410 2407//2411
f 2403//2407 2408//2412 2404//2408
f 2409//2413 2410//2414 2058//2057
f 2409//2413 2058//2057 2411//2415
f 2409//2413 2411//2415 2412//2416
f 2409//2413 2412//2416 2413//2417
f 2414//2418 2411//2415 2100//2099
f 2414//2418 2100//2099 2072//2071
f 2414//2418 2072//2071 2405//2409
f 2414//2418 2415//2419 2416//2420
f 2417//2421 2074//2073 2068//2067
f 2417//2421 2068//2067 2410//2414
f 2417//2421 2410//2414 2418//2422
f 2417//2421 2418//2422 2074//2073
f 2419//2423 2420//2424 2421//2425
f 2419//2423 2408//2412 2407//2411
f 2419//2423 2422//2426 2423//2427
f 2419//2423 2423//2427 2420//2424
f 2424//2428 2425//2429 2412//2416
f 2424//2428 2412//2416 2426//2430
f 2424//2428 2426//2430 2427//2431
f 2424//2428 2427//2431 2428//2432
f 2429//2433 2406//2410 2418//2422
f 2429//2433 2418//2422 2413//2417
f 2429//2433 2425//2429 2430//2434
f 2429//2433 2430//2434 2407//2411
f 2431//2435 2426//2430 2415//2419
f 2431//2435 2415//2419 2405//2409
f 2431//2435 2404//2408 2421//2425
f 2431//2435 2432//2436 2433//2437
f 2434//2438 2435//2439 2436//2440
f 2434//2438 2423//2427 2437//2441
f 2434//2438 2438//2442 2439//2443
f 2434//2438 2439//2443 2435//2439
f 2440//2444 2441//2445 2428//2432
f 2440//2444 2427//2431 2433//2437
f 2440//2444 2442//2446 2443//2447
f 2440//2444 2443//2447 2441//2445
f 2444//2448 2422//2426 2407//2411
f 2444//2448 2430//2434 2441//2445
f 2444//2448 2441//2445 2445//2449
f 2444//2448 2446//2450 2437//2441
f 2447//2451 2442//2446 2432//2436
f 2447//2451 2432//2436 2421//2425
f 2447//2451 2420//2424 2448//2452
f 2447//2451 2448//2452 2449//2453
f 2450//2454 2451//2455 2452//2456
f 2450//2454 2439//2443 2453//2457
f 2450//2454 2454//2458 2455//2459
f 2450//2454 2455//2459 2456//2460
f 2457//2461 2458//2462 2448//2452
f 2457//2461 2448//2452 2435//2439
f 2457//2461 2435//2439 2452//2456
f 2457//2461 2459//2463 2458//2462
f 2460//2464 2461//2465 2445//2449
f 2460//2464 2443//2447 2449//2453
f 2460//2464 2458//2462 2462//2466
f 2460//2464 2462//2466 2461//2465
f 2463//2467 2438//2442 2446//2450
f 2463//2467 2446//2450 2445//2449
f 2463//2467 2461//2465 2464//2468
f 2463//2467 2464//2468 2453//2457
f 2465//2469 2466//2470 2467//2471
f 2465//2469 2468//2472 2469//2473
f 2465//2469 2470//2474 2456//2460
f 2465//2469 2455//2459 2471//2475
f 2472//2476 2473//2477 2462//2466
f 2472//2476 2462//2466 2474//2478
f 2472//2476 2474//2478 2469//2473
f 2472//2476 2468//2472 2467//2471
f 2475//2479 2454//2458 2464//2468
f 2475//2479 2464//2468 2476//2480
f 2475//2479 2473//2477 2467//2471
f 2475//2479 2466//2470 2471//2475
f 2477//2481 2474//2478 2478//2482
f 2477//2481 2459//2463 2451//2455
f 2477//2481 2451//2455 2456//2460
f 2477//2481 2470//2474 2469//2473
f 2479//2483 2480//2484 2400//2404
f 2479//2483 2400//2404 2481//2485
f 2479//2483 2481//2485 2482//2486
f 2479//2483 2483//2487 2480//2484
f 2484//2488 2485//2489 2396//2400
f 2484//2488 2396//2400 2480//2484
f 2484//2488 2480//2484 2486//2490
f 2484//2488 2487//2491 2488//2492
f 2489//2493 2481//2485 2391//2395
f 2489//2493 2391//2395 2390//2394
f 2489//2493 2490//2494 2491//2495
f 2489//2493 2491//2495 2481//2485
f 2492//2496 2490//2494 2402//2406
f 2492//2496 2402//2406 2485//2489
f 2492//2496 2485//2489 2488//2492
f 2492//2496 2493//2497 2494//2498
f 2495//2499 2493//2497 2488//2492
f 2495//2499 2487//2491 2483//2487
f 2495//2499 2483//2487 2491//2495
f 2495//2499 2491//2495 2493//2497
f 2496//2500 2497//2501 2012//2011
f 2496//2500 1987//1986 2498//2502
f 2496//2500 2498//2502 2499//2503
f 2496//2500 2500//2504 2497//2501
f 2501//2505 2502//2506 2503//2507
f 2501//2505 2504//2508 2505//2509
f 2501//2505 2506//2510 2507//2511
f 2501//2505 2507//2511 2502//2506
f 2508//2512 2509//2513 2499//2503
f 2508//2512 2510//2514 2511//2515
f 2508//2512 2512//2516 2513//2517
f 2508//2512 2513//2517 2509//2513
f 2514//2518 2515//2519 2008//2007
f 2514//2518 2008//2007 2497//2501
f 2514//2518 2497//2501 2516//2520
f 2514//2518 2517//2521 2518//2522
f 2519//2523 2520//2524 2516//2520
f 2519//2523 2500//2504 2509//2513
f 2519//2523 2509//2513 2505//2509
f 2519//2523 2504//2508 2520//2524
f 2521//2525 2522//2526 2517//2521
f 2521//2525 2517//2521 2520//2524
f 2521//2525 2520//2524 2503//2507
f 2521//2525 2523//2527 2522//2526
f 2524//2528 2525//2529 2526//2530
f 2524//2528 2523//2527 2502//2506
f 2524//2528 2502//2506 2527//2531
f 2524//2528 2528//2532 2525//2529
f 2529//2533 2530//2534 2507//2511
f 2529//2533 2507//2511 2531//2535
f 2529//2533 2532//2536 2028//2027
f 2529//2533 2028//2027 2533//2537
f 2534//2538 2535//2539 2536//2540
f 2534//2538 2528//2532 2530//2534
f 2534//2538 2530//2534 2533//2537
f 2534//2538 2034//2033 2535//2539
f 2537//2541 2498//2502 1992//1991
f 2537//2541 2036//2035 2325//2324
f 2537//2541 2538//2542 2510//2514
f 2537//2541 2510//2514 2498//2502
f 2539//2543 2525//2529 2536//2540
f 2539//2543 2540//2544 2541//2545
f 2539//2543 2541//2545 2542//2546
f 2539//2543 2543//2547 2525//2529
f 2544//2548 2515//2519 2545//2549
f 2544//2548 2545//2549 2546//2550
f 2544//2548 2547//2551 2046//2045
f 2544//2548 2046//2045 2009//2008
f 2548//2552 2549//2553 2062//2061
f 2548//2552 2050//2049 2550//2554
f 2548//2552 2550//2554 2551//2555
f 2548//2552 2552//2556 2549//2553
f 2553//2557 2541//2545 2554//2558
f 2553//2557 2552//2556 2555//2559
f 2553//2557 2555//2559 2556//2560
f 2553//2557 2557//2561 2541//2545
f 2558//2562 2535//2539 2033//2032
f 2558//2562 2061//2060 2549//2553
f 2558//2562 2549//2553 2554//2558
f 2558//2562 2540//2544 2535//2539
f 2559//2563 2522//2526 2543//2547
f 2559//2563 2543//2547 2560//2564
f 2559//2563 2560//2564 2545//2549
f 2559//2563 2545//2549 2518//2522
f 2561//2565 2550//2554 2054//2053
f 2561//2565 2067//2066 2118//2117
f 2561//2565 2562//2566 2563//2567
f 2561//2565 2563//2567 2550//2554
f 2564//2568 2565//2569 2566//2570
f 2564//2568 2567//2571 2568//2572
f 2564//2568 2569//2573 2570//2574
f 2564//2568 2570//2574 2571//2575
f 2572//2576 2547//2551 2573//2577
f 2572//2576 2573//2577 2574//2578
f 2572//2576 2574//2578 2575//2579
f 2572//2576 2079//2078 2047//2046
f 2576//2580 2560//2564 2542//2546
f 2576//2580 2557//2561 2577//2581
f 2576//2580 2577//2581 2578//2582
f 2576//2580 2573//2577 2560//2564
f 2579//2583 2565//2569 2580//2584
f 2579//2583 2580//2584 2581//2585
f 2579//2583 2582//2586 2583//2587
f 2579//2583 2583//2587 2566//2570
f 2584//2588 2585//2589 2566//2570
f 2584//2588 2583//2587 2586//2590
f 2584//2588 2586//2590 2587//2591
f 2584//2588 2588//2592 2585//2589
f 2589//2593 2574//2578 2578//2582
f 2589//2593 2590//2594 2591//2595
f 2589//2593 2591//2595 2121//2120
f 2589//2593 2097//2096 2575//2579
f 2592//2596 2577//2581 2556//2560
f 2592//2596 2593//2597 2585//2589
f 2592//2596 2585//2589 2594//2598
f 2592//2596 2590//2594 2577//2581
f 2595//2599 2596//2600 2587//2591
f 2595//2599 2597//2601 2598//2602
f 2595//2599 2598//2602 2157//2156
f 2595//2599 2106//2105 2596//2600
f 2599//2603 2600//2604 2110//2109
f 2599//2603 2110//2109 2154//2153
f 2599//2603 2601//2605 2602//2606
f 2599//2603 2602//2606 2581//2585
f 2603//2607 2562//2566 2117//2116
f 2603//2607 2117//2116 2111//2110
f 2603//2607 2600//2604 2580//2584
f 2603//2607 2580//2584 2571//2575
f 2604//2608 2591//2595 2594//2598
f 2604//2608 2588//2592 2596//2600
f 2604//2608 2596//2600 2105//2104
f 2604//2608 2122//2121 2591//2595
f 2605//2609 2606//2610 2607//2611
f 2605//2609 2607//2611 2608//2612
f 2605//2609 2609//2613 2610//2614
f 2605//2609 2610//2614 2606//2610
f 2611//2615 2612//2616 2613//2617
f 2611//2615 2610//2614 2614//2618
f 2611//2615 2615//2619 2616//2620
f 2611//2615 2616//2620 2612//2616
f 2617//2621 2586//2590 2618//2622
f 2617//2621 2619//2623 2612//2616
f 2617//2621 2612//2616 2620//2624
f 2617//2621 2597//2601 2586//2590
f 2621//2625 2582//2586 2602//2606
f 2621//2625 2602//2606 2622//2626
f 2621//2625 2606//2610 2619//2623
f 2621//2625 2619//2623 2618//2622
f 2623//2627 2624//2628 2625//2629
f 2623//2627 2625//2629 2626//2630
f 2623//2627 2627//2631 2142//2141
f 2623//2627 2142//2141 2159//2158
f 2628//2632 2629//2633 2146//2145
f 2628//2632 2146//2145 2194//2193
f 2628//2632 2630//2634 2631//2635
f 2628//2632 2631//2635 2608//2612
f 2632//2636 2601//2605 2153//2152
f 2632//2636 2153//2152 2147//2146
f 2632//2636 2629//2633 2607//2611
f 2632//2636 2607//2611 2622//2626
f 2633//2637 2598//2602 2620//2624
f 2633//2637 2616//2620 2634//2638
f 2633//2637 2624//2628 2158//2157
f 2633//2637 2158//2157 2598//2602
f 2635//2639 2636//2640 2637//2641
f 2635//2639 2637//2641 2638//2642
f 2635//2639 2639//2643 2640//2644
f 2635//2639 2640//2644 2626//2630
f 2641//2645 2627//2631 2640//2644
f 2641//2645 2640//2644 2642//2646
f 2641//2645 2643//2647 2169//2168
f 2641//2645 2169//2168 2143//2142
f 2644//2648 2615//2619 2645//2649
f 2644//2648 2645//2649 2646//2650
f 2644//2648 2636//2640 2625//2629
f 2644//2648 2625//2629 2634//2638
f 2647//2651 2609//2613 2631//2635
f 2647//2651 2631//2635 2648//2652
f 2647//2651 2649//2653 2645//2649
f 2647//2651 2645//2649 2614//2618
f 2650//2654 2651//2655 2177//2176
f 2650//2654 2177//2176 2197//2196
f 2650//2654 2652//2656 2653//2657
f 2650//2654 2653//2657 2654//2658
f 2655//2659 2656//2660 2653//2657
f 2655//2659 2653//2657 2657//2661
f 2655//2659 2658//2662 2659//2663
f 2655//2659 2659//2663 2638//2642
f 2660//2664 2649//2653 2661//2665
f 2660//2664 2661//2665 2654//2658
f 2660//2664 2656//2660 2637//2641
f 2660//2664 2637//2641 2646//2650
f 2662//2666 2630//2634 2193//2192
f 2662//2666 2193//2192 2178//2177
f 2662//2666 2651//2655 2661//2665
f 2662//2666 2661//2665 2648//2652
f 2663//2667 2652//2656 2196//2195
f 2663//2667 2196//2195 2664//2668
f 2663//2667 2665//2669 2666//2670
f 2663//2667 2667//2671 2657//2661
f 2668//2672 2658//2662 2667//2671
f 2668//2672 2667//2671 2666//2670
f 2668//2672 2669//2673 2670//2674
f 2668//2672 2670//2674 2671//2675
f 2672//2676 2639//2643 2659//2663
f 2672//2676 2659//2663 2671//2675
f 2672//2676 2673//2677 2674//2678
f 2672//2676 2674//2678 2642//2646
f 2675//2679 2643//2647 2674//2678
f 2675//2679 2674//2678 2676//2680
f 2675//2679 2677//2681 2209//2208
f 2675//2679 2209//2208 2170//2169
f 2678//2682 2679//2683 2680//2684
f 2678//2682 2680//2684 2681//2685
f 2678//2682 2682//2686 2683//2687
f 2678//2682 2683//2687 2684//2688
f 2685//2689 2686//2690 2684//2688
f 2685//2689 2683//2687 2687//2691
f 2685//2689 2688//2692 2689//2693
f 2685//2689 2221//2220 2686//2690
f 2690//2694 2677//2681 2691//2695
f 2690//2694 2691//2695 2684//2688
f 2690//2694 2686//2690 2220//2219
f 2690//2694 2225//2224 2210//2209
f 2692//2696 2673//2677 2670//2674
f 2692//2696 2670//2674 2693//2697
f 2692//2696 2679//2683 2691//2695
f 2692//2696 2691//2695 2676//2680
f 2694//2698 2688//2692 2695//2699
f 2694//2698 2695//2699 2696//2700
f 2694//2698 2697//2701 2230//2229
f 2694//2698 2230//2229 2689//2693
f 2698//2702 2699//2703 2247//2246
f 2698//2702 2234//2233 2700//2704
f 2698//2702 2700//2704 2701//2705
f 2698//2702 2702//2706 2699//2703
f 2703//2707 2669//2673 2704//2708
f 2703//2707 2704//2708 2705//2709
f 2703//2707 2705//2709 2680//2684
f 2703//2707 2680//2684 2693//2697
f 2706//2710 2665//2669 2664//2668
f 2706//2710 2246//2245 2699//2703
f 2706//2710 2699//2703 2707//2711
f 2706//2710 2704//2708 2665//2669
f 2708//2712 2700//2704 2239//2238
f 2708//2712 2249//2248 2709//2713
f 2708//2712 2709//2713 2710//2714
f 2708//2712 2711//2715 2700//2704
f 2712//2716 2713//2717 2701//2705
f 2712//2716 2711//2715 2714//2718
f 2712//2716 2714//2718 2715//2719
f 2712//2716 2716//2720 2713//2717
f 2717//2721 2682//2686 2718//2722
f 2717//2721 2718//2722 2719//2723
f 2717//2721 2720//2724 2695//2699
f 2717//2721 2695//2699 2687//2691
f 2721//2725 2705//2709 2707//2711
f 2721//2725 2702//2706 2713//2717
f 2721//2725 2713//2717 2719//2723
f 2721//2725 2718//2722 2705//2709
f 2722//2726 2714//2718 2710//2714
f 2722//2726 2723//2727 2724//2728
f 2722//2726 2725//2729 2726//2730
f 2722//2726 2727//2731 2714//2718
f 2728//2732 2729//2733 2715//2719
f 2728//2732 2727//2731 2730//2734
f 2728//2732 2730//2734 2731//2735
f 2728//2732 2731//2735 2732//2736
f 2733//2737 2697//2701 2734//2738
f 2733//2737 2734//2738 2732//2736
f 2733//2737 2735//2739 2278//2277
f 2733//2737 2278//2277 2231//2230
f 2736//2740 2720//2724 2719//2723
f 2736//2740 2716//2720 2729//2733
f 2736//2740 2729//2733 2734//2738
f 2736//2740 2734//2738 2696//2700
f 2737//2741 2738//2742 2739//2743
f 2737//2741 2739//2743 2740//2744
f 2737//2741 2740//2744 2286//2285
f 2737//2741 2286//2285 2302//2301
f 2741//2745 2742//2746 2291//2290
f 2741//2745 2291//2290 2308//2307
f 2741//2745 2743//2747 2744//2748
f 2741//2745 2744//2748 2724//2728
f 2745//2749 2709//2713 2253//2252
f 2745//2749 2298//2297 2742//2746
f 2745//2749 2742//2746 2723//2727
f 2745//2749 2723//2727 2710//2714
f 2746//2750 2735//2739 2731//2735
f 2746//2750 2731//2735 2747//2751
f 2746//2750 2738//2742 2301//2300
f 2746//2750 2301//2300 2279//2278
f 2748//2752 2749//2753 2743//2747
f 2748//2752 2743//2747 2307//2306
f 2748//2752 2307//2306 2306//2305
f 2748//2752 2750//2754 2751//2755
f 2752//2756 2753//2757 2751//2755
f 2752//2756 2750//2754 2311//2310
f 2752//2756 2311//2310 2740//2744
f 2752//2756 2740//2744 2753//2757
f 2754//2758 2730//2734 2726//2730
f 2754//2758 2755//2759 2753//2757
f 2754//2758 2753//2757 2756//2760
f 2754//2758 2739//2743 2747//2751
f 2757//2761 2725//2729 2744//2748
f 2757//2761 2744//2748 2758//2762
f 2757//2761 2749//2753 2751//2755
f 2757//2761 2755//2759 2725//2729
f 2759//2763 2760//2764 2761//2765
f 2759//2763 2762//2766 2763//2767
f 2759//2763 2763//2767 2320//2319
f 2759//2763 2320//2319 2760//2764
f 2764//2768 2538//2542 2324//2323
f 2764//2768 2765//2769 2766//2770
f 2764//2768 2766//2770 2511//2515
f 2767//2771 2506//2510 2513//2517
f 2767//2771 2513//2517 2768//2772
f 2767//2771 2768//2772 2761//2765
f 2767//2771 2769//2773 2531//2535
f 2770//2774 2532//2536 2769//2773
f 2770//2774 2769//2773 2760//2764
f 2770//2774 2760//2764 2319//2318
f 2770//2774 2332//2331 2029//2028
f 2771//2775 2772//2776 2773//2777
f 2771//2775 2774//2778 2765//2779
f 2775//2780 2763//2781 2776//2782
f 2775//2780 2776//2782 2773//2777
f 2777//2783 2768//2772 2778//2784
f 2777//2783 2779//2785 2776//2786
f 2777//2783 2776//2786 2780//2787
f 2777//2783 2762//2766 2768//2772
f 2781//2788 2512//2516 2766//2770
f 2781//2788 2766//2770 2782//2789
f 2781//2788 2774//2790 2779//2785
f 2781//2788 2779//2785 2778//2784
f 2783//2791 2774//2792 2782//2789
f 2783//2791 2784//2793 2785//2794
f 2783//2791 2786//2795 2787//2796
f 2783//2791 2787//2796 2788//2797
f 2783//2791 2789//2798 2773//2799
f 2790//2800 2776//2801 2773//2799
f 2790//2800 2789//2798 2788//2797
f 2790//2800 2791//2802 2792//2803
f 2790//2800 2792//2803 2793//2804
f 2790//2800 2794//2805 2780//2806
f 2795//2807 2796//2808 2797//2809
f 2795//2807 2797//2809 2798//2810
f 2795//2807 2798//2810 2794//2805
f 2795//2807 2794//2805 2793//2804
f 2799//2811 2800//2812 2785//2794
f 2799//2811 2784//2793 2801//2813
f 2799//2811 2801//2813 2797//2809
f 2799//2811 2797//2809 2800//2812
f 2802//2814 2803//2815 2786//2795
f 2802//2814 2786//2795 2785//2794
f 2802//2814 2800//2812 2804//2816
f 2802//2814 2804//2816 2805//2817
f 2806//2818 2807//2819 2805//2817
f 2806//2818 2804//2816 2808//2820
f 2806//2818 2796//2808 2793//2804
f 2806//2818 2792//2803 2807//2819
f 2809//2821 2803//2815 2810//2822
f 2809//2821 2810//2822 2811//2823
f 2809//2821 2812//2824 2813//2825
f 2809//2821 2813//2825 2814//2826
f 2815//2827 2791//2802 2816//2828
f 2815//2827 2816//2828 2817//2829
f 2815//2827 2817//2829 2818//2830
f 2815//2827 2818//2830 2819//2831
f 2820//2832 2787//2796 2814//2826
f 2820//2832 2813//2825 2821//2833
f 2820//2832 2821//2833 2816//2828
f 2820//2832 2816//2828 2787//2796
f 2822//2834 2807//2819 2819//2831
f 2822//2834 2818//2830 2823//2835
f 2822//2834 2823//2835 2811//2823
f 2822//2834 2810//2822 2807//2819
f 2824//2836 2812//2824 2825//2837
f 2824//2836 2825//2837 2826//2838
f 2824//2836 2827//2839 2828//2840
f 2824//2836 2828//2840 2829//2841
f 2830//2842 2817//2829 2831//2843
f 2830//2842 2832//2844 2833//2845
f 2830//2842 2833//2845 2834//2846
f 2830//2842 2834//2846 2835//2847
f 2836//2848 2823//2835 2835//2847
f 2836//2848 2834//2846 2837//2849
f 2836//2848 2837//2849 2825//2837
f 2836//2848 2825//2837 2823//2835
f 2838//2850 2821//2833 2829//2841
f 2838//2850 2828//2840 2839//2851
f 2838//2850 2839//2851 2832//2844
f 2838//2850 2832//2844 2831//2843
f 2840//2852 2569//2573 2841//2853
f 2840//2852 2841//2853 2842//2854
f 2840//2852 2843//2855 2844//2856
f 2840//2852 2844//2856 2845//2857
f 2846//2858 2555//2559 2551//2555
f 2846//2858 2847//2859 2848//2860
f 2846//2858 2848//2860 2849//2861
f 2846//2858 2850//2862 2556//2560
f 2851//2863 2593//2597 2556//2560
f 2851//2863 2850//2862 2852//2864
f 2851//2863 2852//2864 2567//2571
f 2851//2863 2567//2571 2566//2570
f 2853//2865 2563//2567 2571//2575
f 2853//2865 2570//2574 2845//2857
f 2853//2865 2854//2866 2855//2867
f 2853//2865 2847//2859 2551//2555
f 2856//2868 2843//2855 2857//2869
f 2856//2868 2857//2869 2858//2870
f 2856//2868 2859//2871 2860//2872
f 2856//2868 2861//2873 2843//2855
f 2862//2874 2848//2860 2855//2867
f 2862//2874 2863//2875 2864//2876
f 2862//2874 2864//2876 2865//2877
f 2862//2874 2866//2878 2849//2861
f 2867//2879 2854//2866 2845//2857
f 2867//2879 2844//2856 2868//2880
f 2867//2879 2868//2880 2869//2881
f 2867//2879 2863//2875 2854//2866
f 2870//2882 2852//2864 2849//2861
f 2870//2882 2866//2878 2871//2883
f 2870//2882 2871//2883 2841//2853
f 2870//2882 2841//2853 2852//2864
f 2872//2884 2859//2871 2873//2885
f 2872//2884 2873//2885 2874//2886
f 2872//2884 2875//2887 2876//2888
f 2872//2884 2877//2889 2859//2871
f 2878//2890 2864//2876 2879//2891
f 2878//2890 2879//2891 2880//2892
f 2878//2890 2881//2893 2882//2894
f 2878//2890 2883//2895 2864//2876
f 2884//2896 2868//2880 2861//2873
f 2884//2896 2861//2873 2885//2897
f 2884//2896 2885//2897 2879//2891
f 2884//2896 2879//2891 2869//2881
f 2886//2898 2871//2883 2865//2877
f 2886//2898 2883//2895 2887//2899
f 2886//2898 2887//2899 2858//2870
f 2886//2898 2857//2869 2871//2883
f 2888//2900 2875//2887 2889//2901
f 2888//2900 2889//2901 2890//2902
f 2888//2900 2890//2902 2891//2903
f 2888//2900 2892//2904 2875//2887
f 2893//2905 2887//2899 2882//2894
f 2893//2905 2894//2906 2895//2907
f 2893//2905 2896//2908 2873//2885
f 2893//2905 2873//2885 2858//2870
f 2897//2909 2881//2893 2898//2910
f 2897//2909 2898//2910 2899//2911
f 2897//2909 2900//2912 2895//2907
f 2897//2909 2894//2906 2881//2893
f 2901//2913 2885//2897 2860//2872
f 2901//2913 2877//2889 2902//2914
f 2901//2913 2902//2914 2899//2911
f 2901//2913 2898//2910 2885//2897
f 2903//2915 2904//2916 2905//2917
f 2903//2915 2905//2917 2890//2902
f 2903//2915 2890//2902 2906//2918
f 2903//2915 2906//2918 2904//2916
f 2907//2919 2900//2912 2899//2911
f 2907//2919 2908//2920 2904//2916
f 2907//2919 2904//2916 2909//2921
f 2907//2919 2909//2921 2895//2907
f 2910//2922 2902//2914 2876//2888
f 2910//2922 2892//2904 2905//2917
f 2910//2922 2905//2917 2908//2920
f 2910//2922 2908//2920 2902//2914
f 2911//2923 2896//2908 2909//2921
f 2911//2923 2909//2921 2906//2918
f 2911//2923 2906//2918 2889//2901
f 2911//2923 2889//2901 2874//2886
f 2912//2924 2837//2849 2913//2925
f 2912//2924 2914//2926 2915//2927
f 2912//2924 2916//2928 2917//2929
f 2912//2924 2917//2929 2826//2838
f 2918//2930 2833//2845 2919//2931
f 2918//2930 2920//2932 2921//2933
f 2918//2930 2921//2933 2914//2926
f 2918//2930 2914//2926 2913//2925
f 2922//2934 2827//2839 2826//2838
f 2922//2934 2917//2929 2923//2935
f 2922//2934 2924//2936 2925//2937
f 2922//2934 2926//2938 2827//2839
f 2927//2939 2839//2851 2928//2940
f 2927//2939 2926//2938 2929//2941
f 2927//2939 2929//2941 2920//2932
f 2927//2939 2920//2932 2919//2931
f 2930//2942 2921//2933 2929//2941
f 2930//2942 2929//2941 2924//2936
f 2930//2942 2924//2936 2923//2935
f 2930//2942 2916//2928 2915//2927
f 2771//2943 2772//2776 2765//2944
f 2335//2945 2327//2335 2363//2367
f 2337//2337 2338//2338 2334//2946
f 2321//2320 2763//2767 2775//2780
f 2323//2322 2764//2768 2324//2323
f 2931//2947 2763//2767 2321//2320
f 4//4 1//1 3//3
f 4//4 75//75 5//5
f 7//7 1//1 6//6
f 7//7 27//27 2//2
f 11//11 8//8 10//10
f 13//13 8//8 12//12
f 13//13 83//83 14//14
f 14//14 33//33 9//9
f 16//16 38//38 17//17
f 19//19 15//15 18//18
f 21//21 15//15 20//20
f 16//16 15//15 22//22
f 26//26 23//23 25//25
f 26//26 3//3 2//2
f 28//28 23//23 27//27
f 28//28 45//45 24//24
f 32//32 29//29 31//31
f 32//32 10//10 9//9
f 34//34 29//29 33//33
f 34//34 50//50 30//30
f 36//36 55//55 37//37
f 16//16 35//35 38//38
f 16//16 22//22 39//39
f 36//36 35//35 40//40
f 44//44 41//41 43//43
f 44//44 25//25 24//24
f 46//46 41//41 45//45
f 46//46 114//114 42//42
f 48//48 1982//1981 49//49
f 49//49 31//31 30//30
f 51//51 47//47 50//50
f 51//51 66//66 48//48
f 53//53 71//71 54//54
f 36//36 52//52 55//55
f 36//36 40//40 56//56
f 53//53 52//52 57//57
f 59//59 1799//1799 60//60
f 42//42 58//58 43//43
f 42//42 114//114 61//61
f 61//61 1800//1800 59//59
f 65//65 62//62 64//64
f 65//65 1982//1981 48//48
f 67//67 62//62 66//66
f 67//67 77//77 63//63
f 69//69 81//81 70//70
f 53//53 68//68 71//71
f 53//53 57//57 72//72
f 69//69 68//68 73//73
f 76//76 74//74 75//75
f 76//76 64//64 63//63
f 78//78 74//74 77//77
f 78//78 6//6 5//5
f 13//13 12//12 80//80
f 69//69 79//79 81//81
f 69//69 73//73 82//82
f 13//13 79//79 83//83
f 7//7 84//84 27//27
f 7//7 6//6 86//86
f 88//88 84//84 87//87
f 88//88 102//102 85//85
f 14//14 89//89 33//33
f 91//91 89//89 83//83
f 91//91 140//140 92//92
f 90//90 89//89 93//93
f 95//95 22//22 21//21
f 96//96 94//94 20//20
f 98//98 94//94 97//97
f 95//95 94//94 99//99
f 28//28 100//100 45//45
f 28//28 27//27 85//85
f 103//103 100//100 102//102
f 103//103 115//115 101//101
f 34//34 104//104 50//50
f 34//34 33//33 90//90
f 90//90 93//93 106//106
f 105//105 104//104 107//107
f 109//109 40//40 39//39
f 95//95 108//108 22//22
f 95//95 99//99 110//110
f 109//109 108//108 111//111
f 46//46 112//112 114//114
f 46//46 45//45 101//101
f 116//116 112//112 115//115
f 116//116 178//178 113//113
f 118//118 66//66 51//51
f 51//51 50//50 105//105
f 119//119 117//117 107//107
f 118//118 117//117 120//120
f 122//122 57//57 56//56
f 109//109 121//121 40//40
f 109//109 111//111 123//123
f 122//122 121//121 124//124
f 126//126 1800//1800 61//61
f 113//113 125//125 114//114
f 113//113 178//178 127//127
f 127//127 1807//1807 126//126
f 67//67 128//128 77//77
f 118//118 128//128 66//66
f 118//118 120//120 130//130
f 129//129 128//128 131//131
f 133//133 73//73 72//72
f 122//122 132//132 57//57
f 122//122 124//124 134//134
f 133//133 132//132 135//135
f 78//78 136//136 6//6
f 78//78 77//77 129//129
f 129//129 131//131 137//137
f 137//137 87//87 86//86
f 91//91 83//83 82//82
f 133//133 138//138 73//73
f 133//133 135//135 139//139
f 91//91 138//138 140//140
f 137//137 141//141 87//87
f 143//143 141//141 131//131
f 143//143 194//194 144//144
f 144//144 152//152 142//142
f 146//146 140//140 139//139
f 147//147 145//145 135//135
f 147//147 197//197 148//148
f 146//146 145//145 149//149
f 88//88 150//150 102//102
f 88//88 87//87 142//142
f 153//153 150//150 152//152
f 153//153 166//166 151//151
f 155//155 93//93 92//92
f 146//146 154//154 140//140
f 146//146 149//149 156//156
f 155//155 154//154 157//157
f 159//159 99//99 98//98
f 160//160 158//158 97//97
f 162//162 158//158 161//161
f 159//159 158//158 163//163
f 103//103 164//164 115//115
f 103//103 102//102 151//151
f 167//167 164//164 166//166
f 167//167 179//179 165//165
f 169//169 107//107 106//106
f 155//155 168//168 93//93
f 155//155 157//157 170//170
f 169//169 168//168 171//171
f 173//173 111//111 110//110
f 159//159 172//172 99//99
f 159//159 163//163 174//174
f 173//173 172//172 175//175
f 116//116 176//176 178//178
f 116//116 115//115 165//165
f 180//180 176//176 179//179
f 180//180 205//205 177//177
f 182//182 120//120 119//119
f 119//119 107//107 169//169
f 183//183 181//181 171//171
f 182//182 181//181 184//184
f 186//186 124//124 123//123
f 173//173 185//185 111//111
f 173//173 175//175 187//187
f 186//186 185//185 188//188
f 190//190 1807//1807 127//127
f 177//177 189//189 178//178
f 177//177 205//205 191//191
f 191//191 1816//1816 190//190
f 143//143 131//131 130//130
f 182//182 192//192 120//120
f 182//182 184//184 193//193
f 143//143 192//192 194//194
f 147//147 135//135 134//134
f 186//186 195//195 124//124
f 186//186 188//188 196//196
f 147//147 195//195 197//197
f 199//199 188//188 187//187
f 200//200 198//198 175//175
f 200//200 247//247 201//201
f 199//199 198//198 202//202
f 204//204 1816//1816 191//191
f 206//206 203//203 205//205
f 206//206 266//266 207//207
f 207//207 1821//1821 204//204
f 209//209 194//194 193//193
f 210//210 208//208 184//184
f 212//212 208//208 211//211
f 212//212 283//283 209//209
f 214//214 197//197 196//196
f 199//199 213//213 188//188
f 199//199 202//202 215//215
f 214//214 213//213 216//216
f 144//144 217//217 152//152
f 209//209 217//217 194//194
f 209//209 283//283 219//219
f 219//219 226//226 218//218
f 221//221 149//149 148//148
f 214//214 220//220 197//197
f 214//214 216//216 222//222
f 221//221 220//220 223//223
f 153//153 224//224 166//166
f 153//153 152//152 218//218
f 227//227 224//224 226//226
f 227//227 240//240 225//225
f 229//229 157//157 156//156
f 221//221 228//228 149//149
f 221//221 223//223 230//230
f 229//229 228//228 231//231
f 233//233 163//163 162//162
f 234//234 232//232 161//161
f 236//236 232//232 235//235
f 233//233 232//232 237//237
f 167//167 238//238 179//179
f 167//167 166//166 225//225
f 241//241 238//238 240//240
f 241//241 249//249 239//239
f 243//243 171//171 170//170
f 229//229 242//242 157//157
f 244//244 242//242 231//231
f 244//244 252//252 243//243
f 200//200 175//175 174//174
f 233//233 245//245 163//163
f 233//233 237//237 246//246
f 200//200 245//245 247//247
f 180//180 248//248 205//205
f 180//180 179//179 239//239
f 250//250 248//248 249//249
f 250//250 266//266 206//206
f 210//210 184//184 183//183
f 183//183 171//171 243//243
f 253//253 251//251 252//252
f 253//253 211//211 210//210
f 244//244 254//254 252//252
f 244//244 231//231 256//256
f 258//258 254//254 257//257
f 258//258 272//272 255//255
f 260//260 247//247 246//246
f 261//261 259//259 237//237
f 261//261 308//308 262//262
f 260//260 259//259 263//263
f 250//250 264//264 266//266
f 250//250 249//249 267//267
f 269//269 264//264 268//268
f 269//269 341//341 265//265
f 253//253 270//270 211//211
f 253//253 252//252 255//255
f 273//273 270//270 272//272
f 273//273 284//284 271//271
f 275//275 202//202 201//201
f 260//260 274//274 247//247
f 260//260 263//263 276//276
f 275//275 274//274 277//277
f 279//279 1821//1821 207//207
f 265//265 278//278 266//266
f 265//265 341//341 280//280
f 280//280 1826//1826 279//279
f 212//212 281//281 283//283
f 212//212 211//211 271//271
f 285//285 281//281 284//284
f 285//285 292//292 282//282
f 287//287 216//216 215//215
f 275//275 286//286 202//202
f 275//275 277//277 288//288
f 287//287 286//286 289//289
f 219//219 290//290 226//226
f 219//219 283//283 282//282
f 293//293 290//290 292//292
f 293//293 300//300 291//291
f 295//295 223//223 222//222
f 287//287 294//294 216//216
f 287//287 289//289 296//296
f 295//295 294//294 297//297
f 227//227 298//298 240//240
f 227//227 226//226 291//291
f 301//301 298//298 300//300
f 301//301 310//310 299//299
f 230//230 302//302 231//231
f 295//295 302//302 223//223
f 295//295 297//297 303//303
f 303//303 257//257 256//256
f 261//261 237//237 236//236
f 305//305 304//304 235//235
f 307//307 304//304 306//306
f 261//261 304//304 308//308
f 241//241 309//309 249//249
f 241//241 240//240 299//299
f 311//311 309//309 310//310
f 311//311 268//268 267//267
f 301//301 312//312 310//310
f 301//301 300//300 314//314
f 316//316 312//312 315//315
f 316//316 329//329 313//313
f 303//303 317//317 257//257
f 319//319 317//317 297//297
f 319//319 368//368 320//320
f 320//320 333//333 318//318
f 322//322 308//308 307//307
f 323//323 321//321 306//306
f 325//325 321//321 324//324
f 322//322 321//321 326//326
f 311//311 327//327 268//268
f 311//311 310//310 313//313
f 330//330 327//327 329//329
f 330//330 342//342 328//328
f 258//258 331//331 272//272
f 258//258 257//257 318//318
f 334//334 331//331 333//333
f 334//334 346//346 332//332
f 336//336 263//263 262//262
f 322//322 335//335 308//308
f 322//322 326//326 337//337
f 336//336 335//335 338//338
f 269//269 339//339 341//341
f 269//269 268//268 328//328
f 343//343 339//339 342//342
f 343//343 406//406 340//340
f 345//345 284//284 273//273
f 273//273 272//272 332//332
f 347//347 344//344 346//346
f 345//345 344//344 348//348
f 350//350 277//277 276//276
f 336//336 349//349 263//263
f 336//336 338//338 351//351
f 350//350 349//349 352//352
f 354//354 1826//1826 280//280
f 340//340 353//353 341//341
f 340//340 406//406 355//355
f 355//355 1831//1831 354//354
f 285//285 356//356 292//292
f 285//285 284//284 345//345
f 345//345 348//348 358//358
f 358//358 364//364 357//357
f 360//360 289//289 288//288
f 350//350 359//359 277//277
f 350//350 352//352 361//361
f 360//360 359//359 362//362
f 293//293 363//363 300//300
f 293//293 292//292 357//357
f 365//365 363//363 364//364
f 365//365 315//315 314//314
f 319//319 297//297 296//296
f 360//360 366//366 289//289
f 360//360 362//362 367//367
f 319//319 366//366 368//368
f 365//365 369//369 315//315
f 365//365 364//364 371//371
f 373//373 369//369 372//372
f 373//373 381//381 370//370
f 375//375 368//368 367//367
f 376//376 374//374 362//362
f 376//376 425//425 377//377
f 375//375 374//374 378//378
f 316//316 379//379 329//329
f 316//316 315//315 370//370
f 382//382 379//379 381//381
f 382//382 394//394 380//380
f 320//320 383//383 333//333
f 375//375 383//383 368//368
f 375//375 378//378 385//385
f 385//385 398//398 384//384
f 387//387 326//326 325//325
f 388//388 386//386 324//324
f 390//390 386//386 389//389
f 387//387 386//386 391//391
f 330//330 392//392 342//342
f 330//330 329//329 380//380
f 395//395 392//392 394//394
f 395//395 407//407 393//393
f 334//334 396//396 346//346
f 334//334 333//333 384//384
f 399//399 396//396 398//398
f 399//399 411//411 397//397
f 401//401 338//338 337//337
f 387//387 400//400 326//326
f 387//387 391//391 402//402
f 401//401 400//400 403//403
f 343//343 404//404 406//406
f 343//343 342//342 393//393
f 408//408 404//404 407//407
f 408//408 433//433 405//405
f 410//410 348//348 347//347
f 347//347 346//346 397//397
f 412//412 409//409 411//411
f 410//410 409//409 413//413
f 415//415 352//352 351//351
f 401//401 414//414 338//338
f 401//401 403//403 416//416
f 415//415 414//414 417//417
f 419//419 1831//1831 355//355
f 405//405 418//418 406//406
f 405//405 433//433 420//420
f 420//420 1836//1836 419//419
f 358//358 421//421 364//364
f 410//410 421//421 348//348
f 410//410 413//413 422//422
f 422//422 372//372 371//371
f 376//376 362//362 361//361
f 415//415 423//423 352//352
f 415//415 417//417 424//424
f 376//376 423//423 425//425
f 427//427 417//417 416//416
f 428//428 426//426 403//403
f 428//428 474//474 429//429
f 427//427 426//426 430//430
f 432//432 1836//1836 420//420
f 434//434 431//431 433//433
f 434//434 494//494 435//435
f 435//435 1842//1842 432//432
f 422//422 436//436 372//372
f 438//438 436//436 413//413
f 438//438 481//481 439//439
f 439//439 446//446 437//437
f 441//441 425//425 424//424
f 427//427 440//440 417//417
f 427//427 430//430 442//442
f 441//441 440//440 443//443
f 373//373 444//444 381//381
f 373//373 372//372 437//437
f 447//447 444//444 446//446
f 447//447 454//454 445//445
f 449//449 378//378 377//377
f 441//441 448//448 425//425
f 441//441 443//443 450//450
f 449//449 448//448 451//451
f 382//382 452//452 394//394
f 382//382 381//381 445//445
f 455//455 452//452 454//454
f 455//455 466//466 453//453
f 385//385 456//456 398//398
f 449//449 456//456 378//378
f 449//449 451//451 458//458
f 458//458 470//470 457//457
f 460//460 391//391 390//390
f 461//461 459//459 389//389
f 461//461 1839//1839 462//462
f 460//460 459//459 463//463
f 395//395 464//464 407//407
f 395//395 394//394 453//453
f 467//467 464//464 466//466
f 467//467 476//476 465//465
f 399//399 468//468 411//411
f 399//399 398//398 457//457
f 471//471 468//468 470//470
f 471//471 479//479 469//469
f 428//428 403//403 402//402
f 460//460 472//472 391//391
f 460//460 463//463 473//473
f 428//428 472//472 474//474
f 408//408 475//475 433//433
f 408//408 407//407 465//465
f 477//477 475//475 476//476
f 477//477 494//494 434//434
f 438//438 413//413 412//412
f 412//412 411//411 469//469
f 480//480 478//478 479//479
f 438//438 478//478 481//481
f 471//471 482//482 479//479
f 471//471 470//470 484//484
f 486//486 482//482 485//485
f 486//486 500//500 483//483
f 488//488 474//474 473//473
f 489//489 487//487 463//463
f 489//489 535//535 490//490
f 488//488 487//487 491//491
f 477//477 492//492 494//494
f 477//477 476//476 495//495
f 497//497 492//492 496//496
f 497//497 567//567 493//493
f 499//499 481//481 480//480
f 480//480 479//479 483//483
f 501//501 498//498 500//500
f 499//499 498//498 502//502
f 504//504 430//430 429//429
f 488//488 503//503 474//474
f 488//488 491//491 505//505
f 504//504 503//503 506//506
f 508//508 1842//1842 435//435
f 493//493 507//507 494//494
f 493//493 567//567 509//509
f 508//508 507//507 510//510
f 439//439 511//511 446//446
f 499//499 511//511 481//481
f 499//499 502//502 513//513
f 513//513 520//520 512//512
f 515//515 443//443 442//442
f 504//504 514//514 430//430
f 504//504 506//506 516//516
f 515//515 514//514 517//517
f 447//447 518//518 454//454
f 447//447 446//446 512//512
f 521//521 518//518 520//520
f 521//521 528//528 519//519
f 523//523 451//451 450//450
f 515//515 522//522 443//443
f 515//515 517//517 524//524
f 523//523 522//522 525//525
f 455//455 526//526 466//466
f 455//455 454//454 519//519
f 529//529 526//526 528//528
f 529//529 537//537 527//527
f 458//458 530//530 470//470
f 523//523 530//530 451//451
f 523//523 525//525 531//531
f 531//531 485//485 484//484
f 489//489 463//463 462//462
f 462//462 1839//1839 533//533
f 533//533 1845//1845 534//534
f 489//489 532//532 535//535
f 467//467 536//536 476//476
f 467//467 466//466 527//527
f 538//538 536//536 537//537
f 538//538 496//496 495//495
f 529//529 539//539 537//537
f 529//529 528//528 541//541
f 543//543 539//539 542//542
f 543//543 555//555 540//540
f 531//531 544//544 485//485
f 546//546 544//544 525//525
f 546//546 595//595 547//547
f 547//547 559//559 545//545
f 549//549 535//535 534//534
f 534//534 1845//1845 550//550
f 550//550 1850//1850 551//551
f 549//549 548//548 552//552
f 538//538 553//553 496//496
f 538//538 537//537 540//540
f 556//556 553//553 555//555
f 556//556 568//568 554//554
f 486//486 557//557 500//500
f 486//486 485//485 545//545
f 560//560 557//557 559//559
f 560//560 572//572 558//558
f 562//562 491//491 490//490
f 549//549 561//561 535//535
f 549//549 552//552 563//563
f 562//562 561//561 564//564
f 497//497 565//565 567//567
f 497//497 496//496 554//554
f 569//569 565//565 568//568
f 569//569 632//632 566//566
f 571//571 502//502 501//501
f 501//501 500//500 558//558
f 573//573 570//570 572//572
f 571//571 570//570 574//574
f 576//576 506//506 505//505
f 562//562 575//575 491//491
f 562//562 564//564 577//577
f 576//576 575//575 578//578
f 580//580 510//510 509//509
f 566//566 579//579 567//567
f 566//566 632//632 581//581
f 580//580 579//579 582//582
f 513//513 583//583 520//520
f 571//571 583//583 502//502
f 571//571 574//574 585//585
f 585//585 591//591 584//584
f 587//587 517//517 516//516
f 576//576 586//586 506//506
f 576//576 578//578 588//588
f 587//587 586//586 589//589
f 521//521 590//590 528//528
f 521//521 520//520 584//584
f 592//592 590//590 591//591
f 592//592 542//542 541//541
f 546//546 525//525 524//524
f 587//587 593//593 517//517
f 587//587 589//589 594//594
f 546//546 593//593 595//595
f 592//592 596//596 542//542
f 592//592 591//591 598//598
f 600//600 596//596 599//599
f 600//600 608//608 597//597
f 602//602 595//595 594//594
f 603//603 601//601 589//589
f 603//603 652//652 604//604
f 602//602 601//601 605//605
f 543//543 606//606 555//555
f 543//543 542//542 597//597
f 609//609 606//606 608//608
f 609//609 620//620 607//607
f 547//547 610//610 559//559
f 602//602 610//610 595//595
f 602//602 605//605 612//612
f 612//612 624//624 611//611
f 614//614 552//552 551//551
f 551//551 1850//1850 615//615
f 615//615 1855//1855 616//616
f 614//614 613//613 617//617
f 556//556 618//618 568//568
f 556//556 555//555 607//607
f 621//621 618//618 620//620
f 621//621 633//633 619//619
f 560//560 622//622 572//572
f 560//560 559//559 611//611
f 625//625 622//622 624//624
f 625//625 637//637 623//623
f 627//627 564//564 563//563
f 614//614 626//626 552//552
f 614//614 617//617 628//628
f 627//627 626//626 629//629
f 569//569 630//630 632//632
f 569//569 568//568 619//619
f 634//634 630//630 633//633
f 634//634 655//655 631//631
f 636//636 574//574 573//573
f 573//573 572//572 623//623
f 638//638 635//635 637//637
f 636//636 635//635 639//639
f 641//641 578//578 577//577
f 627//627 640//640 564//564
f 627//627 629//629 642//642
f 641//641 640//640 643//643
f 581//581 644//644 582//582
f 631//631 644//644 632//632
f 631//631 655//655 646//646
f 645//645 644//644 647//647
f 585//585 648//648 591//591
f 636//636 648//648 574//574
f 649//649 648//648 639//639
f 649//649 599//599 598//598
f 603//603 589//589 588//588
f 641//641 650//650 578//578
f 641//641 643//643 651//651
f 603//603 650//650 652//652
f 646//646 653//653 647//647
f 656//656 653//653 655//655
f 656//656 717//717 657//657
f 654//654 653//653 658//658
f 649//649 659//659 599//599
f 649//649 639//639 661//661
f 663//663 659//659 662//662
f 663//663 671//671 660//660
f 665//665 652//652 651//651
f 666//666 664//664 643//643
f 666//666 709//709 667//667
f 665//665 664//664 668//668
f 600//600 669//669 608//608
f 600//600 599//599 660//660
f 672//672 669//669 671//671
f 672//672 679//679 670//670
f 674//674 605//605 604//604
f 665//665 673//673 652//652
f 665//665 668//668 675//675
f 674//674 673//673 676//676
f 609//609 677//677 620//620
f 609//609 608//608 670//670
f 680//680 677//677 679//679
f 680//680 691//691 678//678
f 612//612 681//681 624//624
f 674//674 681//681 605//605
f 674//674 676//676 683//683
f 683//683 695//695 682//682
f 685//685 617//617 616//616
f 616//616 1855//1855 686//686
f 686//686 1860//1860 687//687
f 685//685 684//684 688//688
f 621//621 689//689 633//633
f 621//621 620//620 678//678
f 692//692 689//689 691//691
f 692//692 702//702 690//690
f 625//625 693//693 637//637
f 625//625 624//624 682//682
f 696//696 693//693 695//695
f 696//696 705//705 694//694
f 698//698 629//629 628//628
f 685//685 697//697 617//617
f 685//685 688//688 699//699
f 698//698 697//697 700//700
f 634//634 701//701 655//655
f 634//634 633//633 690//690
f 703//703 701//701 702//702
f 703//703 717//717 656//656
f 638//638 704//704 639//639
f 638//638 637//637 694//694
f 706//706 704//704 705//705
f 706//706 662//662 661//661
f 666//666 643//643 642//642
f 698//698 707//707 629//629
f 698//698 700//700 708//708
f 666//666 707//707 709//709
f 711//711 700//700 699//699
f 712//712 710//710 688//688
f 712//712 761//761 713//713
f 711//711 710//710 714//714
f 703//703 715//715 717//717
f 703//703 702//702 718//718
f 720//720 715//715 719//719
f 720//720 792//792 716//716
f 706//706 721//721 662//662
f 706//706 705//705 723//723
f 725//725 721//721 724//724
f 722//722 721//721 726//726
f 728//728 709//709 708//708
f 711//711 727//727 700//700
f 711//711 714//714 729//729
f 728//728 727//727 730//730
f 657//657 731//731 658//658
f 716//716 731//731 717//717
f 716//716 792//792 733//733
f 732//732 731//731 734//734
f 663//663 735//735 671//671
f 663//663 662//662 722//722
f 722//722 726//726 737//737
f 736//736 735//735 738//738
f 740//740 668//668 667//667
f 728//728 739//739 709//709
f 728//728 730//730 741//741
f 740//740 739//739 742//742
f 672//672 743//743 679//679
f 736//736 743//743 671//671
f 736//736 738//738 745//745
f 745//745 752//752 744//744
f 747//747 676//676 675//675
f 740//740 746//746 668//668
f 740//740 742//742 748//748
f 747//747 746//746 749//749
f 680//680 750//750 691//691
f 680//680 679//679 744//744
f 753//753 750//750 752//752
f 753//753 763//763 751//751
f 755//755 695//695 683//683
f 747//747 754//754 676//676
f 747//747 749//749 756//756
f 755//755 754//754 757//757
f 712//712 688//688 687//687
f 687//687 1860//1860 759//759
f 759//759 1865//1865 760//760
f 712//712 758//758 761//761
f 692//692 762//762 702//702
f 692//692 691//691 751//751
f 764//764 762//762 763//763
f 764//764 719//719 718//718
f 696//696 765//765 705//705
f 696//696 695//695 755//755
f 755//755 757//757 766//766
f 723//723 765//765 724//724
f 768//768 757//757 756//756
f 769//769 767//767 749//749
f 769//769 820//820 770//770
f 768//768 767//767 771//771
f 773//773 761//761 760//760
f 760//760 1865//1865 774//774
f 774//774 1870//1870 775//775
f 773//773 772//772 776//776
f 764//764 777//777 719//719
f 764//764 763//763 779//779
f 781//781 777//777 780//780
f 781//781 793//793 778//778
f 783//783 724//724 766//766
f 768//768 782//782 757//757
f 768//768 771//771 784//784
f 783//783 782//782 785//785
f 787//787 714//714 713//713
f 773//773 786//786 761//761
f 773//773 776//776 788//788
f 787//787 786//786 789//789
f 720//720 790//790 792//792
f 720//720 719//719 778//778
f 794//794 790//790 793//793
f 794//794 860//860 791//791
f 796//796 726//726 725//725
f 725//725 724//724 783//783
f 797//797 795//795 785//785
f 796//796 795//795 798//798
f 800//800 730//730 729//729
f 787//787 799//799 714//714
f 787//787 789//789 801//801
f 800//800 799//799 802//802
f 733//733 803//803 734//734
f 791//791 803//803 792//792
f 791//791 860//860 805//805
f 804//804 803//803 806//806
f 808//808 738//738 737//737
f 796//796 807//807 726//726
f 796//796 798//798 809//809
f 808//808 807//807 810//810
f 812//812 742//742 741//741
f 800//800 811//811 730//730
f 800//800 802//802 813//813
f 812//812 811//811 814//814
f 745//745 815//815 752//752
f 808//808 815//815 738//738
f 808//808 810//810 817//817
f 817//817 822//822 816//816
f 769//769 749//749 748//748
f 812//812 818//818 742//742
f 812//812 814//814 819//819
f 769//769 818//818 820//820
f 753//753 821//821 763//763
f 753//753 752//752 816//816
f 823//823 821//821 822//822
f 823//823 780//780 779//779
f 817//817 824//824 822//822
f 826//826 824//824 810//810
f 828//828 824//824 827//827
f 828//828 836//836 825//825
f 830//830 820//820 819//819
f 831//831 829//829 814//814
f 831//831 880//880 832//832
f 830//830 829//829 833//833
f 823//823 834//834 780//780
f 823//823 822//822 825//825
f 837//837 834//834 836//836
f 837//837 848//848 835//835
f 839//839 771//771 770//770
f 830//830 838//838 820//820
f 830//830 833//833 840//840
f 840//840 852//852 839//839
f 842//842 776//776 775//775
f 775//775 1870//1870 843//843
f 843//843 1873//1873 844//844
f 842//842 841//841 845//845
f 781//781 846//846 793//793
f 781//781 780//780 835//835
f 849//849 846//846 848//848
f 849//849 861//861 847//847
f 851//851 785//785 784//784
f 839//839 850//850 771//771
f 853//853 850//850 852//852
f 853//853 865//865 851//851
f 855//855 789//789 788//788
f 842//842 854//854 776//776
f 842//842 845//845 856//856
f 855//855 854//854 857//857
f 794//794 858//858 860//860
f 794//794 793//793 847//847
f 862//862 858//858 861//861
f 862//862 883//883 859//859
f 864//864 798//798 797//797
f 797//797 785//785 851//851
f 866//866 863//863 865//865
f 864//864 863//863 867//867
f 869//869 802//802 801//801
f 855//855 868//868 789//789
f 855//855 857//857 870//870
f 869//869 868//868 871//871
f 805//805 872//872 806//806
f 859//859 872//872 860//860
f 859//859 883//883 874//874
f 873//873 872//872 875//875
f 826//826 810//810 809//809
f 864//864 876//876 798//798
f 864//864 867//867 877//877
f 877//877 827//827 826//826
f 831//831 814//814 813//813
f 869//869 878//878 802//802
f 869//869 871//871 879//879
f 831//831 878//878 880//880
f 874//874 881//881 875//875
f 884//884 881//881 883//883
f 884//884 2932//2948 885//885
f 882//882 881//881 886//886
f 877//877 887//887 827//827
f 877//877 867//867 889//889
f 891//891 887//887 890//890
f 891//891 899//899 888//888
f 893//893 880//880 879//879
f 894//894 892//892 871//871
f 894//894 937//937 895//895
f 893//893 892//892 896//896
f 828//828 897//897 836//836
f 828//828 827//827 888//888
f 900//900 897//897 899//899
f 900//900 907//907 898//898
f 902//902 833//833 832//832
f 893//893 901//901 880//880
f 893//893 896//896 903//903
f 902//902 901//901 904//904
f 837//837 905//905 848//848
f 837//837 836//836 898//898
f 908//908 905//905 907//907
f 908//908 919//919 906//906
f 840//840 909//909 852//852
f 902//902 909//909 833//833
f 902//902 904//904 911//911
f 911//911 923//923 910//910
f 913//913 845//845 844//844
f 844//844 1873//1873 914//914
f 914//914 1880//1880 915//915
f 913//913 912//912 916//916
f 849//849 917//917 861//861
f 849//849 848//848 906//906
f 920//920 917//917 919//919
f 920//920 930//930 918//918
f 853//853 921//921 865//865
f 853//853 852//852 910//910
f 924//924 921//921 923//923
f 924//924 933//933 922//922
f 926//926 857//857 856//856
f 913//913 925//925 845//845
f 913//913 916//916 927//927
f 926//926 925//925 928//928
f 862//862 929//929 883//883
f 862//862 861//861 918//918
f 931//931 929//929 930//930
f 931//931 2932//2948 884//884
f 889//889 867//867 866//866
f 866//866 865//865 922//922
f 934//934 932//932 933//933
f 889//889 932//932 890//890
f 894//894 871//871 870//870
f 926//926 935//935 857//857
f 926//926 928//928 936//936
f 894//894 935//935 937//937
f 927//927 938//938 928//928
f 927//927 916//916 940//940
f 942//942 938//938 941//941
f 942//942 956//956 939//939
f 944//944 2932//2948 931//931
f 945//945 943//943 930//930
f 945//945 991//991 946//946
f 944//944 943//943 947//947
f 949//949 890//890 934//934
f 934//934 933//933 950//950
f 952//952 948//948 951//951
f 949//949 948//948 953//953
f 936//936 954//954 937//937
f 936//936 928//928 939//939
f 957//957 954//954 956//956
f 957//957 967//967 955//955
f 885//885 958//958 886//886
f 885//885 2932//2948 944//944
f 960//960 958//958 947//947
f 959//959 958//958 961//961
f 891//891 962//962 899//899
f 891//891 890//890 949//949
f 964//964 962//962 953//953
f 964//964 971//971 963//963
f 895//895 965//965 896//896
f 895//895 937//937 955//955
f 968//968 965//965 967//967
f 968//968 976//976 966//966
f 970//970 907//907 900//900
f 900//900 899//899 963//963
f 972//972 969//969 971//971
f 970//970 969//969 973//973
f 903//903 974//974 904//904
f 903//903 896//896 966//966
f 977//977 974//974 976//976
f 977//977 984//984 975//975
f 979//979 919//919 908//908
f 970//970 978//978 907//907
f 970//970 973//973 980//980
f 979//979 978//978 981//981
f 911//911 982//982 923//923
f 911//911 904//904 975//975
f 985//985 982//982 984//984
f 985//985 996//996 983//983
f 915//915 986//986 916//916
f 915//915 1880//1880 987//987
f 987//987 1885//1885 988//988
f 988//988 941//941 940//940
f 945//945 930//930 920//920
f 979//979 989//989 919//919
f 979//979 981//981 990//990
f 945//945 989//989 991//991
f 950//950 933//933 924//924
f 983//983 992//992 923//923
f 983//983 996//996 993//993
f 993//993 951//951 950//950
f 985//985 994//994 996//996
f 985//985 984//984 997//997
f 999//999 994//994 998//998
f 999//999 1011//1011 995//995
f 988//988 1000//1000 941//941
f 988//988 1885//1885 1002//1002
f 1002//1002 1890//1890 1003//1003
f 1003//1003 1015//1015 1001//1001
f 1005//1005 991//991 990//990
f 1006//1006 1004//1004 981//981
f 1006//1006 1051//1051 1007//1007
f 1005//1005 1004//1004 1008//1008
f 993//993 1009//1009 951//951
f 993//993 996//996 995//995
f 1012//1012 1009//1009 1011//1011
f 1012//1012 1023//1023 1010//1010
f 942//942 1013//1013 956//956
f 942//942 941//941 1001//1001
f 1016//1016 1013//1013 1015//1015
f 1016//1016 1028//1028 1014//1014
f 1018//1018 947//947 946//946
f 1005//1005 1017//1017 991//991
f 1005//1005 1008//1008 1019//1019
f 1018//1018 1017//1017 1020//1020
f 1022//1022 953//953 952//952
f 952//952 951//951 1010//1010
f 1024//1024 1021//1021 1023//1023
f 1022//1022 1021//1021 1025//1025
f 957//957 1026//1026 967//967
f 957//957 956//956 1014//1014
f 1029//1029 1026//1026 1028//1028
f 1029//1029 1039//1039 1027//1027
f 960//960 1030//1030 961//961
f 960//960 947//947 1018//1018
f 1032//1032 1030//1030 1020//1020
f 1031//1031 1030//1030 1033//1033
f 964//964 1034//1034 971//971
f 964//964 953//953 1022//1022
f 1036//1036 1034//1034 1025//1025
f 1036//1036 1043//1043 1035//1035
f 968//968 1037//1037 976//976
f 968//968 967//967 1027//1027
f 1040//1040 1037//1037 1039//1039
f 1040//1040 1047//1047 1038//1038
f 1042//1042 973//973 972//972
f 972//972 971//971 1035//1035
f 1044//1044 1041//1041 1043//1043
f 1042//1042 1041//1041 1045//1045
f 977//977 1046//1046 984//984
f 977//977 976//976 1038//1038
f 1048//1048 1046//1046 1047//1047
f 1048//1048 998//998 997//997
f 1006//1006 981//981 980//980
f 1042//1042 1049//1049 973//973
f 1042//1042 1045//1045 1050//1050
f 1006//1006 1049//1049 1051//1051
f 1053//1053 1045//1045 1044//1044
f 1044//1044 1043//1043 1054//1054
f 1056//1056 1052//1052 1055//1055
f 1053//1053 1052//1052 1057//1057
f 1048//1048 1058//1058 998//998
f 1048//1048 1047//1047 1060//1060
f 1062//1062 1058//1058 1061//1061
f 1062//1062 1069//1069 1059//1059
f 1064//1064 1051//1051 1050//1050
f 1053//1053 1063//1063 1045//1045
f 1053//1053 1057//1057 1065//1065
f 1064//1064 1063//1063 1066//1066
f 999//999 1067//1067 1011//1011
f 999//999 998//998 1059//1059
f 1070//1070 1067//1067 1069//1069
f 1070//1070 1081//1081 1068//1068
f 1003//1003 1071//1071 1015//1015
f 1003//1003 1890//1890 1073//1073
f 1073//1073 1893//1893 1074//1074
f 1074//1074 1085//1085 1072//1072
f 1076//1076 1008//1008 1007//1007
f 1064//1064 1075//1075 1051//1051
f 1064//1064 1066//1066 1077//1077
f 1076//1076 1075//1075 1078//1078
f 1012//1012 1079//1079 1023//1023
f 1012//1012 1011//1011 1068//1068
f 1082//1082 1079//1079 1081//1081
f 1082//1082 1093//1093 1080//1080
f 1016//1016 1083//1083 1028//1028
f 1016//1016 1015//1015 1072//1072
f 1086//1086 1083//1083 1085//1085
f 1086//1086 1098//1098 1084//1084
f 1088//1088 1020//1020 1019//1019
f 1076//1076 1087//1087 1008//1008
f 1076//1076 1078//1078 1089//1089
f 1088//1088 1087//1087 1090//1090
f 1092//1092 1025//1025 1024//1024
f 1024//1024 1023//1023 1080//1080
f 1094//1094 1091//1091 1093//1093
f 1092//1092 1091//1091 1095//1095
f 1029//1029 1096//1096 1039//1039
f 1029//1029 1028//1028 1084//1084
f 1099//1099 1096//1096 1098//1098
f 1099//1099 1107//1107 1097//1097
f 1032//1032 1100//1100 1033//1033
f 1032//1032 1020//1020 1088//1088
f 1102//1102 1100//1100 1090//1090
f 1101//1101 1100//1100 1103//1103
f 1036//1036 1104//1104 1043//1043
f 1036//1036 1025//1025 1092//1092
f 1105//1105 1104//1104 1095//1095
f 1105//1105 1055//1055 1054//1054
f 1040//1040 1106//1106 1047//1047
f 1040//1040 1039//1039 1097//1097
f 1108//1108 1106//1106 1107//1107
f 1108//1108 1061//1061 1060//1060
f 1102//1102 1109//1109 1103//1103
f 1102//1102 1090//1090 1111//1111
f 1113//1113 1109//1109 1112//1112
f 1110//1110 1109//1109 1114//1114
f 1105//1105 1115//1115 1055//1055
f 1105//1105 1095//1095 1117//1117
f 1119//1119 1115//1115 1118//1118
f 1119//1119 1127//1127 1116//1116
f 1108//1108 1120//1120 1061//1061
f 1108//1108 1107//1107 1122//1122
f 1124//1124 1120//1120 1123//1123
f 1124//1124 1132//1132 1121//1121
f 1126//1126 1057//1057 1056//1056
f 1056//1056 1055//1055 1116//1116
f 1128//1128 1125//1125 1127//1127
f 1126//1126 1125//1125 1129//1129
f 1062//1062 1130//1130 1069//1069
f 1062//1062 1061//1061 1121//1121
f 1133//1133 1130//1130 1132//1132
f 1133//1133 1140//1140 1131//1131
f 1135//1135 1066//1066 1065//1065
f 1126//1126 1134//1134 1057//1057
f 1126//1126 1129//1129 1136//1136
f 1135//1135 1134//1134 1137//1137
f 1070//1070 1138//1138 1081//1081
f 1070//1070 1069//1069 1131//1131
f 1141//1141 1138//1138 1140//1140
f 1141//1141 1152//1152 1139//1139
f 1074//1074 1142//1142 1085//1085
f 1074//1074 1893//1893 1144//1144
f 1144//1144 1900//1900 1145//1145
f 1145//1145 1156//1156 1143//1143
f 1147//1147 1078//1078 1077//1077
f 1135//1135 1146//1146 1066//1066
f 1135//1135 1137//1137 1148//1148
f 1147//1147 1146//1146 1149//1149
f 1082//1082 1150//1150 1093//1093
f 1082//1082 1081//1081 1139//1139
f 1153//1153 1150//1150 1152//1152
f 1153//1153 1161//1161 1151//1151
f 1086//1086 1154//1154 1098//1098
f 1086//1086 1085//1085 1143//1143
f 1157//1157 1154//1154 1156//1156
f 1157//1157 1164//1164 1155//1155
f 1111//1111 1090//1090 1089//1089
f 1147//1147 1158//1158 1078//1078
f 1147//1147 1149//1149 1159//1159
f 1111//1111 1158//1158 1112//1112
f 1117//1117 1095//1095 1094//1094
f 1094//1094 1093//1093 1151//1151
f 1162//1162 1160//1160 1161//1161
f 1117//1117 1160//1160 1118//1118
f 1099//1099 1163//1163 1107//1107
f 1099//1099 1098//1098 1155//1155
f 1165//1165 1163//1163 1164//1164
f 1165//1165 1123//1123 1122//1122
f 1167//1167 1112//1112 1159//1159
f 1168//1168 1166//1166 1149//1149
f 1168//1168 1216//1216 1169//1169
f 1167//1167 1166//1166 1170//1170
f 1172//1172 1118//1118 1162//1162
f 1162//1162 1161//1161 1173//1173
f 1175//1175 1171//1171 1174//1174
f 1172//1172 1171//1171 1176//1176
f 1165//1165 1177//1177 1123//1123
f 1165//1165 1164//1164 1179//1179
f 1181//1181 1177//1177 1180//1180
f 1181//1181 1191//1191 1178//1178
f 1113//1113 1182//1182 1114//1114
f 1113//1113 1112//1112 1167//1167
f 1184//1184 1182//1182 1170//1170
f 1183//1183 1182//1182 1185//1185
f 1119//1119 1186//1186 1127//1127
f 1119//1119 1118//1118 1172//1172
f 1188//1188 1186//1186 1176//1176
f 1188//1188 1195//1195 1187//1187
f 1124//1124 1189//1189 1132//1132
f 1124//1124 1123//1123 1178//1178
f 1192//1192 1189//1189 1191//1191
f 1192//1192 1200//1200 1190//1190
f 1194//1194 1129//1129 1128//1128
f 1128//1128 1127//1127 1187//1187
f 1196//1196 1193//1193 1195//1195
f 1194//1194 1193//1193 1197//1197
f 1133//1133 1198//1198 1140//1140
f 1133//1133 1132//1132 1190//1190
f 1201//1201 1198//1198 1200//1200
f 1201//1201 1208//1208 1199//1199
f 1203//1203 1137//1137 1136//1136
f 1194//1194 1202//1202 1129//1129
f 1194//1194 1197//1197 1204//1204
f 1203//1203 1202//1202 1205//1205
f 1141//1141 1206//1206 1152//1152
f 1141//1141 1140//1140 1199//1199
f 1209//1209 1206//1206 1208//1208
f 1209//1209 1218//1218 1207//1207
f 1145//1145 1210//1210 1156//1156
f 1145//1145 1900//1900 1212//1212
f 1212//1212 1905//1905 1213//1213
f 1213//1213 1221//1221 1211//1211
f 1168//1168 1149//1149 1148//1148
f 1203//1203 1214//1214 1137//1137
f 1203//1203 1205//1205 1215//1215
f 1168//1168 1214//1214 1216//1216
f 1153//1153 1217//1217 1161//1161
f 1153//1153 1152//1152 1207//1207
f 1219//1219 1217//1217 1218//1218
f 1219//1219 1174//1174 1173//1173
f 1157//1157 1220//1220 1164//1164
f 1157//1157 1156//1156 1211//1211
f 1222//1222 1220//1220 1221//1221
f 1222//1222 1180//1180 1179//1179
f 1213//1213 1223//1223 1221//1221
f 1213//1213 1905//1905 1225//1225
f 1225//1225 1911//1911 1226//1226
f 1226//1226 1239//1239 1224//1224
f 1228//1228 1216//1216 1215//1215
f 1229//1229 1227//1227 1205//1205
f 1229//1229 1276//1276 1230//1230
f 1228//1228 1227//1227 1231//1231
f 1219//1219 1232//1232 1174//1174
f 1219//1219 1218//1218 1234//1234
f 1236//1236 1232//1232 1235//1235
f 1236//1236 1247//1247 1233//1233
f 1222//1222 1237//1237 1180//1180
f 1222//1222 1221//1221 1224//1224
f 1240//1240 1237//1237 1239//1239
f 1240//1240 1252//1252 1238//1238
f 1242//1242 1170//1170 1169//1169
f 1228//1228 1241//1241 1216//1216
f 1228//1228 1231//1231 1243//1243
f 1242//1242 1241//1241 1244//1244
f 1246//1246 1176//1176 1175//1175
f 1175//1175 1174//1174 1233//1233
f 1248//1248 1245//1245 1247//1247
f 1246//1246 1245//1245 1249//1249
f 1181//1181 1250//1250 1191//1191
f 1181//1181 1180//1180 1238//1238
f 1253//1253 1250//1250 1252//1252
f 1253//1253 1263//1263 1251//1251
f 1184//1184 1254//1254 1185//1185
f 1184//1184 1170//1170 1242//1242
f 1256//1256 1254//1254 1244//1244
f 1255//1255 1254//1254 1257//1257
f 1188//1188 1258//1258 1195//1195
f 1188//1188 1176//1176 1246//1246
f 1260//1260 1258//1258 1249//1249
f 1260//1260 1267//1267 1259//1259
f 1192//1192 1261//1261 1200//1200
f 1192//1192 1191//1191 1251//1251
f 1264//1264 1261//1261 1263//1263
f 1264//1264 1272//1272 1262//1262
f 1266//1266 1197//1197 1196//1196
f 1196//1196 1195//1195 1259//1259
f 1268//1268 1265//1265 1267//1267
f 1266//1266 1265//1265 1269//1269
f 1201//1201 1270//1270 1208//1208
f 1201//1201 1200//1200 1262//1262
f 1273//1273 1270//1270 1272//1272
f 1273//1273 1278//1278 1271//1271
f 1229//1229 1205//1205 1204//1204
f 1266//1266 1274//1274 1197//1197
f 1266//1266 1269//1269 1275//1275
f 1229//1229 1274//1274 1276//1276
f 1209//1209 1277//1277 1218//1218
f 1209//1209 1208//1208 1271//1271
f 1279//1279 1277//1277 1278//1278
f 1279//1279 1235//1235 1234//1234
f 1273//1273 1280//1280 1278//1278
f 1273//1273 1272//1272 1282//1282
f 1284//1284 1280//1280 1283//1283
f 1284//1284 1292//1292 1281//1281
f 1286//1286 1276//1276 1275//1275
f 1287//1287 1285//1285 1269//1269
f 1287//1287 1336//1336 1288//1288
f 1286//1286 1285//1285 1289//1289
f 1279//1279 1290//1290 1235//1235
f 1279//1279 1278//1278 1281//1281
f 1293//1293 1290//1290 1292//1292
f 1293//1293 1304//1304 1291//1291
f 1226//1226 1294//1294 1239//1239
f 1226//1226 1911//1911 1296//1296
f 1296//1296 1918//1918 1297//1297
f 1297//1297 1308//1308 1295//1295
f 1299//1299 1231//1231 1230//1230
f 1286//1286 1298//1298 1276//1276
f 1286//1286 1289//1289 1300//1300
f 1299//1299 1298//1298 1301//1301
f 1236//1236 1302//1302 1247//1247
f 1236//1236 1235//1235 1291//1291
f 1305//1305 1302//1302 1304//1304
f 1305//1305 1315//1315 1303//1303
f 1240//1240 1306//1306 1252//1252
f 1240//1240 1239//1239 1295//1295
f 1309//1309 1306//1306 1308//1308
f 1309//1309 1320//1320 1307//1307
f 1243//1243 1310//1310 1244//1244
f 1299//1299 1310//1310 1231//1231
f 1299//1299 1301//1301 1312//1312
f 1312//1312 1324//1324 1311//1311
f 1314//1314 1249//1249 1248//1248
f 1248//1248 1247//1247 1303//1303
f 1316//1316 1313//1313 1315//1315
f 1314//1314 1313//1313 1317//1317
f 1253//1253 1318//1318 1263//1263
f 1253//1253 1252//1252 1307//1307
f 1321//1321 1318//1318 1320//1320
f 1321//1321 1331//1331 1319//1319
f 1323//1323 1257//1257 1256//1256
f 1311//1311 1322//1322 1244//1244
f 1325//1325 1322//1322 1324//1324
f 1323//1323 1322//1322 1326//1326
f 1260//1260 1327//1327 1267//1267
f 1260//1260 1249//1249 1314//1314
f 1329//1329 1327//1327 1317//1317
f 1329//1329 1334//1334 1328//1328
f 1264//1264 1330//1330 1272//1272
f 1264//1264 1263//1263 1319//1319
f 1332//1332 1330//1330 1331//1331
f 1332//1332 1283//1283 1282//1282
f 1287//1287 1269//1269 1268//1268
f 1268//1268 1267//1267 1328//1328
f 1335//1335 1333//1333 1334//1334
f 1287//1287 1333//1333 1336//1336
f 1329//1329 1337//1337 1334//1334
f 1329//1329 1317//1317 1339//1339
f 1341//1341 1337//1337 1340//1340
f 1341//1341 1349//1349 1338//1338
f 1332//1332 1342//1342 1283//1283
f 1332//1332 1331//1331 1344//1344
f 1346//1346 1342//1342 1345//1345
f 1346//1346 1354//1354 1343//1343
f 1348//1348 1336//1336 1335//1335
f 1335//1335 1334//1334 1338//1338
f 1350//1350 1347//1347 1349//1349
f 1348//1348 1347//1347 1351//1351
f 1284//1284 1352//1352 1292//1292
f 1284//1284 1283//1283 1343//1343
f 1355//1355 1352//1352 1354//1354
f 1355//1355 1362//1362 1353//1353
f 1357//1357 1289//1289 1288//1288
f 1348//1348 1356//1356 1336//1336
f 1348//1348 1351//1351 1358//1358
f 1357//1357 1356//1356 1359//1359
f 1293//1293 1360//1360 1304//1304
f 1293//1293 1292//1292 1353//1353
f 1363//1363 1360//1360 1362//1362
f 1363//1363 1375//1375 1361//1361
f 1297//1297 1364//1364 1308//1308
f 1297//1297 1918//1918 1366//1366
f 1368//1368 1364//1364 1367//1367
f 1368//1368 1379//1379 1365//1365
f 1370//1370 1301//1301 1300//1300
f 1357//1357 1369//1369 1289//1289
f 1357//1357 1359//1359 1371//1371
f 1370//1370 1369//1369 1372//1372
f 1305//1305 1373//1373 1315//1315
f 1305//1305 1304//1304 1361//1361
f 1376//1376 1373//1373 1375//1375
f 1376//1376 1386//1386 1374//1374
f 1309//1309 1377//1377 1320//1320
f 1309//1309 1308//1308 1365//1365
f 1380//1380 1377//1377 1379//1379
f 1380//1380 1389//1389 1378//1378
f 1312//1312 1381//1381 1324//1324
f 1370//1370 1381//1381 1301//1301
f 1370//1370 1372//1372 1383//1383
f 1382//1382 1381//1381 1384//1384
f 1339//1339 1317//1317 1316//1316
f 1316//1316 1315//1315 1374//1374
f 1387//1387 1385//1385 1386//1386
f 1339//1339 1385//1385 1340//1340
f 1321//1321 1388//1388 1331//1331
f 1321//1321 1320//1320 1378//1378
f 1390//1390 1388//1388 1389//1389
f 1390//1390 1345//1345 1344//1344
f 1392//1392 1326//1326 1325//1325
f 1325//1325 1324//1324 1382//1382
f 1382//1382 1384//1384 1393//1393
f 1393//1393 1922//1922 1392//1392
f 1395//1395 1384//1384 1383//1383
f 1396//1396 1394//1394 1372//1372
f 1396//1396 1445//1445 1397//1397
f 1397//1397 1411//1411 1395//1395
f 1399//1399 1340//1340 1387//1387
f 1387//1387 1386//1386 1400//1400
f 1402//1402 1398//1398 1401//1401
f 1399//1399 1398//1398 1403//1403
f 1390//1390 1404//1404 1345//1345
f 1390//1390 1389//1389 1406//1406
f 1408//1408 1404//1404 1407//1407
f 1408//1408 1419//1419 1405//1405
f 1410//1410 1922//1922 1393//1393
f 1395//1395 1409//1409 1384//1384
f 1412//1412 1409//1409 1411//1411
f 1410//1410 1409//1409 1413//1413
f 1341//1341 1414//1414 1349//1349
f 1341//1341 1340//1340 1399//1399
f 1416//1416 1414//1414 1403//1403
f 1416//1416 1423//1423 1415//1415
f 1346//1346 1417//1417 1354//1354
f 1346//1346 1345//1345 1405//1405
f 1420//1420 1417//1417 1419//1419
f 1420//1420 1428//1428 1418//1418
f 1422//1422 1351//1351 1350//1350
f 1350//1350 1349//1349 1415//1415
f 1424//1424 1421//1421 1423//1423
f 1422//1422 1421//1421 1425//1425
f 1355//1355 1426//1426 1362//1362
f 1355//1355 1354//1354 1418//1418
f 1429//1429 1426//1426 1428//1428
f 1429//1429 1436//1436 1427//1427
f 1431//1431 1359//1359 1358//1358
f 1422//1422 1430//1430 1351//1351
f 1422//1422 1425//1425 1432//1432
f 1431//1431 1430//1430 1433//1433
f 1363//1363 1434//1434 1375//1375
f 1363//1363 1362//1362 1427//1427
f 1437//1437 1434//1434 1436//1436
f 1437//1437 1447//1447 1435//1435
f 1368//1368 1438//1438 1379//1379
f 1440//1440 1438//1438 1367//1367
f 1442//1442 1438//1438 1441//1441
f 1442//1442 1450//1450 1439//1439
f 1396//1396 1372//1372 1371//1371
f 1431//1431 1443//1443 1359//1359
f 1431//1431 1433//1433 1444//1444
f 1396//1396 1443//1443 1445//1445
f 1376//1376 1446//1446 1386//1386
f 1376//1376 1375//1375 1435//1435
f 1448//1448 1446//1446 1447//1447
f 1448//1448 1401//1401 1400//1400
f 1380//1380 1449//1449 1389//1389
f 1380//1380 1379//1379 1439//1439
f 1451//1451 1449//1449 1450//1450
f 1451//1451 1407//1407 1406//1406
f 1442//1442 1452//1452 1450//1450
f 1454//1454 1452//1452 1441//1441
f 1456//1456 1452//1452 1455//1455
f 1456//1456 1469//1469 1453//1453
f 1458//1458 1445//1445 1444//1444
f 1459//1459 1457//1457 1433//1433
f 1459//1459 1505//1505 1460//1460
f 1458//1458 1457//1457 1461//1461
f 1448//1448 1462//1462 1401//1401
f 1448//1448 1447//1447 1464//1464
f 1466//1466 1462//1462 1465//1465
f 1466//1466 1476//1476 1463//1463
f 1451//1451 1467//1467 1407//1407
f 1451//1451 1450//1450 1453//1453
f 1470//1470 1467//1467 1469//1469
f 1470//1470 1481//1481 1468//1468
f 1397//1397 1471//1471 1411//1411
f 1458//1458 1471//1471 1445//1445
f 1458//1458 1461//1461 1473//1473
f 1473//1473 1555//1555 1472//1472
f 1475//1475 1403//1403 1402//1402
f 1402//1402 1401//1401 1463//1463
f 1477//1477 1474//1474 1476//1476
f 1475//1475 1474//1474 1478//1478
f 1408//1408 1479//1479 1419//1419
f 1408//1408 1407//1407 1468//1468
f 1482//1482 1479//1479 1481//1481
f 1482//1482 1492//1492 1480//1480
f 1484//1484 1413//1413 1412//1412
f 1412//1412 1411//1411 1472//1472
f 1472//1472 1555//1555 1485//1485
f 1484//1484 1483//1483 1486//1486
f 1416//1416 1487//1487 1423//1423
f 1416//1416 1403//1403 1475//1475
f 1489//1489 1487//1487 1478//1478
f 1489//1489 1496//1496 1488//1488
f 1420//1420 1490//1490 1428//1428
f 1420//1420 1419//1419 1480//1480
f 1493//1493 1490//1490 1492//1492
f 1493//1493 1501//1501 1491//1491
f 1495//1495 1425//1425 1424//1424
f 1424//1424 1423//1423 1488//1488
f 1497//1497 1494//1494 1496//1496
f 1495//1495 1494//1494 1498//1498
f 1429//1429 1499//1499 1436//1436
f 1429//1429 1428//1428 1491//1491
f 1502//1502 1499//1499 1501//1501
f 1502//1502 1507//1507 1500//1500
f 1459//1459 1433//1433 1432//1432
f 1495//1495 1503//1503 1425//1425
f 1495//1495 1498//1498 1504//1504
f 1459//1459 1503//1503 1505//1505
f 1437//1437 1506//1506 1447//1447
f 1437//1437 1436//1436 1500//1500
f 1508//1508 1506//1506 1507//1507
f 1508//1508 1465//1465 1464//1464
f 1502//1502 1509//1509 1507//1507
f 1502//1502 1501//1501 1511//1511
f 1513//1513 1509//1509 1512//1512
f 1513//1513 1521//1521 1510//1510
f 1515//1515 1505//1505 1504//1504
f 1516//1516 1514//1514 1498//1498
f 1516//1516 1566//1566 1517//1517
f 1515//1515 1514//1514 1518//1518
f 1508//1508 1519//1519 1465//1465
f 1508//1508 1507//1507 1510//1510
f 1522//1522 1519//1519 1521//1521
f 1522//1522 1534//1534 1520//1520
f 1456//1456 1523//1523 1469//1469
f 1525//1525 1523//1523 1455//1455
f 1527//1527 1523//1523 1526//1526
f 1527//1527 1538//1538 1524//1524
f 1529//1529 1461//1461 1460//1460
f 1515//1515 1528//1528 1505//1505
f 1515//1515 1518//1518 1530//1530
f 1529//1529 1528//1528 1531//1531
f 1466//1466 1532//1532 1476//1476
f 1466//1466 1465//1465 1520//1520
f 1535//1535 1532//1532 1534//1534
f 1535//1535 1546//1546 1533//1533
f 1470//1470 1536//1536 1481//1481
f 1470//1470 1469//1469 1524//1524
f 1539//1539 1536//1536 1538//1538
f 1539//1539 1551//1551 1537//1537
f 1541//1541 1555//1555 1473//1473
f 1529//1529 1540//1540 1461//1461
f 1529//1529 1531//1531 1542//1542
f 1541//1541 1540//1540 1543//1543
f 1545//1545 1478//1478 1477//1477
f 1477//1477 1476//1476 1533//1533
f 1547//1547 1544//1544 1546//1546
f 1545//1545 1544//1544 1548//1548
f 1482//1482 1549//1549 1492//1492
f 1482//1482 1481//1481 1537//1537
f 1552//1552 1549//1549 1551//1551
f 1552//1552 1561//1561 1550//1550
f 1554//1554 1486//1486 1485//1485
f 1541//1541 1553//1553 1555//1555
f 1556//1556 1553//1553 1543//1543
f 1556//1556 1933//1933 1554//1554
f 1489//1489 1557//1557 1496//1496
f 1489//1489 1478//1478 1545//1545
f 1559//1559 1557//1557 1548//1548
f 1559//1559 1564//1564 1558//1558
f 1493//1493 1560//1560 1501//1501
f 1493//1493 1492//1492 1550//1550
f 1562//1562 1560//1560 1561//1561
f 1562//1562 1512//1512 1511//1511
f 1516//1516 1498//1498 1497//1497
f 1497//1497 1496//1496 1558//1558
f 1565//1565 1563//1563 1564//1564
f 1516//1516 1563//1563 1566//1566
f 1559//1559 1567//1567 1564//1564
f 1559//1559 1548//1548 1569//1569
f 1571//1571 1567//1567 1570//1570
f 1571//1571 1579//1579 1568//1568
f 1562//1562 1572//1572 1512//1512
f 1562//1562 1561//1561 1574//1574
f 1576//1576 1572//1572 1575//1575
f 1576//1576 1584//1584 1573//1573
f 1578//1578 1566//1566 1565//1565
f 1565//1565 1564//1564 1568//1568
f 1580//1580 1577//1577 1579//1579
f 1578//1578 1577//1577 1581//1581
f 1513//1513 1582//1582 1521//1521
f 1513//1513 1512//1512 1573//1573
f 1585//1585 1582//1582 1584//1584
f 1585//1585 1592//1592 1583//1583
f 1587//1587 1518//1518 1517//1517
f 1578//1578 1586//1586 1566//1566
f 1578//1578 1581//1581 1588//1588
f 1587//1587 1586//1586 1589//1589
f 1522//1522 1590//1590 1534//1534
f 1522//1522 1521//1521 1583//1583
f 1593//1593 1590//1590 1592//1592
f 1593//1593 1605//1605 1591//1591
f 1527//1527 1594//1594 1538//1538
f 1596//1596 1594//1594 1526//1526
f 1598//1598 1594//1594 1597//1597
f 1598//1598 1609//1609 1595//1595
f 1600//1600 1531//1531 1530//1530
f 1587//1587 1599//1599 1518//1518
f 1587//1587 1589//1589 1601//1601
f 1600//1600 1599//1599 1602//1602
f 1535//1535 1603//1603 1546//1546
f 1535//1535 1534//1534 1591//1591
f 1606//1606 1603//1603 1605//1605
f 1606//1606 1616//1616 1604//1604
f 1539//1539 1607//1607 1551//1551
f 1539//1539 1538//1538 1595//1595
f 1610//1610 1607//1607 1609//1609
f 1610//1610 1619//1619 1608//1608
f 1612//1612 1543//1543 1542//1542
f 1600//1600 1611//1611 1531//1531
f 1600//1600 1602//1602 1613//1613
f 1612//1612 1611//1611 1614//1614
f 1569//1569 1548//1548 1547//1547
f 1547//1547 1546//1546 1604//1604
f 1617//1617 1615//1615 1616//1616
f 1569//1569 1615//1615 1570//1570
f 1552//1552 1618//1618 1561//1561
f 1552//1552 1551//1551 1608//1608
f 1620//1620 1618//1618 1619//1619
f 1620//1620 1575//1575 1574//1574
f 1622//1622 1933//1933 1556//1556
f 1556//1556 1543//1543 1612//1612
f 1623//1623 1621//1621 1614//1614
f 1623//1623 1936//1936 1622//1622
f 1625//1625 1614//1614 1613//1613
f 1626//1626 1624//1624 1602//1602
f 1626//1626 1674//1674 1627//1627
f 1625//1625 1624//1624 1628//1628
f 1630//1630 1570//1570 1617//1617
f 1617//1617 1616//1616 1631//1631
f 1633//1633 1629//1629 1632//1632
f 1630//1630 1629//1629 1634//1634
f 1620//1620 1635//1635 1575//1575
f 1620//1620 1619//1619 1637//1637
f 1639//1639 1635//1635 1638//1638
f 1639//1639 1648//1648 1636//1636
f 1641//1641 1936//1936 1623//1623
f 1623//1623 1614//1614 1625//1625
f 1642//1642 1640//1640 1628//1628
f 1642//1642 1941//1941 1641//1641
f 1571//1571 1643//1643 1579//1579
f 1571//1571 1570//1570 1630//1630
f 1645//1645 1643//1643 1634//1634
f 1645//1645 1652//1652 1644//1644
f 1576//1576 1646//1646 1584//1584
f 1576//1576 1575//1575 1636//1636
f 1649//1649 1646//1646 1648//1648
f 1649//1649 1657//1657 1647//1647
f 1651//1651 1581//1581 1580//1580
f 1580//1580 1579//1579 1644//1644
f 1653//1653 1650//1650 1652//1652
f 1651//1651 1650//1650 1654//1654
f 1585//1585 1655//1655 1592//1592
f 1585//1585 1584//1584 1647//1647
f 1658//1658 1655//1655 1657//1657
f 1658//1658 1665//1665 1656//1656
f 1660//1660 1589//1589 1588//1588
f 1651//1651 1659//1659 1581//1581
f 1651//1651 1654//1654 1661//1661
f 1660//1660 1659//1659 1662//1662
f 1593//1593 1663//1663 1605//1605
f 1593//1593 1592//1592 1656//1656
f 1666//1666 1663//1663 1665//1665
f 1666//1666 1676//1676 1664//1664
f 1598//1598 1667//1667 1609//1609
f 1669//1669 1667//1667 1597//1597
f 1671//1671 1667//1667 1670//1670
f 1671//1671 1679//1679 1668//1668
f 1626//1626 1602//1602 1601//1601
f 1660//1660 1672//1672 1589//1589
f 1660//1660 1662//1662 1673//1673
f 1626//1626 1672//1672 1674//1674
f 1606//1606 1675//1675 1616//1616
f 1606//1606 1605//1605 1664//1664
f 1677//1677 1675//1675 1676//1676
f 1677//1677 1632//1632 1631//1631
f 1610//1610 1678//1678 1619//1619
f 1610//1610 1609//1609 1668//1668
f 1680//1680 1678//1678 1679//1679
f 1680//1680 1638//1638 1637//1637
f 1682//1682 1674//1674 1673//1673
f 1683//1683 1681//1681 1662//1662
f 1683//1683 1730//1730 1684//1684
f 1682//1682 1681//1681 1685//1685
f 1677//1677 1686//1686 1632//1632
f 1677//1677 1676//1676 1688//1688
f 1690//1690 1686//1686 1689//1689
f 1690//1690 1702//1702 1687//1687
f 1680//1680 1691//1691 1638//1638
f 1680//1680 1679//1679 1693//1693
f 1695//1695 1691//1691 1694//1694
f 1695//1695 1707//1707 1692//1692
f 1697//1697 1628//1628 1627//1627
f 1682//1682 1696//1696 1674//1674
f 1682//1682 1685//1685 1698//1698
f 1697//1697 1696//1696 1699//1699
f 1701//1701 1634//1634 1633//1633
f 1633//1633 1632//1632 1687//1687
f 1703//1703 1700//1700 1702//1702
f 1701//1701 1700//1700 1704//1704
f 1639//1639 1705//1705 1648//1648
f 1639//1639 1638//1638 1692//1692
f 1708//1708 1705//1705 1707//1707
f 1708//1708 1717//1717 1706//1706
f 1710//1710 1941//1941 1642//1642
f 1642//1642 1628//1628 1697//1697
f 1711//1711 1709//1709 1699//1699
f 1711//1711 1946//1946 1710//1710
f 1645//1645 1712//1712 1652//1652
f 1645//1645 1634//1634 1701//1701
f 1714//1714 1712//1712 1704//1704
f 1714//1714 1721//1721 1713//1713
f 1649//1649 1715//1715 1657//1657
f 1649//1649 1648//1648 1706//1706
f 1718//1718 1715//1715 1717//1717
f 1718//1718 1726//1726 1716//1716
f 1720//1720 1654//1654 1653//1653
f 1653//1653 1652//1652 1713//1713
f 1722//1722 1719//1719 1721//1721
f 1720//1720 1719//1719 1723//1723
f 1658//1658 1724//1724 1665//1665
f 1658//1658 1657//1657 1716//1716
f 1727//1727 1724//1724 1726//1726
f 1727//1727 1732//1732 1725//1725
f 1683//1683 1662//1662 1661//1661
f 1720//1720 1728//1728 1654//1654
f 1720//1720 1723//1723 1729//1729
f 1683//1683 1728//1728 1730//1730
f 1666//1666 1731//1731 1676//1676
f 1666//1666 1665//1665 1725//1725
f 1733//1733 1731//1731 1732//1732
f 1733//1733 1689//1689 1688//1688
f 1671//1671 1734//1734 1679//1679
f 1735//1735 1734//1734 1670//1670
f 1737//1737 1734//1734 1736//1736
f 1737//1737 1694//1694 1693//1693
f 1739//1739 1730//1730 1729//1729
f 1740//1740 1738//1738 1723//1723
f 1740//1740 1791//1791 1741//1741
f 1739//1739 1738//1738 1742//1742
f 1733//1733 1743//1743 1689//1689
f 1733//1733 1732//1732 1745//1745
f 1747//1747 1743//1743 1746//1746
f 1747//1747 1759//1759 1744//1744
f 1737//1737 1748//1748 1694//1694
f 1750//1750 1748//1748 1736//1736
f 1752//1752 1748//1748 1751//1751
f 1752//1752 1763//1763 1749//1749
f 1754//1754 1685//1685 1684//1684
f 1739//1739 1753//1753 1730//1730
f 1739//1739 1742//1742 1755//1755
f 1754//1754 1753//1753 1756//1756
f 1690//1690 1757//1757 1702//1702
f 1690//1690 1689//1689 1744//1744
f 1760//1760 1757//1757 1759//1759
f 1760//1760 1771//1771 1758//1758
f 1695//1695 1761//1761 1707//1707
f 1695//1695 1694//1694 1749//1749
f 1764//1764 1761//1761 1763//1763
f 1764//1764 1776//1776 1762//1762
f 1766//1766 1699//1699 1698//1698
f 1754//1754 1765//1765 1685//1685
f 1754//1754 1756//1756 1767//1767
f 1766//1766 1765//1765 1768//1768
f 1770//1770 1704//1704 1703//1703
f 1703//1703 1702//1702 1758//1758
f 1772//1772 1769//1769 1771//1771
f 1770//1770 1769//1769 1773//1773
f 1708//1708 1774//1774 1717//1717
f 1708//1708 1707//1707 1762//1762
f 1777//1777 1774//1774 1776//1776
f 1777//1777 1786//1786 1775//1775
f 1779//1779 1946//1946 1711//1711
f 1711//1711 1699//1699 1766//1766
f 1780//1780 1778//1778 1768//1768
f 1780//1780 1953//1953 1779//1779
f 1714//1714 1781//1781 1721//1721
f 1714//1714 1704//1704 1770//1770
f 1783//1783 1781//1781 1773//1773
f 1783//1783 1789//1789 1782//1782
f 1718//1718 1784//1784 1726//1726
f 1718//1718 1717//1717 1775//1775
f 1787//1787 1784//1784 1786//1786
f 1787//1787 1793//1793 1785//1785
f 1740//1740 1723//1723 1722//1722
f 1722//1722 1721//1721 1782//1782
f 1790//1790 1788//1788 1789//1789
f 1740//1740 1788//1788 1791//1791
f 1727//1727 1792//1792 1732//1732
f 1727//1727 1726//1726 1785//1785
f 1794//1794 1792//1792 1793//1793
f 1794//1794 1746//1746 1745//1745
f 1798//1798 1795//1795 1797//1797
f 59//59 1795//1795 1799//1799
f 1796//1796 1795//1795 1800//1800
f 19//19 18//18 1802//1802
f 1804//1804 1801//1801 1803//1803
f 1804//1804 20//20 19//19
f 1796//1796 1805//1805 1797//1797
f 126//126 1805//1805 1800//1800
f 1806//1806 1805//1805 1807//1807
f 96//96 20//20 1804//1804
f 1809//1809 1808//1808 1803//1803
f 1809//1809 97//97 96//96
f 1806//1806 1810//1810 1797//1797
f 190//190 1810//1810 1807//1807
f 190//190 1816//1816 1811//1811
f 160//160 97//97 1809//1809
f 1813//1813 1812//1812 1803//1803
f 1813//1813 161//161 160//160
f 1811//1811 1814//1814 1797//1797
f 204//204 1814//1814 1816//1816
f 204//204 1821//1821 1815//1815
f 234//234 161//161 1813//1813
f 1818//1818 1817//1817 1803//1803
f 1818//1818 235//235 234//234
f 1815//1815 1819//1819 1797//1797
f 279//279 1819//1819 1821//1821
f 279//279 1826//1826 1820//1820
f 305//305 235//235 1818//1818
f 1823//1823 1822//1822 1803//1803
f 1823//1823 306//306 305//305
f 1820//1820 1824//1824 1797//1797
f 354//354 1824//1824 1826//1826
f 354//354 1831//1831 1825//1825
f 323//323 306//306 1823//1823
f 1828//1828 1827//1827 1803//1803
f 323//323 1827//1827 324//324
f 1825//1825 1829//1829 1797//1797
f 419//419 1829//1829 1831//1831
f 419//419 1836//1836 1830//1830
f 388//388 324//324 1828//1828
f 1833//1833 1832//1832 1803//1803
f 388//388 1832//1832 389//389
f 1830//1830 1834//1834 1797//1797
f 432//432 1834//1834 1836//1836
f 432//432 1842//1842 1835//1835
f 461//461 389//389 1833//1833
f 1838//1838 1837//1837 1803//1803
f 461//461 1837//1837 1839//1839
f 1841//1841 1797//1797 1835//1835
f 508//508 1840//1840 1842//1842
f 508//508 510//510 1841//1841
f 533//533 1839//1839 1838//1838
f 1838//1838 1803//1803 1844//1844
f 533//533 1843//1843 1845//1845
f 1847//1847 1797//1797 1841//1841
f 580//580 1846//1846 510//510
f 580//580 582//582 1847//1847
f 550//550 1845//1845 1844//1844
f 1844//1844 1803//1803 1849//1849
f 550//550 1848//1848 1850//1850
f 1852//1852 1797//1797 1847//1847
f 645//645 1851//1851 582//582
f 645//645 647//647 1852//1852
f 615//615 1850//1850 1849//1849
f 1849//1849 1803//1803 1854//1854
f 615//615 1853//1853 1855//1855
f 1857//1857 1797//1797 1852//1852
f 654//654 1856//1856 647//647
f 654//654 658//658 1857//1857
f 1854//1854 1858//1858 1855//1855
f 1854//1854 1803//1803 1859//1859
f 686//686 1858//1858 1860//1860
f 1862//1862 1797//1797 1857//1857
f 732//732 1861//1861 658//658
f 732//732 734//734 1862//1862
f 1859//1859 1863//1863 1860//1860
f 1859//1859 1803//1803 1864//1864
f 759//759 1863//1863 1865//1865
f 1867//1867 1797//1797 1862//1862
f 804//804 1866//1866 734//734
f 804//804 806//806 1867//1867
f 1864//1864 1868//1868 1865//1865
f 1864//1864 1803//1803 1869//1869
f 774//774 1868//1868 1870//1870
f 1869//1869 1871//1871 1870//1870
f 1869//1869 1803//1803 1872//1872
f 843//843 1871//1871 1873//1873
f 1875//1875 1797//1797 1867//1867
f 1867//1867 806//806 873//873
f 873//873 875//875 1875//1875
f 1877//1877 1797//1797 1875//1875
f 1875//1875 875//875 882//882
f 882//882 886//886 1877//1877
f 1872//1872 1878//1878 1873//1873
f 1872//1872 1803//1803 1879//1879
f 914//914 1878//1878 1880//1880
f 1882//1882 1797//1797 1877//1877
f 1877//1877 886//886 959//959
f 959//959 961//961 1882//1882
f 1879//1879 1883//1883 1880//1880
f 1879//1879 1803//1803 1884//1884
f 987//987 1883//1883 1885//1885
f 1887//1887 1797//1797 1882//1882
f 1882//1882 961//961 1031//1031
f 1031//1031 1033//1033 1887//1887
f 1884//1884 1888//1888 1885//1885
f 1884//1884 1803//1803 1889//1889
f 1002//1002 1888//1888 1890//1890
f 1889//1889 1891//1891 1890//1890
f 1889//1889 1803//1803 1892//1892
f 1073//1073 1891//1891 1893//1893
f 1895//1895 1797//1797 1887//1887
f 1887//1887 1033//1033 1101//1101
f 1895//1895 1894//1894 1103//1103
f 1897//1897 1797//1797 1895//1895
f 1895//1895 1103//1103 1110//1110
f 1897//1897 1896//1896 1114//1114
f 1892//1892 1898//1898 1893//1893
f 1892//1892 1803//1803 1899//1899
f 1144//1144 1898//1898 1900//1900
f 1902//1902 1797//1797 1897//1897
f 1897//1897 1114//1114 1183//1183
f 1902//1902 1901//1901 1185//1185
f 1899//1899 1903//1903 1900//1900
f 1899//1899 1803//1803 1904//1904
f 1212//1212 1903//1903 1905//1905
f 1907//1907 1797//1797 1902//1902
f 1902//1902 1185//1185 1255//1255
f 1907//1907 1906//1906 1257//1257
f 1904//1904 1908//1908 1905//1905
f 1904//1904 1803//1803 1909//1909
f 1909//1909 1911//1911 1225//1225
f 1909//1909 1910//1910 1911//1911
f 1909//1909 1803//1803 1912//1912
f 1912//1912 1918//1918 1296//1296
f 1914//1914 1797//1797 1907//1907
f 1323//1323 1913//1913 1257//1257
f 1323//1323 1326//1326 1914//1914
f 1914//1914 1915//1915 1797//1797
f 1392//1392 1915//1915 1326//1326
f 1392//1392 1922//1922 1916//1916
f 1912//1912 1917//1917 1918//1918
f 1912//1912 1803//1803 1919//1919
f 1919//1919 1367//1367 1366//1366
f 1921//1921 1797//1797 1916//1916
f 1410//1410 1920//1920 1922//1922
f 1410//1410 1413//1413 1921//1921
f 1919//1919 1923//1923 1367//1367
f 1924//1924 1923//1923 1803//1803
f 1924//1924 1441//1441 1440//1440
f 1921//1921 1925//1925 1797//1797
f 1484//1484 1925//1925 1413//1413
f 1484//1484 1486//1486 1926//1926
f 1924//1924 1927//1927 1441//1441
f 1928//1928 1927//1927 1803//1803
f 1928//1928 1455//1455 1454//1454
f 1928//1928 1929//1929 1455//1455
f 1930//1930 1929//1929 1803//1803
f 1930//1930 1526//1526 1525//1525
f 1926//1926 1931//1931 1797//1797
f 1926//1926 1486//1486 1554//1554
f 1932//1932 1931//1931 1933//1933
f 1932//1932 1934//1934 1797//1797
f 1932//1932 1933//1933 1622//1622
f 1935//1935 1934//1934 1936//1936
f 1596//1596 1526//1526 1930//1930
f 1938//1938 1937//1937 1803//1803
f 1938//1938 1597//1597 1596//1596
f 1935//1935 1939//1939 1797//1797
f 1935//1935 1936//1936 1641//1641
f 1940//1940 1939//1939 1941//1941
f 1669//1669 1597//1597 1938//1938
f 1943//1943 1942//1942 1803//1803
f 1943//1943 1670//1670 1669//1669
f 1940//1940 1944//1944 1797//1797
f 1940//1940 1941//1941 1710//1710
f 1945//1945 1944//1944 1946//1946
f 1735//1735 1670//1670 1943//1943
f 1948//1948 1947//1947 1803//1803
f 1948//1948 1736//1736 1735//1735
f 1750//1750 1736//1736 1948//1948
f 1950//1950 1949//1949 1803//1803
f 1950//1950 1751//1751 1750//1750
f 1945//1945 1951//1951 1797//1797
f 1779//1779 1951//1951 1946//1946
f 1952//1952 1951//1951 1953//1953
f 1787//1787 1954//1954 1793//1793
f 1787//1787 1786//1786 1956//1956
f 70//70 1954//1954 71//71
f 70//70 81//81 1955//1955
f 1952//1952 1957//1957 1797//1797
f 1958//1958 1957//1957 1953//1953
f 1798//1798 1957//1957 1799//1799
f 1960//1960 1791//1791 1790//1790
f 1790//1790 1789//1789 1961//1961
f 76//76 1959//1959 64//64
f 1960//1960 1959//1959 75//75
f 1794//1794 1962//1962 1746//1746
f 1794//1794 1793//1793 1955//1955
f 80//80 1962//1962 81//81
f 80//80 12//12 1963//1963
f 1965//1965 1751//1751 1950//1950
f 1802//1802 1964//1964 1803//1803
f 1802//1802 18//18 1965//1965
f 1967//1967 1742//1742 1741//1741
f 1960//1960 1966//1966 1791//1791
f 1960//1960 75//75 4//4
f 1967//1967 1966//1966 3//3
f 1747//1747 1968//1968 1759//1759
f 1747//1747 1746//1746 1963//1963
f 11//11 1968//1968 12//12
f 11//11 10//10 1969//1969
f 1752//1752 1970//1970 1763//1763
f 1965//1965 1970//1970 1751//1751
f 17//17 1970//1970 18//18
f 17//17 38//38 1971//1971
f 1973//1973 1756//1756 1755//1755
f 1967//1967 1972//1972 1742//1742
f 1967//1967 3//3 26//26
f 1973//1973 1972//1972 25//25
f 1760//1760 1974//1974 1771//1771
f 1969//1969 1974//1974 1759//1759
f 1969//1969 10//10 32//32
f 1975//1975 1974//1974 31//31
f 1764//1764 1976//1976 1776//1776
f 1764//1764 1763//1763 1971//1971
f 37//37 1976//1976 38//38
f 37//37 55//55 1977//1977
f 1979//1699 1768//1768 1767//1767
f 1973//1973 1978//1978 1756//1756
f 1973//1973 25//25 44//44
f 1979//1699 1978//1978 43//43
f 1981//1980 1773//1773 1772//1772
f 1772//1772 1771//1771 1975//1975
f 49//49 1980//1979 31//31
f 1981//1980 1980//1979 1982//1981
f 1777//1777 1983//1982 1786//1786
f 1777//1777 1776//1776 1977//1977
f 54//54 1983//1982 55//55
f 54//54 71//71 1956//1956
f 1958//1958 1953//1953 1780//1780
f 1780//1780 1768//1768 1979//1699
f 60//60 1984//1983 43//43
f 60//60 1799//1799 1958//1958
f 1783//1783 1985//1984 1789//1789
f 1783//1783 1773//1773 1981//1980
f 65//65 1985//1984 1982//1981
f 65//65 64//64 1961//1961
f 1987//1986 2012//2011 1988//1987
f 1990//1989 1986//1985 1989//1988
f 1990//1989 2016//2015 1991//1990
f 1987//1986 1986//1985 1992//1991
f 1994//1993 2015//2014 1995//1994
f 1997//1996 1993//1992 1996//1995
f 1999//1998 1993//1992 1998//1997
f 1999//1998 2003//2002 1994//1993
f 2001//2000 2016//2015 2002//2001
f 2004//2003 2000//1999 2003//2002
f 2006//2005 2000//1999 2005//2004
f 2006//2005 2037//2036 2001//2000
f 2010//2009 2007//2006 2009//2008
f 2010//2009 2018//2017 2011//2010
f 2011//2010 1989//1988 1988//1987
f 2008//2007 2007//2006 2012//2011
f 1990//1989 1989//1988 2014//2013
f 1994//1993 2013//2012 2015//2014
f 1994//1993 2003//2002 2002//2001
f 1990//1989 2013//2012 2016//2015
f 2019//2018 2017//2016 2018//2017
f 2021//2020 2017//2016 2020//2019
f 2021//2020 2015//2014 2014//2013
f 2011//2010 2017//2016 1989//1988
f 2021//2020 2020//2019 2023//2022
f 2025//2024 2022//2021 2024//2023
f 2025//2024 1996//1995 1995//1994
f 2021//2020 2022//2021 2015//2014
f 2027//2026 2026//2025 1996//1995
f 2027//2026 2533//2537 2028//2027
f 2030//2029 2026//2025 2029//2028
f 2030//2029 1998//1997 1997//1996
f 2025//2024 2024//2023 2032//2031
f 2034//2033 2031//2030 2033//2032
f 2034//2033 2533//2537 2027//2026
f 2025//2024 2031//2030 1996//1995
f 2036//2035 1992//1991 1991//1990
f 2001//2000 2035//2034 2016//2015
f 2038//2037 2035//2034 2037//2036
f 2038//2037 2325//2324 2036//2035
f 2040//2039 2024//2023 2023//2022
f 2041//2040 2039//2038 2020//2019
f 2041//2040 2056//2055 2042//2041
f 2040//2039 2039//2038 2043//2042
f 2010//2009 2044//2043 2018//2017
f 2010//2009 2009//2008 2046//2045
f 2048//2047 2044//2043 2047//2046
f 2048//2047 2064//2063 2045//2044
f 2050//2049 2062//2061 2051//2050
f 2052//2051 2049//2048 2043//2042
f 2052//2051 2059//2058 2053//2052
f 2050//2049 2049//2048 2054//2053
f 2052//2051 2043//2042 2042//2041
f 2057//2056 2055//2054 2056//2055
f 2057//2056 2084//2083 2058//2057
f 2052//2051 2055//2054 2059//2058
f 2061//2060 2033//2032 2032//2031
f 2040//2039 2060//2059 2024//2023
f 2040//2039 2043//2042 2051//2050
f 2061//2060 2060//2059 2062//2061
f 2019//2018 2063//2062 2020//2019
f 2019//2018 2018//2017 2045//2044
f 2065//2064 2063//2062 2064//2063
f 2041//2040 2063//2062 2056//2055
f 2067//2066 2054//2053 2053//2052
f 2068//2067 2066//2065 2059//2058
f 2070//2069 2066//2065 2069//2068
f 2070//2069 2118//2117 2067//2066
f 2072//2071 2101//2100 2073//2072
f 2073//2072 2069//2068 2074//2073
f 2076//2075 2071//2070 2075//2074
f 2076//2075 2405//2409 2072//2071
f 2048//2047 2077//2076 2064//2063
f 2048//2047 2047//2046 2079//2078
f 2079//2078 2575//2579 2080//2079
f 2078//2077 2077//2076 2081//2080
f 2057//2056 2056//2055 2065//2064
f 2078//2077 2082//2081 2064//2063
f 2078//2077 2081//2080 2083//2082
f 2057//2056 2082//2081 2084//2083
f 2073//2072 2085//2084 2069//2068
f 2073//2072 2101//2100 2087//2086
f 2089//2088 2085//2084 2088//2087
f 2089//2088 2119//2118 2086//2085
f 2087//2086 2101//2100 2091//2090
f 2093//2092 2090//2089 2092//2091
f 2093//2092 2123//2122 2094//2093
f 2087//2086 2090//2089 2088//2087
f 2096//2095 2081//2080 2080//2079
f 2080//2079 2575//2579 2097//2096
f 2097//2096 2121//2120 2098//2097
f 2096//2095 2095//2094 2092//2091
f 2100//2099 2084//2083 2083//2082
f 2096//2095 2099//2098 2081//2080
f 2096//2095 2092//2091 2091//2090
f 2100//2099 2099//2098 2101//2100
f 2103//2102 2123//2122 2104//2103
f 2106//2105 2102//2101 2105//2104
f 2106//2105 2157//2156 2107//2106
f 2103//2102 2102//2101 2108//2107
f 2112//2111 2109//2108 2111//2110
f 2112//2111 2119//2118 2113//2112
f 2115//2114 2109//2108 2114//2113
f 2115//2114 2154//2153 2110//2109
f 2070//2069 2116//2115 2118//2117
f 2070//2069 2069//2068 2086//2085
f 2112//2111 2116//2115 2119//2118
f 2112//2111 2111//2110 2117//2116
f 2093//2092 2092//2091 2098//2097
f 2122//2121 2120//2119 2121//2120
f 2122//2121 2105//2104 2104//2103
f 2093//2092 2120//2119 2123//2122
f 2126//2125 2124//2123 2114//2113
f 2128//2127 2124//2123 2127//2126
f 2130//2129 2124//2123 2129//2128
f 2130//2129 2155//2154 2125//2124
f 2128//2127 2127//2126 2132//2131
f 2133//2132 2131//2130 2108//2107
f 2135//2134 2131//2130 2134//2133
f 2135//2134 2129//2128 2128//2127
f 2137//2136 2088//2087 2094//2093
f 2103//2102 2136//2135 2123//2122
f 2103//2102 2108//2107 2132//2131
f 2137//2136 2136//2135 2127//2126
f 2089//2088 2138//2137 2119//2118
f 2089//2088 2088//2087 2137//2136
f 2126//2125 2138//2137 2127//2126
f 2126//2125 2114//2113 2113//2112
f 2141//2140 2139//2138 2134//2133
f 2141//2140 2159//2158 2142//2141
f 2144//2143 2139//2138 2143//2142
f 2144//2143 2168//2167 2140//2139
f 2148//2147 2145//2144 2147//2146
f 2148//2147 2155//2154 2149//2148
f 2151//2150 2145//2144 2150//2149
f 2151//2150 2194//2193 2146//2145
f 2115//2114 2152//2151 2154//2153
f 2115//2114 2114//2113 2125//2124
f 2148//2147 2152//2151 2155//2154
f 2148//2147 2147//2146 2153//2152
f 2133//2132 2108//2107 2107//2106
f 2158//2157 2156//2155 2157//2156
f 2141//2140 2156//2155 2159//2158
f 2141//2140 2134//2133 2133//2132
f 2163//2162 2160//2159 2162//2161
f 2163//2162 2168//2167 2164//2163
f 2166//2165 2160//2159 2165//2164
f 2166//2165 2191//2190 2161//2160
f 2144//2143 2167//2166 2168//2167
f 2144//2143 2143//2142 2169//2168
f 2171//2170 2167//2166 2170//2169
f 2171//2170 2165//2164 2164//2163
f 2135//2134 2172//2171 2129//2128
f 2135//2134 2134//2133 2140//2139
f 2163//2162 2172//2171 2168//2167
f 2163//2162 2162//2161 2173//2172
f 2130//2129 2174//2173 2155//2154
f 2130//2129 2129//2128 2173//2172
f 2175//2174 2174//2173 2162//2161
f 2175//2174 2150//2149 2149//2148
f 2179//2178 2176//2175 2178//2177
f 2179//2178 2184//2183 2180//2179
f 2182//2181 2176//2175 2181//2180
f 2182//2181 2197//2196 2177//2176
f 2185//2184 2183//2182 2184//2183
f 2185//2184 2191//2190 2186//2185
f 2188//2187 2183//2182 2187//2186
f 2188//2187 2181//2180 2180//2179
f 2175//2174 2189//2188 2150//2149
f 2175//2174 2162//2161 2161//2160
f 2185//2184 2189//2188 2191//2190
f 2185//2184 2184//2183 2190//2189
f 2151//2150 2192//2191 2194//2193
f 2151//2150 2150//2149 2190//2189
f 2179//2178 2192//2191 2184//2183
f 2179//2178 2178//2177 2193//2192
f 2182//2181 2195//2194 2197//2196
f 2182//2181 2181//2180 2198//2197
f 2198//2197 2242//2241 2199//2198
f 2199//2198 2664//2668 2196//2195
f 2188//2187 2200//2199 2181//2180
f 2188//2187 2187//2186 2201//2200
f 2203//2202 2200//2199 2202//2201
f 2203//2202 2242//2241 2198//2197
f 2166//2165 2204//2203 2191//2190
f 2166//2165 2165//2164 2205//2204
f 2207//2206 2204//2203 2206//2205
f 2207//2206 2187//2186 2186//2185
f 2171//2170 2208//2207 2165//2164
f 2171//2170 2170//2169 2209//2208
f 2211//2210 2208//2207 2210//2209
f 2211//2210 2206//2205 2205//2204
f 2214//2213 2212//2211 2202//2201
f 2214//2213 2227//2226 2215//2214
f 2217//2216 2212//2211 2216//2215
f 2217//2216 2243//2242 2213//2212
f 2215//2214 2227//2226 2219//2218
f 2221//2220 2218//2217 2220//2219
f 2221//2220 2689//2693 2222//2221
f 2222//2221 2216//2215 2215//2214
f 2211//2210 2223//2222 2206//2205
f 2211//2210 2210//2209 2225//2224
f 2225//2224 2220//2219 2219//2218
f 2219//2218 2227//2226 2224//2223
f 2207//2206 2226//2225 2187//2186
f 2207//2206 2206//2205 2224//2223
f 2214//2213 2226//2225 2227//2226
f 2214//2213 2202//2201 2201//2200
f 2222//2221 2228//2227 2216//2215
f 2222//2221 2689//2693 2230//2229
f 2232//2231 2228//2227 2231//2230
f 2232//2231 2262//2261 2229//2228
f 2234//2233 2247//2246 2235//2234
f 2237//2236 2233//2232 2236//2235
f 2237//2236 2250//2249 2238//2237
f 2234//2233 2233//2232 2239//2238
f 2203//2202 2240//2239 2242//2241
f 2203//2202 2202//2201 2213//2212
f 2244//2243 2240//2239 2243//2242
f 2241//2240 2240//2239 2236//2235
f 2246//2245 2664//2668 2199//2198
f 2241//2240 2245//2244 2242//2241
f 2241//2240 2236//2235 2235//2234
f 2246//2245 2245//2244 2247//2246
f 2249//2248 2239//2238 2238//2237
f 2251//2250 2248//2247 2250//2249
f 2251//2250 2259//2258 2252//2251
f 2249//2248 2248//2247 2253//2252
f 2251//2250 2250//2249 2255//2254
f 2257//2256 2254//2253 2256//2255
f 2257//2256 2267//2266 2258//2257
f 2251//2250 2254//2253 2259//2258
f 2217//2216 2260//2259 2243//2242
f 2217//2216 2216//2215 2229//2228
f 2263//2262 2260//2259 2262//2261
f 2263//2262 2256//2255 2261//2260
f 2237//2236 2236//2235 2244//2243
f 2261//2260 2264//2263 2243//2242
f 2261//2260 2256//2255 2255//2254
f 2237//2236 2264//2263 2250//2249
f 2266//2265 2259//2258 2258//2257
f 2268//2267 2265//2264 2267//2266
f 2268//2267 2275//2274 2269//2268
f 2269//2268 2299//2298 2266//2265
f 2268//2267 2267//2266 2271//2270
f 2271//2270 2282//2281 2272//2271
f 2274//2273 2270//2269 2273//2272
f 2268//2267 2270//2269 2275//2274
f 2232//2231 2276//2275 2262//2261
f 2232//2231 2231//2230 2278//2277
f 2280//2279 2276//2275 2279//2278
f 2280//2279 2282//2281 2277//2276
f 2257//2256 2256//2255 2263//2262
f 2263//2262 2262//2261 2277//2276
f 2271//2270 2281//2280 2282//2281
f 2257//2256 2281//2280 2267//2266
f 2285//2284 2283//2282 2273//2272
f 2285//2284 2302//2301 2286//2285
f 2288//2287 2283//2282 2287//2286
f 2284//2283 2283//2282 2289//2288
f 2293//2292 2290//2289 2292//2291
f 2293//2292 2299//2298 2294//2293
f 2296//2295 2290//2289 2295//2294
f 2296//2295 2308//2307 2291//2290
f 2298//2297 2253//2252 2252//2251
f 2252//2251 2259//2258 2266//2265
f 2293//2292 2297//2296 2299//2298
f 2298//2297 2297//2296 2292//2291
f 2280//2279 2300//2299 2282//2281
f 2280//2279 2279//2278 2301//2300
f 2285//2284 2300//2299 2302//2301
f 2285//2284 2273//2272 2272//2271
f 2304//2303 2303//2302 2295//2294
f 2304//2303 2314//2313 2305//2304
f 2307//2306 2303//2302 2306//2305
f 2296//2295 2303//2302 2308//2307
f 2305//2304 2314//2313 2310//2309
f 2288//2287 2309//2308 2289//2288
f 2288//2287 2287//2286 2311//2310
f 2311//2310 2306//2305 2305//2304
f 2313//2312 2275//2274 2274//2273
f 2274//2273 2273//2272 2284//2283
f 2284//2283 2289//2288 2310//2309
f 2313//2312 2312//2311 2314//2313
f 2269//2268 2315//2314 2299//2298
f 2313//2312 2315//2314 2275//2274
f 2313//2312 2314//2313 2304//2303
f 2304//2303 2295//2294 2294//2293
f 2317//2316 2333//2332 2318//2317
f 2320//2319 2316//2315 2319//2318
f 2320//2319 2931//2947 2321//2320
f 2317//2316 2316//2315 2322//2321
f 2038//2037 2323//2322 2325//2324
f 2038//2037 2037//2036 2326//2325
f 2335//2949 2323//2322 2327//2326
f 1999//1998 2328//2327 2003//2002
f 1999//1998 1998//1997 2329//2328
f 2329//2328 2333//2332 2330//2329
f 2004//2003 2328//2327 2005//2004
f 2030//2029 2331//2330 1998//1997
f 2030//2029 2029//2028 2332//2331
f 2332//2331 2319//2318 2318//2317
f 2329//2328 2331//2330 2333//2332
f 2336//2336 2334//2333 2327//2335
f 2336//2336 2342//2950 2337//2337
f 2337//2337 2342//2950 2339//2339
f 2339//2339 2322//2951 2321//2340
f 2341//2342 2005//2004 2330//2329
f 2317//2316 2340//2341 2333//2332
f 2317//2316 2322//2321 2339//2339
f 2341//2342 2340//2341 2342//2343
f 2006//2005 2343//2344 2037//2036
f 2006//2005 2005//2004 2341//2342
f 2336//2345 2343//2344 2342//2343
f 2336//2345 2327//2326 2326//2325
f 2345//2347 2327//2335 2336//2336
f 2336//2336 2342//2343 2346//2348
f 2346//2348 2377//2381 2347//2349
f 2349//2351 2344//2346 2348//2350
f 2349//2351 2933//2952 2345//2347
f 2346//2348 2342//2343 2339//2353
f 2339//2353 2322//2362 2351//2354
f 2351//2354 2934//2953 2352//2355
f 2354//2357 2350//2352 2353//2356
f 2354//2357 2377//2381 2346//2348
f 2358//2361 2355//2358 2357//2360
f 2358//2361 2934//2953 2351//2354
f 2359//2363 2355//2358 2322//2362
f 2356//2359 2355//2358 2360//2364
f 2345//2347 2933//2952 2362//2366
f 2356//2359 2361//2365 2357//2360
f 2363//2367 2361//2365 2360//2364
f 2345//2347 2361//2365 2327//2335
f 2365//2369 2364//2368 2348//2350
f 2365//2369 2371//2375 2366//2370
f 2362//2366 2364//2368 2357//2360
f 2362//2366 2933//2952 2349//2351
f 2366//2370 2371//2375 2368//2372
f 2352//2355 2367//2371 2353//2356
f 2352//2355 2934//2953 2358//2361
f 2358//2361 2357//2360 2366//2370
f 2365//2369 2369//2373 2371//2375
f 2365//2369 2348//2350 2372//2376
f 2374//2378 2369//2373 2373//2377
f 2374//2378 2388//2392 2370//2374
f 2354//2357 2375//2379 2377//2381
f 2354//2357 2353//2356 2378//2382
f 2380//2384 2375//2379 2379//2383
f 2376//2380 2375//2379 2381//2385
f 2372//2376 2348//2350 2347//2349
f 2376//2380 2382//2386 2377//2381
f 2383//2387 2382//2386 2381//2385
f 2372//2376 2382//2386 2373//2377
f 2378//2382 2353//2356 2368//2372
f 2370//2374 2384//2388 2371//2375
f 2370//2374 2388//2392 2385//2389
f 2378//2382 2384//2388 2379//2383
f 2374//2378 2386//2390 2388//2392
f 2374//2378 2373//2377 2389//2393
f 2391//2395 2386//2390 2390//2394
f 2391//2395 2399//2403 2387//2391
f 2393//2397 2381//2385 2380//2384
f 2380//2384 2379//2383 2394//2398
f 2396//2400 2392//2396 2395//2399
f 2393//2397 2392//2396 2397//2401
f 2394//2398 2379//2383 2385//2389
f 2387//2391 2398//2402 2388//2392
f 2400//2404 2398//2402 2399//2403
f 2394//2398 2398//2402 2395//2399
f 2389//2393 2373//2377 2383//2387
f 2383//2387 2381//2385 2393//2397
f 2402//2406 2401//2405 2397//2401
f 2389//2393 2401//2405 2390//2394
f 2076//2075 2403//2407 2405//2409
f 2076//2075 2075//2074 2406//2410
f 2408//2412 2403//2407 2407//2411
f 2408//2412 2421//2425 2404//2408
f 2410//2414 2059//2058 2058//2057
f 2058//2057 2084//2083 2411//2415
f 2411//2415 2416//2420 2412//2416
f 2410//2414 2409//2413 2413//2417
f 2411//2415 2084//2083 2100//2099
f 2100//2099 2101//2100 2072//2071
f 2415//2419 2414//2418 2405//2409
f 2411//2415 2414//2418 2416//2420
f 2074//2073 2069//2068 2068//2067
f 2068//2067 2059//2058 2410//2414
f 2410//2414 2413//2417 2418//2422
f 2418//2422 2075//2074 2074//2073
f 2408//2412 2419//2423 2421//2425
f 2422//2426 2419//2423 2407//2411
f 2422//2426 2437//2441 2423//2427
f 2423//2427 2436//2440 2420//2424
f 2425//2429 2413//2417 2412//2416
f 2412//2416 2416//2420 2426//2430
f 2426//2430 2433//2437 2427//2431
f 2425//2429 2424//2428 2428//2432
f 2406//2410 2075//2074 2418//2422
f 2425//2429 2429//2433 2413//2417
f 2425//2429 2428//2432 2430//2434
f 2406//2410 2429//2433 2407//2411
f 2426//2430 2416//2420 2415//2419
f 2404//2408 2431//2435 2405//2409
f 2432//2436 2431//2435 2421//2425
f 2426//2430 2431//2435 2433//2437
f 2423//2427 2434//2438 2436//2440
f 2438//2442 2434//2438 2437//2441
f 2438//2442 2453//2457 2439//2443
f 2439//2443 2452//2456 2435//2439
f 2427//2431 2440//2444 2428//2432
f 2442//2446 2440//2444 2433//2437
f 2442//2446 2449//2453 2443//2447
f 2443//2447 2445//2449 2441//2445
f 2430//2434 2444//2448 2407//2411
f 2430//2434 2428//2432 2441//2445
f 2446//2450 2444//2448 2445//2449
f 2422//2426 2444//2448 2437//2441
f 2442//2446 2433//2437 2432//2436
f 2420//2424 2447//2451 2421//2425
f 2420//2424 2436//2440 2448//2452
f 2442//2446 2447//2451 2449//2453
f 2439//2443 2450//2454 2452//2456
f 2454//2458 2450//2454 2453//2457
f 2454//2458 2471//2475 2455//2459
f 2451//2455 2450//2454 2456//2460
f 2458//2462 2449//2453 2448//2452
f 2448//2452 2436//2440 2435//2439
f 2459//2463 2457//2461 2452//2456
f 2459//2463 2478//2482 2458//2462
f 2443//2447 2460//2464 2445//2449
f 2458//2462 2460//2464 2449//2453
f 2458//2462 2478//2482 2462//2466
f 2462//2466 2476//2480 2461//2465
f 2438//2442 2437//2441 2446//2450
f 2461//2465 2463//2467 2445//2449
f 2461//2465 2476//2480 2464//2468
f 2438//2442 2463//2467 2453//2457
f 2468//2472 2465//2469 2467//2471
f 2470//2474 2465//2469 2469//2473
f 2455//2459 2465//2469 2456//2460
f 2466//2470 2465//2469 2471//2475
f 2473//2477 2476//2480 2462//2466
f 2462//2466 2478//2482 2474//2478
f 2468//2472 2472//2476 2469//2473
f 2473//2477 2472//2476 2467//2471
f 2454//2458 2453//2457 2464//2468
f 2473//2477 2475//2479 2476//2480
f 2466//2470 2475//2479 2467//2471
f 2454//2458 2475//2479 2471//2475
f 2459//2463 2477//2481 2478//2482
f 2459//2463 2452//2456 2451//2455
f 2470//2474 2477//2481 2456//2460
f 2474//2478 2477//2481 2469//2473
f 2480//2484 2395//2399 2400//2404
f 2400//2404 2399//2403 2481//2485
f 2483//2487 2479//2483 2482//2486
f 2483//2487 2486//2490 2480//2484
f 2485//2489 2397//2401 2396//2400
f 2396//2400 2395//2399 2480//2484
f 2487//2491 2484//2488 2486//2490
f 2485//2489 2484//2488 2488//2492
f 2481//2485 2399//2403 2391//2395
f 2490//2494 2489//2493 2390//2394
f 2490//2494 2494//2498 2491//2495
f 2491//2495 2482//2486 2481//2485
f 2490//2494 2390//2394 2402//2406
f 2402//2406 2397//2401 2485//2489
f 2493//2497 2492//2496 2488//2492
f 2490//2494 2492//2496 2494//2498
f 2487//2491 2495//2499 2488//2492
f 2487//2491 2486//2490 2483//2487
f 2483//2487 2482//2486 2491//2495
f 2491//2495 2494//2498 2493//2497
f 1987//1986 2496//2500 2012//2011
f 1987//1986 1992//1991 2498//2502
f 2500//2504 2496//2500 2499//2503
f 2500//2504 2516//2520 2497//2501
f 2504//2508 2501//2505 2503//2507
f 2506//2510 2501//2505 2505//2509
f 2506//2510 2531//2535 2507//2511
f 2507//2511 2527//2531 2502//2506
f 2510//2514 2508//2512 2499//2503
f 2512//2516 2508//2512 2511//2515
f 2512//2516 2778//2784 2513//2517
f 2513//2517 2505//2509 2509//2513
f 2515//2519 2009//2008 2008//2007
f 2008//2007 2012//2011 2497//2501
f 2517//2521 2514//2518 2516//2520
f 2515//2519 2514//2518 2518//2522
f 2500//2504 2519//2523 2516//2520
f 2500//2504 2499//2503 2509//2513
f 2504//2508 2519//2523 2505//2509
f 2504//2508 2503//2507 2520//2524
f 2522//2526 2518//2522 2517//2521
f 2517//2521 2516//2520 2520//2524
f 2523//2527 2521//2525 2503//2507
f 2523//2527 2526//2530 2522//2526
f 2523//2527 2524//2528 2526//2530
f 2523//2527 2503//2507 2502//2506
f 2528//2532 2524//2528 2527//2531
f 2528//2532 2536//2540 2525//2529
f 2530//2534 2527//2531 2507//2511
f 2532//2536 2529//2533 2531//2535
f 2532//2536 2029//2028 2028//2027
f 2530//2534 2529//2533 2533//2537
f 2528//2532 2534//2538 2536//2540
f 2528//2532 2527//2531 2530//2534
f 2034//2033 2534//2538 2533//2537
f 2034//2033 2033//2032 2535//2539
f 2036//2035 2537//2541 1992//1991
f 2538//2542 2537//2541 2325//2324
f 2538//2542 2511//2515 2510//2514
f 2510//2514 2499//2503 2498//2502
f 2540//2544 2539//2543 2536//2540
f 2540//2544 2554//2558 2541//2545
f 2543//2547 2539//2543 2542//2546
f 2543//2547 2526//2530 2525//2529
f 2515//2519 2518//2522 2545//2549
f 2547//2551 2544//2548 2546//2550
f 2547//2551 2047//2046 2046//2045
f 2515//2519 2544//2548 2009//2008
f 2050//2049 2548//2552 2062//2061
f 2050//2049 2054//2053 2550//2554
f 2552//2556 2548//2552 2551//2555
f 2552//2556 2554//2558 2549//2553
f 2552//2556 2553//2557 2554//2558
f 2552//2556 2551//2555 2555//2559
f 2557//2561 2553//2557 2556//2560
f 2557//2561 2542//2546 2541//2545
f 2061//2060 2558//2562 2033//2032
f 2061//2060 2062//2061 2549//2553
f 2540//2544 2558//2562 2554//2558
f 2540//2544 2536//2540 2535//2539
f 2522//2526 2526//2530 2543//2547
f 2543//2547 2542//2546 2560//2564
f 2560//2564 2546//2550 2545//2549
f 2522//2526 2559//2563 2518//2522
f 2067//2066 2561//2565 2054//2053
f 2562//2566 2561//2565 2118//2117
f 2562//2566 2571//2575 2563//2567
f 2563//2567 2551//2555 2550//2554
f 2567//2571 2564//2568 2566//2570
f 2569//2573 2564//2568 2568//2572
f 2569//2573 2845//2857 2570//2574
f 2565//2569 2564//2568 2571//2575
f 2547//2551 2546//2550 2573//2577
f 2573//2577 2578//2582 2574//2578
f 2079//2078 2572//2576 2575//2579
f 2547//2551 2572//2576 2047//2046
f 2557//2561 2576//2580 2542//2546
f 2557//2561 2556//2560 2577//2581
f 2573//2577 2576//2580 2578//2582
f 2573//2577 2546//2550 2560//2564
f 2565//2569 2571//2575 2580//2584
f 2582//2586 2579//2583 2581//2585
f 2582//2586 2618//2622 2583//2587
f 2565//2569 2579//2583 2566//2570
f 2583//2587 2584//2588 2566//2570
f 2583//2587 2618//2622 2586//2590
f 2588//2592 2584//2588 2587//2591
f 2588//2592 2594//2598 2585//2589
f 2590//2594 2589//2593 2578//2582
f 2590//2594 2594//2598 2591//2595
f 2097//2096 2589//2593 2121//2120
f 2574//2578 2589//2593 2575//2579
f 2593//2597 2592//2596 2556//2560
f 2593//2597 2566//2570 2585//2589
f 2590//2594 2592//2596 2594//2598
f 2590//2594 2578//2582 2577//2581
f 2597//2601 2595//2599 2587//2591
f 2597//2601 2620//2624 2598//2602
f 2106//2105 2595//2599 2157//2156
f 2106//2105 2105//2104 2596//2600
f 2600//2604 2111//2110 2110//2109
f 2601//2605 2599//2603 2154//2153
f 2601//2605 2622//2626 2602//2606
f 2600//2604 2599//2603 2581//2585
f 2562//2566 2118//2117 2117//2116
f 2600//2604 2603//2607 2111//2110
f 2600//2604 2581//2585 2580//2584
f 2562//2566 2603//2607 2571//2575
f 2588//2592 2604//2608 2594//2598
f 2588//2592 2587//2591 2596//2600
f 2122//2121 2604//2608 2105//2104
f 2122//2121 2121//2120 2591//2595
f 2606//2610 2622//2626 2607//2611
f 2609//2613 2605//2609 2608//2612
f 2609//2613 2614//2618 2610//2614
f 2610//2614 2613//2617 2606//2610
f 2610//2614 2611//2615 2613//2617
f 2615//2619 2611//2615 2614//2618
f 2615//2619 2634//2638 2616//2620
f 2616//2620 2620//2624 2612//2616
f 2619//2623 2617//2621 2618//2622
f 2619//2623 2613//2617 2612//2616
f 2597//2601 2617//2621 2620//2624
f 2597//2601 2587//2591 2586//2590
f 2582//2586 2581//2585 2602//2606
f 2606//2610 2621//2625 2622//2626
f 2606//2610 2613//2617 2619//2623
f 2582//2586 2621//2625 2618//2622
f 2624//2628 2634//2638 2625//2629
f 2627//2631 2623//2627 2626//2630
f 2627//2631 2143//2142 2142//2141
f 2624//2628 2623//2627 2159//2158
f 2629//2633 2147//2146 2146//2145
f 2630//2634 2628//2632 2194//2193
f 2630//2634 2648//2652 2631//2635
f 2629//2633 2628//2632 2608//2612
f 2601//2605 2154//2153 2153//2152
f 2629//2633 2632//2636 2147//2146
f 2629//2633 2608//2612 2607//2611
f 2601//2605 2632//2636 2622//2626
f 2616//2620 2633//2637 2620//2624
f 2624//2628 2633//2637 2634//2638
f 2624//2628 2159//2158 2158//2157
f 2158//2157 2157//2156 2598//2602
f 2636//2640 2646//2650 2637//2641
f 2639//2643 2635//2639 2638//2642
f 2639//2643 2642//2646 2640//2644
f 2636//2640 2635//2639 2626//2630
f 2627//2631 2626//2630 2640//2644
f 2643//2647 2641//2645 2642//2646
f 2643//2647 2170//2169 2169//2168
f 2627//2631 2641//2645 2143//2142
f 2615//2619 2614//2618 2645//2649
f 2636//2640 2644//2648 2646//2650
f 2636//2640 2626//2630 2625//2629
f 2615//2619 2644//2648 2634//2638
f 2609//2613 2608//2612 2631//2635
f 2649//2653 2647//2651 2648//2652
f 2649//2653 2646//2650 2645//2649
f 2609//2613 2647//2651 2614//2618
f 2651//2655 2178//2177 2177//2176
f 2652//2656 2650//2654 2197//2196
f 2652//2656 2657//2661 2653//2657
f 2651//2655 2650//2654 2654//2658
f 2656//2660 2654//2658 2653//2657
f 2658//2662 2655//2659 2657//2661
f 2658//2662 2671//2675 2659//2663
f 2656//2660 2655//2659 2638//2642
f 2649//2653 2648//2652 2661//2665
f 2656//2660 2660//2664 2654//2658
f 2656//2660 2638//2642 2637//2641
f 2649//2653 2660//2664 2646//2650
f 2630//2634 2194//2193 2193//2192
f 2651//2655 2662//2666 2178//2177
f 2651//2655 2654//2658 2661//2665
f 2630//2634 2662//2666 2648//2652
f 2652//2656 2197//2196 2196//2195
f 2665//2669 2663//2667 2664//2668
f 2667//2671 2663//2667 2666//2670
f 2652//2656 2663//2667 2657//2661
f 2658//2662 2657//2661 2667//2671
f 2669//2673 2668//2672 2666//2670
f 2669//2673 2693//2697 2670//2674
f 2658//2662 2668//2672 2671//2675
f 2639//2643 2638//2642 2659//2663
f 2673//2677 2672//2676 2671//2675
f 2673//2677 2676//2680 2674//2678
f 2639//2643 2672//2676 2642//2646
f 2643//2647 2642//2646 2674//2678
f 2677//2681 2675//2679 2676//2680
f 2677//2681 2210//2209 2209//2208
f 2643//2647 2675//2679 2170//2169
f 2679//2683 2693//2697 2680//2684
f 2682//2686 2678//2682 2681//2685
f 2682//2686 2687//2691 2683//2687
f 2679//2683 2678//2682 2684//2688
f 2683//2687 2685//2689 2684//2688
f 2688//2692 2685//2689 2687//2691
f 2221//2220 2685//2689 2689//2693
f 2221//2220 2220//2219 2686//2690
f 2677//2681 2676//2680 2691//2695
f 2686//2690 2690//2694 2684//2688
f 2225//2224 2690//2694 2220//2219
f 2677//2681 2690//2694 2210//2209
f 2673//2677 2671//2675 2670//2674
f 2679//2683 2692//2696 2693//2697
f 2679//2683 2684//2688 2691//2695
f 2673//2677 2692//2696 2676//2680
f 2688//2692 2687//2691 2695//2699
f 2697//2701 2694//2698 2696//2700
f 2697//2701 2231//2230 2230//2229
f 2688//2692 2694//2698 2689//2693
f 2234//2233 2698//2702 2247//2246
f 2234//2233 2239//2238 2700//2704
f 2702//2706 2698//2702 2701//2705
f 2702//2706 2707//2711 2699//2703
f 2669//2673 2666//2670 2704//2708
f 2704//2708 2707//2711 2705//2709
f 2705//2709 2681//2685 2680//2684
f 2669//2673 2703//2707 2693//2697
f 2246//2245 2706//2710 2664//2668
f 2246//2245 2247//2246 2699//2703
f 2704//2708 2706//2710 2707//2711
f 2704//2708 2666//2670 2665//2669
f 2249//2248 2708//2712 2239//2238
f 2249//2248 2253//2252 2709//2713
f 2711//2715 2708//2712 2710//2714
f 2711//2715 2701//2705 2700//2704
f 2711//2715 2712//2716 2701//2705
f 2711//2715 2710//2714 2714//2718
f 2716//2720 2712//2716 2715//2719
f 2716//2720 2719//2723 2713//2717
f 2682//2686 2681//2685 2718//2722
f 2720//2724 2717//2721 2719//2723
f 2720//2724 2696//2700 2695//2699
f 2682//2686 2717//2721 2687//2691
f 2702//2706 2721//2725 2707//2711
f 2702//2706 2701//2705 2713//2717
f 2718//2722 2721//2725 2719//2723
f 2718//2722 2681//2685 2705//2709
f 2723//2727 2722//2726 2710//2714
f 2725//2729 2722//2726 2724//2728
f 2727//2731 2722//2726 2726//2730
f 2727//2731 2715//2719 2714//2718
f 2727//2731 2728//2732 2715//2719
f 2727//2731 2726//2730 2730//2734
f 2730//2734 2747//2751 2731//2735
f 2729//2733 2728//2732 2732//2736
f 2697//2701 2696//2700 2734//2738
f 2735//2739 2733//2737 2732//2736
f 2735//2739 2279//2278 2278//2277
f 2697//2701 2733//2737 2231//2230
f 2716//2720 2736//2740 2719//2723
f 2716//2720 2715//2719 2729//2733
f 2729//2733 2732//2736 2734//2738
f 2720//2724 2736//2740 2696//2700
f 2738//2742 2747//2751 2739//2743
f 2739//2743 2756//2760 2740//2744
f 2740//2744 2287//2286 2286//2285
f 2738//2742 2737//2741 2302//2301
f 2742//2746 2292//2291 2291//2290
f 2743//2747 2741//2745 2308//2307
f 2743//2747 2758//2762 2744//2748
f 2742//2746 2741//2745 2724//2728
f 2298//2297 2745//2749 2253//2252
f 2298//2297 2292//2291 2742//2746
f 2742//2746 2724//2728 2723//2727
f 2709//2713 2745//2749 2710//2714
f 2735//2739 2732//2736 2731//2735
f 2738//2742 2746//2750 2747//2751
f 2738//2742 2302//2301 2301//2300
f 2735//2739 2746//2750 2279//2278
f 2749//2753 2758//2762 2743//2747
f 2743//2747 2308//2307 2307//2306
f 2750//2754 2748//2752 2306//2305
f 2749//2753 2748//2752 2751//2755
f 2750//2754 2752//2756 2751//2755
f 2750//2754 2306//2305 2311//2310
f 2311//2310 2287//2286 2740//2744
f 2740//2744 2756//2760 2753//2757
f 2755//2759 2754//2758 2726//2730
f 2755//2759 2751//2755 2753//2757
f 2739//2743 2754//2758 2756//2760
f 2730//2734 2754//2758 2747//2751
f 2725//2729 2724//2728 2744//2748
f 2749//2753 2757//2761 2758//2762
f 2755//2759 2757//2761 2751//2755
f 2755//2759 2726//2730 2725//2729
f 2762//2766 2759//2763 2761//2765
f 2762//2766 2780//2787 2763//2767
f 2763//2767 2931//2947 2320//2319
f 2320//2319 2319//2318 2760//2764
f 2538//2542 2325//2324 2324//2323
f 2765//2769 2782//2789 2766//2770
f 2538//2542 2764//2768 2511//2515
f 2506//2510 2505//2509 2513//2517
f 2513//2517 2778//2784 2768//2772
f 2769//2773 2767//2771 2761//2765
f 2506//2510 2767//2771 2531//2535
f 2532//2536 2531//2535 2769//2773
f 2769//2773 2761//2765 2760//2764
f 2332//2331 2770//2774 2319//2318
f 2532//2536 2770//2774 2029//2028
f 2774//2778 2771//2775 2773//2777
f 2774//2778 2782//2954 2765//2779
f 2763//2781 2780//2955 2776//2782
f 2772//2776 2775//2780 2773//2777
f 2779//2785 2777//2783 2778//2784
f 2779//2785 2773//2799 2776//2786
f 2762//2766 2777//2783 2780//2787
f 2762//2766 2761//2765 2768//2772
f 2512//2516 2511//2515 2766//2770
f 2774//2790 2781//2788 2782//2789
f 2774//2790 2773//2799 2779//2785
f 2512//2516 2781//2788 2778//2784
f 2784//2793 2783//2791 2782//2789
f 2786//2795 2783//2791 2785//2794
f 2786//2795 2814//2826 2787//2796
f 2789//2798 2783//2791 2788//2797
f 2774//2792 2783//2791 2773//2799
f 2789//2798 2790//2800 2773//2799
f 2791//2802 2790//2800 2788//2797
f 2791//2802 2819//2831 2792//2803
f 2794//2805 2790//2800 2793//2804
f 2776//2801 2790//2800 2780//2806
f 2796//2808 2808//2820 2797//2809
f 2797//2809 2935//2956 2798//2810
f 2798//2810 2780//2806 2794//2805
f 2796//2808 2795//2807 2793//2804
f 2784//2793 2799//2811 2785//2794
f 2784//2793 2782//2789 2801//2813
f 2801//2813 2935//2956 2797//2809
f 2797//2809 2808//2820 2800//2812
f 2803//2815 2814//2826 2786//2795
f 2800//2812 2802//2814 2785//2794
f 2800//2812 2808//2820 2804//2816
f 2803//2815 2802//2814 2805//2817
f 2804//2816 2806//2818 2805//2817
f 2796//2808 2806//2818 2808//2820
f 2792//2803 2806//2818 2793//2804
f 2792//2803 2819//2831 2807//2819
f 2803//2815 2805//2817 2810//2822
f 2812//2824 2809//2821 2811//2823
f 2812//2824 2829//2841 2813//2825
f 2803//2815 2809//2821 2814//2826
f 2791//2802 2788//2797 2816//2828
f 2816//2828 2831//2843 2817//2829
f 2817//2829 2835//2847 2818//2830
f 2791//2802 2815//2827 2819//2831
f 2813//2825 2820//2832 2814//2826
f 2813//2825 2829//2841 2821//2833
f 2821//2833 2831//2843 2816//2828
f 2816//2828 2788//2797 2787//2796
f 2818//2830 2822//2834 2819//2831
f 2818//2830 2835//2847 2823//2835
f 2810//2822 2822//2834 2811//2823
f 2810//2822 2805//2817 2807//2819
f 2812//2824 2811//2823 2825//2837
f 2827//2839 2824//2836 2826//2838
f 2827//2839 2928//2940 2828//2840
f 2812//2824 2824//2836 2829//2841
f 2832//2844 2830//2842 2831//2843
f 2832//2844 2919//2931 2833//2845
f 2833//2845 2913//2925 2834//2846
f 2817//2829 2830//2842 2835//2847
f 2834//2846 2836//2848 2835//2847
f 2834//2846 2913//2925 2837//2849
f 2837//2849 2826//2838 2825//2837
f 2825//2837 2811//2823 2823//2835
f 2828//2840 2838//2850 2829//2841
f 2828//2840 2928//2940 2839//2851
f 2839//2851 2919//2931 2832//2844
f 2821//2833 2838//2850 2831//2843
f 2569//2573 2568//2572 2841//2853
f 2843//2855 2840//2852 2842//2854
f 2843//2855 2936//2957 2844//2856
f 2569//2573 2840//2852 2845//2857
f 2847//2859 2846//2858 2551//2555
f 2847//2859 2855//2867 2848//2860
f 2850//2862 2846//2858 2849//2861
f 2555//2559 2846//2858 2556//2560
f 2850//2862 2851//2863 2556//2560
f 2850//2862 2849//2861 2852//2864
f 2852//2864 2568//2572 2567//2571
f 2593//2597 2851//2863 2566//2570
f 2570//2574 2853//2865 2571//2575
f 2854//2866 2853//2865 2845//2857
f 2847//2859 2853//2865 2855//2867
f 2563//2567 2853//2865 2551//2555
f 2843//2855 2842//2854 2857//2869
f 2859//2871 2856//2868 2858//2870
f 2861//2873 2856//2868 2860//2872
f 2861//2873 2936//2957 2843//2855
f 2863//2875 2862//2874 2855//2867
f 2863//2875 2869//2881 2864//2876
f 2866//2878 2862//2874 2865//2877
f 2848//2860 2862//2874 2849//2861
f 2844//2856 2867//2879 2845//2857
f 2844//2856 2936//2957 2868//2880
f 2863//2875 2867//2879 2869//2881
f 2863//2875 2855//2867 2854//2866
f 2866//2878 2870//2882 2849//2861
f 2866//2878 2865//2877 2871//2883
f 2871//2883 2842//2854 2841//2853
f 2841//2853 2568//2572 2852//2864
f 2859//2871 2858//2870 2873//2885
f 2875//2887 2872//2884 2874//2886
f 2877//2889 2872//2884 2876//2888
f 2877//2889 2860//2872 2859//2871
f 2864//2876 2869//2881 2879//2891
f 2881//2893 2878//2890 2880//2892
f 2883//2895 2878//2890 2882//2894
f 2883//2895 2865//2877 2864//2876
f 2868//2880 2936//2957 2861//2873
f 2861//2873 2860//2872 2885//2897
f 2885//2897 2880//2892 2879//2891
f 2868//2880 2884//2896 2869//2881
f 2883//2895 2886//2898 2865//2877
f 2883//2895 2882//2894 2887//2899
f 2857//2869 2886//2898 2858//2870
f 2857//2869 2842//2854 2871//2883
f 2875//2887 2874//2886 2889//2901
f 2889//2901 2937//2958 2890//2902
f 2892//2904 2888//2900 2891//2903
f 2892//2904 2876//2888 2875//2887
f 2894//2906 2893//2905 2882//2894
f 2896//2908 2893//2905 2895//2907
f 2896//2908 2874//2886 2873//2885
f 2887//2899 2893//2905 2858//2870
f 2881//2893 2880//2892 2898//2910
f 2900//2912 2897//2909 2899//2911
f 2894//2906 2897//2909 2895//2907
f 2894//2906 2882//2894 2881//2893
f 2877//2889 2901//2913 2860//2872
f 2877//2889 2876//2888 2902//2914
f 2898//2910 2901//2913 2899//2911
f 2898//2910 2880//2892 2885//2897
f 2904//2916 2938//2959 2905//2917
f 2905//2917 2891//2903 2890//2902
f 2890//2902 2937//2958 2906//2918
f 2906//2918 2939//2960 2904//2916
f 2908//2920 2907//2919 2899//2911
f 2908//2920 2938//2959 2904//2916
f 2904//2916 2939//2960 2909//2921
f 2900//2912 2907//2919 2895//2907
f 2892//2904 2910//2922 2876//2888
f 2892//2904 2891//2903 2905//2917
f 2905//2917 2938//2959 2908//2920
f 2908//2920 2899//2911 2902//2914
f 2896//2908 2895//2907 2909//2921
f 2909//2921 2939//2960 2906//2918
f 2906//2918 2937//2958 2889//2901
f 2896//2908 2911//2923 2874//2886
f 2914//2926 2912//2924 2913//2925
f 2916//2928 2912//2924 2915//2927
f 2916//2928 2923//2935 2917//2929
f 2837//2849 2912//2924 2826//2838
f 2920//2932 2918//2930 2919//2931
f 2920//2932 2940//2961 2921//2933
f 2921//2933 2915//2927 2914//2926
f 2833//2845 2918//2930 2913//2925
f 2917//2929 2922//2934 2826//2838
f 2924//2936 2922//2934 2923//2935
f 2926//2938 2922//2934 2925//2937
f 2926//2938 2928//2940 2827//2839
f 2926//2938 2927//2939 2928//2940
f 2926//2938 2925//2937 2929//2941
f 2929//2941 2940//2961 2920//2932
f 2839//2851 2927//2939 2919//2931
f 2921//2933 2940//2961 2929//2941
f 2929//2941 2925//2937 2924//2936
f 2916//2928 2930//2942 2923//2935
f 2921//2933 2930//2942 2915//2927
f 2772//2776 2775//2780 2763//2781
f 2765//2944 2772//2776 2782//2789
f 2772//2776 2763//2781 2782//2789
f 2763//2781 2780//2806 2782//2789
f 2780//2806 2798//2810 2782//2789
f 2798//2810 2935//2956 2782//2789
f 2935//2956 2801//2813 2782//2789
f 2338//2338 2322//2362 2321//2340
f 2337//2962 2322//2362 2338//2338
f 2337//2962 2359//2363 2322//2362
f 2337//2962 2360//2364 2359//2363
f 2337//2962 2363//2367 2360//2364
f 2334//2963 2335//2945 2363//2367
f 2337//2962 2334//2963 2363//2367
f 2334//2946 2772//2776 2771//2943
f 2338//2338 2775//2780 2334//2946
f 2775//2780 2772//2776 2334//2946
f 2338//2338 2321//2320 2775//2780
f 2335//2949 2334//2946 2323//2322
f 2323//2322 2765//2769 2764//2768
f 2334//2946 2771//2943 2765//2769
f 2323//2322 2334//2946 2765//2769
