# author: headus 3D tools
#  using: ply2obj v1.8
#   from: uvlayout v2.09.04
mtllib Shack.mtl
# 2396 vertices
v -2.606000 0.882000 -2.165000
v -2.284939 0.879226 -2.178160
v -2.612731 0.884337 -2.329728
v -2.291672 0.881566 -2.342889
v -2.629209 -0.905028 -2.354465
v -2.308147 -0.907803 -2.367625
v -2.622477 -0.907368 -2.189737
v -2.301415 -0.910142 -2.202898
v -2.597446 0.879221 -1.489684
v -2.275816 0.876507 -1.488114
v -2.596636 0.879236 -1.655511
v -2.275007 0.876519 -1.653940
v -2.611758 -0.911806 -1.655730
v -2.290129 -0.914522 -1.654161
v -2.612565 -0.911818 -1.489905
v -2.290938 -0.914535 -1.488336
v -2.445601 0.751176 5.349962
v 3.800809 0.751176 5.349962
v -2.173766 1.003093 5.349962
v 3.620494 1.003093 5.349962
v -2.173766 1.003093 4.987899
v 3.620494 1.003093 4.987899
v -2.445601 0.751176 4.987899
v 3.800809 0.751176 4.987899
v 1.299713 0.321531 -7.362803
v 1.033489 0.317898 -7.367106
v 1.299006 0.399445 -7.384906
v 1.032783 0.395812 -7.389210
v 1.257532 0.986333 -5.314807
v 0.991307 0.982701 -5.319112
v 1.258235 0.908418 -5.292703
v 0.992013 0.904786 -5.297009
v 4.427802 -0.000605 -2.372947
v 4.292302 -0.006002 -2.372961
v 4.354094 0.797243 -1.781480
v 4.216346 0.848122 -1.739777
v 4.355048 0.772865 -1.630793
v 4.217682 0.814187 -1.596179
v 4.431001 -0.081259 -2.263978
v 4.295504 -0.086656 -2.263993
v 3.703142 0.873451 -2.847376
v 4.022851 0.869151 -2.821097
v 3.716741 0.874211 -3.012666
v 4.036448 0.869911 -2.986386
v 3.693563 -0.910730 -3.022771
v 4.013269 -0.915030 -2.996490
v 3.679966 -0.911489 -2.857483
v 3.999673 -0.915789 -2.831204
v -0.387751 0.204536 7.295162
v -0.109949 0.205223 7.299862
v -0.388304 0.280088 7.316761
v -0.110499 0.280773 7.321461
v -0.351296 0.932973 5.033826
v -0.073495 0.933658 5.038528
v -0.350745 0.857426 5.012231
v -0.072940 0.858110 5.016929
v 3.665136 0.879147 3.800741
v 3.986375 0.886240 3.788890
v 3.659024 0.879761 3.635446
v 3.980263 0.886857 3.623594
v 3.698317 -0.912296 3.627311
v 4.019556 -0.905199 3.615461
v 3.704429 -0.912913 3.792610
v 4.025668 -0.905815 3.780758
v 0.649829 0.345096 -7.465923
v 0.389891 0.343020 -7.459197
v 0.648786 0.415841 -7.484432
v 0.388849 0.413764 -7.477707
v 0.701958 1.001599 -5.248772
v 0.442019 0.999523 -5.242047
v 0.703002 0.930855 -5.230262
v 0.443061 0.928779 -5.223535
v -0.788894 0.845886 5.048391
v -0.818467 0.853629 5.367790
v -0.624886 0.846809 5.063553
v -0.654461 0.854554 5.382953
v -0.618882 -0.937709 5.107383
v -0.648455 -0.929964 5.426781
v -0.782891 -0.938634 5.092219
v -0.812466 -0.930888 5.411617
v -0.044226 0.247098 7.198037
v 0.211706 0.247458 7.197644
v -0.044295 0.312822 7.215529
v 0.211641 0.313184 7.215135
v -0.048311 0.870347 5.120710
v 0.207621 0.870706 5.120313
v -0.048245 0.804620 5.103218
v 0.207689 0.804981 5.102823
v -2.524183 -0.758804 5.250979
v -2.345560 -0.758804 5.250979
v -2.524183 0.939176 5.250979
v -2.345560 0.939176 5.250979
v -2.524183 0.939176 -5.415205
v -2.345560 0.939176 -5.415205
v -2.524183 -0.758804 -5.415205
v -2.345560 -0.758804 -5.415205
v -2.631397 0.854777 -0.086455
v -2.307859 0.852670 -0.068161
v -2.622013 0.856968 -0.252164
v -2.298476 0.854861 -0.233869
v -2.632340 -0.939763 -0.276500
v -2.308801 -0.941867 -0.258206
v -2.641724 -0.941954 -0.110790
v -2.318185 -0.944060 -0.092497
v 0.881324 0.842914 5.120840
v 0.887026 0.834785 5.441812
v 1.046988 0.845363 5.117959
v 1.052689 0.837233 5.438930
v 1.051759 0.512553 5.109445
v 0.886098 0.510104 5.112324
v 0.890846 0.503334 5.379640
v 1.056508 0.505784 5.376759
v -2.626192 0.867222 1.269240
v -2.305954 0.873239 1.251101
v -2.635619 0.869873 1.103690
v -2.315381 0.875893 1.085551
v -2.603811 -0.914005 1.073281
v -2.283570 -0.907982 1.055140
v -2.594384 -0.916658 1.238829
v -2.274143 -0.910638 1.220692
v 0.268093 0.241533 7.277579
v 0.528030 0.239457 7.270853
v 0.269138 0.312278 7.296089
v 0.529075 0.310201 7.289363
v 0.215967 0.898035 5.060427
v 0.475904 0.895960 5.053700
v 0.214922 0.827295 5.041917
v 0.474860 0.825217 5.035190
v 0.266579 -1.265912 6.141939
v 1.088630 -1.265912 6.141939
v 0.266579 -1.219500 6.141939
v 1.088630 -1.219500 6.141939
v 0.266579 -1.219500 5.883070
v 1.088630 -1.219500 5.883070
v 0.266579 -1.265912 5.883070
v 1.088630 -1.265912 5.883070
v -1.949696 0.848945 5.119645
v -1.960116 0.849320 5.394096
v -1.783905 0.849685 5.125938
v -1.794325 0.850058 5.400388
v -1.776051 -0.939664 5.128685
v -1.786471 -0.939289 5.403135
v -1.941843 -0.940402 5.122391
v -1.952262 -0.940026 5.396843
v -1.128597 1.313171 1.399136
v -1.080633 1.325418 1.399224
v -1.134581 1.336612 1.399080
v -1.086621 1.348857 1.399168
v -1.133562 1.335797 0.960893
v -1.085601 1.348043 0.960983
v -1.127577 1.312358 0.960953
v -1.079615 1.324603 0.961039
v 3.671525 0.860211 -1.255417
v 3.995054 0.856756 -1.232577
v 3.683256 0.862985 -1.421163
v 4.006784 0.859529 -1.398322
v 3.666191 -0.942431 -1.452582
v 3.989722 -0.945887 -1.429742
v 3.654461 -0.945205 -1.286838
v 3.977991 -0.948658 -1.263997
v -0.297412 0.383671 6.861094
v 1.652622 0.383671 6.861094
v -0.297412 0.441707 6.876644
v 1.652622 0.441707 6.876644
v -0.297412 0.468523 6.776560
v 1.652622 0.468523 6.776560
v -0.297412 0.410489 6.761010
v 1.652622 0.410489 6.761010
v -2.432304 0.859177 -5.579849
v -2.413403 0.862261 -5.260275
v -2.266738 0.858818 -5.589639
v -2.247836 0.861902 -5.270064
v -2.269586 -0.934022 -5.572172
v -2.250685 -0.930939 -5.252598
v -2.435153 -0.933664 -5.562384
v -2.416251 -0.930580 -5.242809
v 3.800809 0.801697 -5.409872
v -2.445601 0.801697 -5.409872
v 3.297271 1.053614 -5.409872
v -2.076904 1.053614 -5.409872
v 3.297271 1.053614 -5.047812
v -2.076904 1.053614 -5.047812
v 3.800809 0.801697 -5.047812
v -2.445601 0.801697 -5.047812
v -0.375309 -2.684146 3.891522
v -0.375309 -2.684146 3.637887
v -0.375309 -0.850874 3.891522
v -0.375309 -0.850874 3.637887
v -0.814318 -0.850874 3.891522
v -0.814318 -0.850874 3.637887
v -0.814318 -2.684146 3.891522
v -0.814318 -2.684146 3.637887
v 1.730520 -2.684146 3.891522
v 1.730520 -2.684146 3.637887
v 1.730520 -0.850874 3.891522
v 1.730520 -0.850874 3.637887
v 2.169528 -0.850874 3.891522
v 2.169528 -0.850874 3.637887
v 2.169528 -2.684146 3.891522
v 2.169528 -2.684146 3.637887
v -0.375309 -2.684146 1.300335
v -0.375309 -2.684146 1.046699
v -0.375309 -0.850874 1.300335
v -0.375309 -0.850874 1.046699
v -0.814318 -0.850874 1.300335
v -0.814318 -0.850874 1.046699
v -0.814318 -2.684146 1.300335
v -0.814318 -2.684146 1.046699
v 1.730520 -2.684146 1.300335
v 1.730520 -2.684146 1.046699
v 1.730520 -0.850874 1.300335
v 1.730520 -0.850874 1.046699
v 2.169528 -0.850874 1.300335
v 2.169528 -0.850874 1.046699
v 2.169528 -2.684146 1.300335
v 2.169528 -2.684146 1.046699
v -0.375309 -2.864708 -5.215909
v -0.375309 -2.864708 -5.469545
v -0.375309 -1.031438 -5.215909
v -0.375309 -1.031438 -5.469545
v -0.814318 -1.031438 -5.215909
v -0.814318 -1.031438 -5.469545
v -0.814318 -2.864708 -5.215909
v -0.814318 -2.864708 -5.469545
v 1.730520 -2.864708 -5.215909
v 1.730520 -2.864708 -5.469545
v 1.730520 -1.031438 -5.215909
v 1.730520 -1.031438 -5.469545
v 2.169528 -1.031438 -5.215909
v 2.169528 -1.031438 -5.469545
v 2.169528 -2.864708 -5.215909
v 2.169528 -2.864708 -5.469545
v -2.549897 -2.864708 -5.042878
v -2.296260 -2.864708 -5.042878
v -2.549897 -1.031438 -5.042878
v -2.296260 -1.031438 -5.042878
v -2.549897 -1.031438 -5.481884
v -2.296260 -1.031438 -5.481884
v -2.549897 -2.864708 -5.481884
v -2.296260 -2.864708 -5.481884
v 3.905108 -2.864708 -5.042878
v 3.651470 -2.864708 -5.042878
v 3.905108 -1.031438 -5.042878
v 3.651470 -1.031438 -5.042878
v 3.905108 -1.031438 -5.481884
v 3.651470 -1.031438 -5.481884
v 3.905108 -2.864708 -5.481884
v 3.651470 -2.864708 -5.481884
v -2.549897 -2.864708 -2.589715
v -2.296260 -2.864708 -2.589715
v -2.549897 -1.031438 -2.589715
v -2.296260 -1.031438 -2.589715
v -2.549897 -1.031438 -3.028722
v -2.296260 -1.031438 -3.028722
v -2.549897 -2.864708 -3.028722
v -2.296260 -2.864708 -3.028722
v 3.905108 -2.864708 -2.589715
v 3.651470 -2.864708 -2.589715
v 3.905108 -1.031438 -2.589715
v 3.651470 -1.031438 -2.589715
v 3.905108 -1.031438 -3.028722
v 3.651470 -1.031438 -3.028722
v 3.905108 -2.864708 -3.028722
v 3.651470 -2.864708 -3.028722
v -2.549897 -2.864708 2.841365
v -2.296260 -2.864708 2.841365
v -2.549897 -1.031438 2.841365
v -2.296260 -1.031438 2.841365
v -2.549897 -1.031438 2.402359
v -2.296260 -1.031438 2.402359
v -2.549897 -2.864708 2.402359
v -2.296260 -2.864708 2.402359
v 3.905108 -2.864708 2.841365
v 3.651470 -2.864708 2.841365
v 3.905108 -1.031438 2.841365
v 3.651470 -1.031438 2.841365
v 3.905108 -1.031438 2.402359
v 3.651470 -1.031438 2.402359
v 3.905108 -2.864708 2.402359
v 3.651470 -2.864708 2.402359
v -0.375309 -2.684146 -1.239349
v -0.375309 -2.684146 -1.492986
v -0.375309 -0.850874 -1.239349
v -0.375309 -0.850874 -1.492986
v -0.814318 -0.850874 -1.239349
v -0.814318 -0.850874 -1.492986
v -0.814318 -2.684146 -1.239349
v -0.814318 -2.684146 -1.492986
v 1.730520 -2.684146 -1.239349
v 1.730520 -2.684146 -1.492986
v 1.730520 -0.850874 -1.239349
v 1.730520 -0.850874 -1.492986
v 2.169528 -0.850874 -1.239349
v 2.169528 -0.850874 -1.492986
v 2.169528 -2.684146 -1.239349
v 2.169528 -2.684146 -1.492986
v -0.375309 -2.684146 -3.713004
v -0.375309 -2.684146 -3.966639
v -0.375309 -0.850874 -3.713004
v -0.375309 -0.850874 -3.966639
v -0.814318 -0.850874 -3.713004
v -0.814318 -0.850874 -3.966639
v -0.814318 -2.684146 -3.713004
v -0.814318 -2.684146 -3.966639
v 1.730520 -2.684146 -3.713004
v 1.730520 -2.684146 -3.966639
v 1.730520 -0.850874 -3.713004
v 1.730520 -0.850874 -3.966639
v 2.169528 -0.850874 -3.713004
v 2.169528 -0.850874 -3.966639
v 2.169528 -2.684146 -3.713004
v 2.169528 -2.684146 -3.966639
v -0.375309 -2.864708 5.307761
v -0.375309 -2.864708 5.054126
v -0.375309 -1.031438 5.307761
v -0.375309 -1.031438 5.054126
v -0.814318 -1.031438 5.307761
v -0.814318 -1.031438 5.054126
v -0.814318 -2.864708 5.307761
v -0.814318 -2.864708 5.054126
v 1.730520 -2.864708 5.307761
v 1.730520 -2.864708 5.054126
v 1.730520 -1.031438 5.307761
v 1.730520 -1.031438 5.054126
v 2.169528 -1.031438 5.307761
v 2.169528 -1.031438 5.054126
v 2.169528 -2.864708 5.307761
v 2.169528 -2.864708 5.054126
v -2.549897 -2.864708 5.269483
v -2.296260 -2.864708 5.269483
v -2.549897 -1.031438 5.269483
v -2.296260 -1.031438 5.269483
v -2.549897 -1.031438 4.830474
v -2.296260 -1.031438 4.830474
v -2.549897 -2.864708 4.830474
v -2.296260 -2.864708 4.830474
v 3.905108 -2.864708 5.269483
v 3.651470 -2.864708 5.269483
v 3.905108 -1.031438 5.269483
v 3.651470 -1.031438 5.269483
v 3.905108 -1.031438 4.830474
v 3.651470 -1.031438 4.830474
v 3.905108 -2.864708 4.830474
v 3.651470 -2.864708 4.830474
v -2.549897 -2.864708 0.137390
v -2.296260 -2.864708 0.137390
v -2.549897 -1.031438 0.137390
v -2.296260 -1.031438 0.137390
v -2.549897 -1.031438 -0.301618
v -2.296260 -1.031438 -0.301618
v -2.549897 -2.864708 -0.301618
v -2.296260 -2.864708 -0.301618
v 3.905108 -2.864708 0.137390
v 3.651470 -2.864708 0.137390
v 3.905108 -1.031438 0.137390
v 3.651470 -1.031438 0.137390
v 3.905108 -1.031438 -0.301618
v 3.651470 -1.031438 -0.301618
v 3.905108 -2.864708 -0.301618
v 3.651470 -2.864708 -0.301618
v -0.598507 0.786272 -5.251163
v -0.598507 0.786272 5.013310
v -0.598507 0.965627 -5.530391
v -0.598507 0.965627 5.237410
v -0.462717 0.965627 -5.530391
v -0.462717 0.965627 5.237410
v -0.462717 0.786272 -5.305071
v -0.462717 0.786272 5.013310
v 1.792975 0.786272 -5.251163
v 1.792975 0.786272 5.013310
v 1.792975 0.965627 -5.530391
v 1.792975 0.965627 5.237410
v 1.657186 0.965627 -5.530391
v 1.657186 0.965627 5.237410
v 1.657186 0.786272 -5.305071
v 1.657186 0.786272 5.013310
v 3.695224 0.868541 -1.926870
v 4.018198 0.860640 -1.918777
v 3.699413 0.868601 -2.093974
v 4.022385 0.860702 -2.085882
v 3.655348 -0.934919 -2.095753
v 3.978323 -0.942818 -2.087661
v 3.651162 -0.934981 -1.928652
v 3.974134 -0.942881 -1.920558
v -2.636937 0.861470 -3.071217
v -2.317595 0.870542 -3.098045
v -2.650767 0.859523 -3.236516
v -2.331424 0.868595 -3.263341
v -2.598752 -0.922195 -3.219877
v -2.279407 -0.913122 -3.246701
v -2.584922 -0.920247 -3.054580
v -2.265577 -0.911174 -3.081406
v -2.652642 0.866556 2.656531
v -2.331689 0.877551 2.674316
v -2.643625 0.869352 2.492050
v -2.322670 0.880348 2.509833
v -2.580811 -0.920556 2.465060
v -2.259857 -0.909559 2.482844
v -2.589831 -0.923351 2.629541
v -2.268874 -0.912356 2.647326
v 0.581420 0.236963 7.198274
v 0.834172 0.237891 7.196064
v 0.581328 0.306580 7.217228
v 0.834084 0.307508 7.215019
v 0.560857 0.878730 5.115669
v 0.813609 0.879660 5.113461
v 0.560945 0.809113 5.096715
v 0.813701 0.810044 5.094506
v 3.658949 0.875116 -4.218721
v 3.982032 0.882417 -4.217329
v 3.659635 0.876595 -4.385365
v 3.982717 0.883897 -4.383971
v 3.700459 -0.926042 -4.401174
v 4.023539 -0.918737 -4.399781
v 3.699775 -0.927518 -4.234532
v 4.022854 -0.920214 -4.233138
v 2.558443 -2.420037 -7.001843
v 2.479071 -2.420037 -7.001668
v 2.558389 0.493022 -7.025866
v 2.479018 0.493022 -7.025692
v 2.558565 0.493676 -6.946496
v 2.479193 0.493676 -6.946323
v 2.558616 -2.419384 -6.922472
v 2.479244 -2.419384 -6.922298
v 2.833698 0.303245 -7.467784
v 2.555894 0.303931 -7.472484
v 2.834250 0.378795 -7.489383
v 2.556447 0.379484 -7.494082
v 2.797243 1.031683 -5.206450
v 2.519438 1.032369 -5.211149
v 2.796691 0.956132 -5.184850
v 2.518887 0.956819 -5.189552
v -1.012571 0.856447 -5.542042
v -1.009001 0.856346 -5.222545
v -0.847196 0.854509 -5.543890
v -0.843625 0.854407 -5.224394
v -0.868141 -0.932533 -5.544216
v -0.864571 -0.932632 -5.224716
v -1.033517 -0.930595 -5.542366
v -1.029946 -0.930695 -5.222871
v 3.675003 0.867222 1.269240
v 3.995241 0.873239 1.251101
v 3.665576 0.869873 1.103690
v 3.985816 0.875893 1.085551
v 3.697385 -0.914005 1.073281
v 4.017626 -0.907982 1.055140
v 3.706811 -0.916658 1.238829
v 4.027052 -0.910638 1.220692
v 3.757559 -0.749469 5.188074
v -2.402349 -0.749469 5.188074
v -0.862371 -0.749469 5.188074
v 2.217581 -0.749469 5.188074
v 3.757559 0.894695 5.188074
v 2.217581 1.287981 5.188074
v 0.677606 2.057287 5.188074
v -0.862371 1.287981 5.188074
v -2.402349 0.894695 5.188074
v 3.757559 0.410720 5.188074
v 2.217581 0.410721 5.188074
v 0.677606 0.410726 5.188074
v -0.862371 0.410721 5.188074
v -2.402349 0.410720 5.188074
v 0.981182 -0.749469 5.188074
v 0.981182 0.410725 5.188074
v 0.981182 1.905632 5.188074
v 0.385609 -0.749469 5.188074
v 0.385609 0.410725 5.188074
v 0.385609 1.911419 5.188074
v -0.112495 -2.416536 6.830063
v -0.033122 -2.416536 6.829889
v -0.112444 0.292099 6.852401
v -0.033072 0.292099 6.852229
v -0.112620 0.292754 6.773034
v -0.033247 0.292754 6.772858
v -0.112670 -2.415880 6.750693
v -0.033298 -2.415880 6.750520
v 2.173695 0.837782 5.096044
v 2.187280 0.841736 5.416482
v 2.338807 0.837486 5.089048
v 2.352394 0.841442 5.409485
v 2.336544 -0.954984 5.111265
v 2.350130 -0.951028 5.431700
v 2.171431 -0.954687 5.118262
v 2.185015 -0.950734 5.438697
v 3.661092 0.877957 3.072272
v 3.980948 0.878394 3.079929
v 3.665062 0.878693 2.906409
v 3.984920 0.879130 2.914068
v 3.667698 -0.910653 2.898518
v 3.987554 -0.910216 2.906176
v 3.663727 -0.911391 3.064380
v 3.983586 -0.910953 3.072036
v -2.651971 0.894362 -3.546484
v -2.327371 0.900893 -3.562362
v -2.660162 0.895526 -3.713445
v -2.335562 0.902056 -3.729321
v -2.624710 -0.901404 -3.727711
v -2.300111 -0.894876 -3.743589
v -2.616518 -0.902570 -3.560750
v -2.291920 -0.896039 -3.576627
v 2.890894 0.825772 5.039719
v 2.883098 0.834726 5.361954
v 3.056387 0.823615 5.043781
v 3.048594 0.832570 5.366021
v 3.031924 -0.961471 5.092798
v 3.024126 -0.952516 5.415034
v 2.866430 -0.959314 5.088733
v 2.858634 -0.950360 5.410972
v 3.680949 0.917630 -5.154915
v 4.005577 0.915822 -5.128345
v 3.694611 0.915623 -5.321943
v 4.019239 0.913813 -5.295374
v 3.682473 -0.947283 -5.300547
v 4.007101 -0.949091 -5.273976
v 3.668812 -0.945273 -5.133519
v 3.993441 -0.947085 -5.106948
v 3.703465 0.869397 4.265493
v 4.024967 0.861180 4.270292
v 3.705976 0.871303 4.100497
v 4.027477 0.863088 4.105297
v 3.660874 -0.905880 4.079269
v 3.982375 -0.914096 4.084068
v 3.658364 -0.907787 4.244267
v 3.979865 -0.916002 4.249064
v 4.400156 0.079703 2.550068
v 4.264656 0.074307 2.550052
v 4.393144 0.797243 3.477769
v 4.255395 0.848122 3.519475
v 4.394098 0.772865 3.628458
v 4.256731 0.814187 3.663073
v 4.403356 -0.000949 2.659034
v 4.267857 -0.006347 2.659022
v -3.969434 0.587781 1.393883
v -3.921471 0.600028 1.393969
v -3.975419 0.611222 1.393825
v -3.927457 0.623468 1.393914
v -3.974401 0.610407 0.955640
v -3.926439 0.622655 0.955729
v -3.968416 0.586967 0.955696
v -3.920454 0.599214 0.955786
v -2.615132 0.876470 5.168059
v -2.292777 0.872224 5.173809
v -2.612181 0.876541 5.002605
v -2.289826 0.872297 5.008355
v -2.635609 -0.903846 5.001396
v -2.313254 -0.908091 5.007144
v -2.638559 -0.903920 5.166850
v -2.316206 -0.908167 5.172597
v 3.678847 0.888237 3.574473
v 3.998126 0.891320 3.551098
v 3.666740 0.887878 3.409062
v 3.986021 0.890962 3.385685
v 3.684244 -0.904961 3.411662
v 4.003523 -0.901877 3.388288
v 3.696350 -0.904601 3.577075
v 4.015632 -0.901518 3.553701
v 3.703752 0.879221 -1.489684
v 4.025381 0.876507 -1.488114
v 3.704559 0.879236 -1.655511
v 4.026190 0.876519 -1.653940
v 3.689437 -0.911806 -1.655730
v 4.011068 -0.914522 -1.654161
v 3.688627 -0.911818 -1.489905
v 4.010258 -0.914535 -1.488336
v 3.651082 0.852443 0.589046
v 3.973905 0.861072 0.609901
v 3.661725 0.854700 0.423368
v 3.984548 0.863329 0.444225
v 3.711043 -0.939205 0.402099
v 4.033864 -0.930578 0.422955
v 3.700398 -0.941461 0.567777
v 4.023223 -0.932835 0.588630
v 4.739060 -2.006793 -2.347937
v 4.570169 -2.029551 -2.375178
v 4.372187 0.786525 -2.407111
v 4.199760 0.790689 -2.434924
v 4.344705 0.786525 -2.236732
v 4.172280 0.790689 -2.264545
v 4.711577 -2.006793 -2.177556
v 4.542687 -2.029551 -2.204800
v 1.718072 0.863263 -5.567853
v 1.724766 0.873603 -5.248667
v 1.883788 0.862086 -5.571291
v 1.890484 0.872425 -5.252105
v 1.872287 -0.927484 -5.513078
v 1.878982 -0.917143 -5.193892
v 1.706570 -0.926308 -5.509640
v 1.713264 -0.915966 -5.190454
v -1.284578 0.815604 5.066398
v -1.264809 0.824802 5.386272
v -1.119489 0.813882 5.056243
v -1.099722 0.823078 5.376117
v -1.134906 -0.970267 5.108501
v -1.115138 -0.961069 5.428373
v -1.299994 -0.968543 5.118654
v -1.280223 -0.959345 5.438528
v -2.833097 0.877940 1.395984
v -2.785137 0.890184 1.396070
v -2.839083 0.901376 1.395924
v -2.791122 0.913624 1.396015
v -2.838066 0.900563 0.957742
v -2.790102 0.912810 0.957828
v -2.832079 0.877123 0.957798
v -2.784118 0.889369 0.957887
v -1.512472 0.836726 -5.564693
v -1.534750 0.847721 -5.244020
v -1.348132 0.839523 -5.553373
v -1.370410 0.850520 -5.232697
v -1.322024 -0.950385 -5.490186
v -1.344304 -0.939390 -5.169511
v -1.486363 -0.953182 -5.501506
v -1.508643 -0.942187 -5.180833
v -2.644759 0.885597 4.669155
v -2.324150 0.887441 4.690262
v -2.633950 0.885902 4.504957
v -2.313342 0.887746 4.526068
v -2.623476 -0.905033 4.502323
v -2.302866 -0.903190 4.523432
v -2.634285 -0.905340 4.666519
v -2.313676 -0.903495 4.687629
v -2.637462 0.896629 0.116013
v -2.314053 0.900871 0.141526
v -2.624392 0.899268 -0.050120
v -2.300983 0.903508 -0.024606
v -2.598752 -0.896350 -0.076613
v -2.275340 -0.892106 -0.051098
v -2.611819 -0.898987 0.089518
v -2.288410 -0.894745 0.115032
v -4.738976 -2.183012 -4.664478
v -4.572276 -2.227680 -4.664478
v -4.002614 0.565133 -4.664478
v -3.828895 0.546662 -4.664478
v -4.002614 0.565133 -4.837057
v -3.825201 0.560444 -4.837057
v -4.738976 -2.183012 -4.837057
v -4.572276 -2.227680 -4.837057
v 1.228390 0.825716 -5.537619
v 1.205567 0.823610 -5.214369
v 1.393951 0.827907 -5.525916
v 1.371128 0.825799 -5.202663
v 1.418431 -0.968825 -5.535900
v 1.395605 -0.970931 -5.212648
v 1.252869 -0.971014 -5.547603
v 1.230046 -0.973122 -5.224350
v -2.655086 0.892756 -0.576133
v -2.336026 0.903097 -0.587298
v -2.660844 0.891580 -0.741785
v -2.341785 0.901921 -0.752951
v -2.602479 -0.897989 -0.731100
v -2.283418 -0.887648 -0.742265
v -2.596720 -0.896813 -0.565447
v -2.277659 -0.886471 -0.576612
v -1.151082 0.305910 -7.441962
v -1.424763 0.308788 -7.445961
v -1.149946 0.383910 -7.463685
v -1.423625 0.386788 -7.467683
v -1.176162 1.009237 -5.219715
v -1.449844 1.012112 -5.223716
v -1.177300 0.931237 -5.197994
v -1.450980 0.934113 -5.201993
v 3.656436 0.885597 4.669155
v 3.977047 0.887441 4.690262
v 3.667244 0.885902 4.504957
v 3.987856 0.887746 4.526068
v 3.677720 -0.905033 4.502323
v 3.998329 -0.903190 4.523432
v 3.666909 -0.905340 4.666519
v 3.987521 -0.903495 4.687629
v 3.764710 -0.758804 5.250979
v 3.923032 -0.758804 5.250979
v 3.764710 0.939176 5.250979
v 3.923032 0.939176 5.250979
v 3.764710 0.939176 -5.415205
v 3.923032 0.939176 -5.415205
v 3.764710 -0.758804 -5.415205
v 3.923032 -0.758804 -5.415205
v -2.264932 1.023015 1.397035
v -2.216970 1.035263 1.397121
v -2.270917 1.046454 1.396975
v -2.222955 1.058702 1.397067
v -2.269898 1.045641 0.958792
v -2.221937 1.057888 0.958880
v -2.263914 1.022200 0.958851
v -2.215952 1.034447 0.958938
v 3.649224 0.894362 -3.546484
v 3.973823 0.900893 -3.562362
v 3.641032 0.895526 -3.713445
v 3.965635 0.902056 -3.729321
v 3.676486 -0.901404 -3.727711
v 4.001086 -0.894876 -3.743589
v 3.684676 -0.902570 -3.560750
v 4.009276 -0.896039 -3.576627
v 1.470586 0.844355 5.080377
v 1.443173 0.848403 5.403157
v 1.637604 0.845694 5.094547
v 1.610192 0.849742 5.417326
v 1.650106 -0.964473 5.118312
v 1.622694 -0.960424 5.441093
v 1.483086 -0.965809 5.104145
v 1.455673 -0.961764 5.426925
v 3.068269 0.839477 -5.486416
v 3.055654 0.831579 -5.163587
v 3.235300 0.839540 -5.479887
v 3.222682 0.831643 -5.157057
v 3.237697 -0.963980 -5.523922
v 3.225081 -0.971877 -5.201094
v 3.070666 -0.964043 -5.530451
v 3.058051 -0.971940 -5.207623
v 3.693627 0.874433 2.891513
v 4.017300 0.867581 2.871803
v 3.683452 0.874168 2.724522
v 4.007126 0.867317 2.704814
v 3.645569 -0.930013 2.729698
v 3.969241 -0.936866 2.709989
v 3.655741 -0.929747 2.896689
v 3.979416 -0.936599 2.876979
v 3.695196 0.882000 -2.165000
v 4.016258 0.879226 -2.178160
v 3.688464 0.884337 -2.329728
v 4.009526 0.881566 -2.342889
v 3.671988 -0.905028 -2.354465
v 3.993050 -0.907803 -2.367625
v 3.678719 -0.907368 -2.189737
v 3.999781 -0.910142 -2.202898
v -1.980848 1.095554 1.397561
v -1.932887 1.107802 1.397650
v -1.986833 1.118992 1.397502
v -1.938870 1.131242 1.397592
v -1.985815 1.118180 0.959319
v -1.937853 1.130426 0.959407
v -1.979829 1.094738 0.959375
v -1.931869 1.106986 0.959465
v -1.949696 0.848945 -5.507119
v -1.960116 0.849320 -5.232667
v -1.783905 0.849685 -5.500826
v -1.794325 0.850058 -5.226375
v -1.776051 -0.939664 -5.498078
v -1.786471 -0.939289 -5.223627
v -1.941843 -0.940402 -5.504370
v -1.952262 -0.940026 -5.229921
v 2.996455 1.157788 4.094827
v 2.944406 1.157788 4.042779
v 2.873302 1.157788 4.023728
v 2.802200 1.158143 4.042779
v 2.750149 1.170214 4.094827
v 2.731096 1.180947 4.165932
v 2.750149 1.170214 4.237035
v 2.802200 1.158143 4.289087
v 2.873302 1.157788 4.308135
v 2.944406 1.157788 4.289087
v 2.996455 1.157788 4.237035
v 3.015508 1.157788 4.165932
v 2.996455 2.755235 4.094827
v 2.944406 2.755235 4.042779
v 2.873302 2.755235 4.023728
v 2.802200 2.755235 4.042779
v 2.750149 2.755235 4.094827
v 2.731096 2.755235 4.165932
v 2.750149 2.755235 4.237035
v 2.802200 2.755235 4.289087
v 2.873302 2.755235 4.308135
v 2.944406 2.755235 4.289087
v 2.996455 2.755235 4.237035
v 3.015508 2.755235 4.165932
v 3.015508 2.807149 4.165932
v 2.996455 2.807149 4.094827
v 2.944406 2.807149 4.042779
v 2.873302 2.807149 4.023728
v 2.802200 2.807149 4.042779
v 2.750149 2.807149 4.094827
v 2.731096 2.807149 4.165932
v 2.750149 2.807149 4.237035
v 2.802200 2.807149 4.289087
v 2.873302 2.807149 4.308135
v 2.944406 2.807149 4.289087
v 2.996455 2.807149 4.237035
v 3.067222 2.755235 4.165932
v 3.041244 2.755235 4.068972
v 3.041244 2.807149 4.068972
v 3.067222 2.807149 4.165932
v 2.970262 2.755235 3.997991
v 2.970262 2.807149 3.997991
v 2.873302 2.755235 3.972013
v 2.873302 2.807149 3.972013
v 2.776343 2.755235 3.997991
v 2.776343 2.807149 3.997991
v 2.705363 2.755235 4.068972
v 2.705363 2.807149 4.068972
v 2.679383 2.755235 4.165932
v 2.679383 2.807149 4.165932
v 2.705363 2.755235 4.262892
v 2.705363 2.807149 4.262892
v 2.776343 2.755235 4.333872
v 2.776343 2.807149 4.333872
v 2.873302 2.755235 4.359853
v 2.873302 2.807149 4.359853
v 2.970262 2.755235 4.333872
v 2.970262 2.807149 4.333872
v 3.041244 2.755235 4.262892
v 3.041244 2.807149 4.262892
v 3.015508 2.864648 4.165932
v 2.996455 2.864648 4.094827
v 2.944406 2.864648 4.042779
v 2.873302 2.864648 4.023728
v 2.802200 2.864648 4.042779
v 2.750149 2.864648 4.094827
v 2.731096 2.864648 4.165932
v 2.750149 2.864648 4.237035
v 2.802200 2.864648 4.289087
v 2.873302 2.864648 4.308135
v 2.944406 2.864648 4.289087
v 2.996455 2.864648 4.237035
v 2.873302 2.864648 4.094827
v 2.873302 2.864648 4.165932
v 2.873302 2.864648 4.237035
v -1.696765 1.168094 1.398085
v -1.648801 1.180340 1.398175
v -1.702748 1.191534 1.398026
v -1.654788 1.203781 1.398118
v -1.701731 1.190719 0.959842
v -1.653768 1.202967 0.959933
v -1.695747 1.167279 0.959902
v -1.647786 1.179527 0.959988
v 1.461360 0.207202 7.269340
v 1.735044 0.210077 7.273340
v 1.460226 0.285200 7.291062
v 1.733906 0.288077 7.295062
v 1.486442 0.910526 5.047094
v 1.760125 0.913403 5.051095
v 1.487579 0.832529 5.025372
v 1.761263 0.835405 5.029372
v -2.599688 0.880973 -4.670297
v -2.278275 0.876025 -4.675078
v -2.602125 0.882849 -4.836028
v -2.280711 0.877905 -4.840809
v -2.630006 -0.909122 -4.855915
v -2.308595 -0.914070 -4.860696
v -2.627569 -0.910999 -4.690182
v -2.306156 -0.915947 -4.694966
v 4.154594 0.673315 5.590463
v 4.435453 0.673315 5.590463
v 4.154594 0.805142 5.590463
v 4.435453 0.805142 5.590463
v 4.154594 0.805142 -5.805108
v 4.435453 0.805142 -5.805108
v 4.154594 0.673315 -5.805108
v 4.435453 0.673315 -5.805108
v -2.607569 0.874433 2.891513
v -2.283898 0.867581 2.871803
v -2.617743 0.874168 2.724522
v -2.294070 0.867317 2.704814
v -2.655626 -0.930013 2.729698
v -2.331954 -0.936866 2.709989
v -2.645453 -0.929747 2.896689
v -2.321780 -0.936599 2.876979
v -0.564659 0.818834 -5.552437
v -0.586240 0.823497 -5.230869
v -0.400354 0.820098 -5.541426
v -0.421934 0.824762 -5.219859
v -0.388402 -0.966151 -5.514723
v -0.409985 -0.961487 -5.193153
v -0.552707 -0.967414 -5.525730
v -0.574293 -0.962752 -5.204161
v -4.121799 0.458160 5.642655
v 4.563665 0.691412 5.642655
v -4.121799 0.458160 -5.895130
v 4.563665 0.691412 -5.895130
v 2.217581 1.290559 5.642655
v 2.217581 1.290559 -5.895130
v 0.677605 2.059865 5.642655
v 0.677605 2.059865 -5.895130
v -0.862371 1.290559 5.642655
v -0.862371 1.290559 -5.895130
v -4.143394 0.542723 5.642655
v -0.892675 1.371879 5.642655
v -0.892675 1.371879 -5.895130
v -4.143394 0.542723 -5.895130
v 2.247882 1.371879 5.642655
v 4.585260 0.775978 5.642655
v 4.585260 0.775978 -5.895130
v 2.247882 1.371879 -5.895130
v 0.677605 2.137944 5.642655
v 0.677605 2.137944 -5.895130
v 2.173695 0.837782 -5.530719
v 2.187280 0.841736 -5.210282
v 2.338807 0.837486 -5.537716
v 2.352394 0.841442 -5.217278
v 2.336544 -0.954984 -5.515497
v 2.350130 -0.951028 -5.195063
v 2.171431 -0.954687 -5.508501
v 2.185015 -0.950734 -5.188066
v -2.638397 0.877859 1.504740
v -2.314952 0.880455 1.501916
v -2.639851 0.877408 1.337883
v -2.316403 0.880004 1.335060
v -2.625397 -0.918430 1.342596
v -2.301951 -0.915834 1.339772
v -2.623945 -0.917980 1.509452
v -2.300500 -0.915384 1.506629
v 3.306379 0.852940 -5.483110
v 3.315039 0.850164 -5.161895
v 3.471184 0.855279 -5.487533
v 3.479847 0.852503 -5.166319
v 3.496152 -0.934090 -5.503661
v 3.504814 -0.936863 -5.182447
v 3.331344 -0.936429 -5.499235
v 3.340007 -0.939204 -5.178023
v 0.697283 0.800264 5.110756
v 0.702906 0.818094 5.431338
v 0.862961 0.800880 5.107816
v 0.868583 0.818706 5.428398
v 0.864515 0.468441 5.126276
v 0.698838 0.467829 5.129216
v 0.703521 0.482678 5.396205
v 0.869200 0.483290 5.393263
v -2.451408 0.859218 5.048044
v -2.432505 0.862301 5.367618
v -2.285841 0.858860 5.038254
v -2.266939 0.861943 5.357829
v -2.288689 -0.933981 5.055719
v -2.269786 -0.930898 5.375294
v -2.454255 -0.933622 5.065510
v -2.435355 -0.930539 5.385082
v 0.119105 0.829928 5.134101
v 0.124794 0.821792 5.455073
v 0.284769 0.832144 5.131219
v 0.290461 0.824010 5.452193
v 0.304794 -0.716047 5.091614
v 0.139128 -0.718264 5.094497
v 0.144817 -0.726402 5.415469
v 0.310484 -0.724184 5.412590
v -2.629671 0.860211 -1.255417
v -2.306140 0.856756 -1.232577
v -2.617940 0.862985 -1.421163
v -2.294411 0.859529 -1.398322
v -2.635005 -0.942431 -1.452582
v -2.311475 -0.945887 -1.429742
v -2.646733 -0.945205 -1.286838
v -2.323206 -0.948658 -1.263997
v 0.354508 0.345807 -7.370658
v 0.098575 0.346167 -7.370263
v 0.354574 0.411532 -7.388153
v 0.098640 0.411893 -7.387758
v 0.358593 0.969053 -5.293330
v 0.102658 0.969415 -5.292934
v 0.358526 0.903330 -5.275838
v 0.102593 0.903689 -5.275443
v -3.037008 0.763258 5.148478
v 4.290239 0.763258 5.148478
v -2.189975 1.021980 5.148478
v 3.419498 1.021980 5.148478
v -2.189975 1.021980 5.505607
v 3.419498 1.021980 5.505607
v -3.037008 0.763258 5.505607
v 4.290239 0.763258 5.505607
v -4.147980 -0.113235 -4.698010
v -4.016994 -0.148333 -4.698010
v -3.982924 0.502755 -4.060287
v -3.829335 0.552016 -3.972953
v -3.970323 0.549790 -4.203372
v -3.827122 0.560278 -4.156176
v -4.123160 -0.020615 -4.793898
v -3.992176 -0.055712 -4.793898
v -2.604730 0.861957 0.803993
v -2.285548 0.855113 0.795776
v -2.608943 0.863346 0.639171
v -2.289762 0.856502 0.630954
v -2.647625 -0.923916 0.625088
v -2.328446 -0.930758 0.616871
v -2.643414 -0.925304 0.789911
v -2.324233 -0.932148 0.781693
v 1.335135 -2.416536 6.939848
v 1.414507 -2.416536 6.939674
v 1.335183 0.292099 6.962187
v 1.414557 0.292099 6.962012
v 1.335007 0.292754 6.882816
v 1.414380 0.292754 6.882642
v 1.334959 -2.415880 6.860479
v 1.414331 -2.415880 6.860304
v 1.963958 0.830346 5.100141
v 1.967473 0.830400 5.422458
v 2.128702 0.828027 5.098344
v 2.132220 0.828082 5.420662
v 2.103552 -0.959947 5.098922
v 2.107071 -0.959893 5.421239
v 1.938809 -0.957630 5.100721
v 1.942327 -0.957575 5.423036
v -2.188624 0.838046 -5.562828
v -2.182500 0.844178 -5.240196
v -2.022286 0.835603 -5.565938
v -2.016164 0.841740 -5.243307
v -2.048109 -0.968257 -5.531151
v -2.041986 -0.962125 -5.208518
v -2.214445 -0.965817 -5.528038
v -2.208322 -0.959683 -5.205410
v -2.636059 0.879147 3.800741
v -2.314821 0.886240 3.788890
v -2.642170 0.879761 3.635446
v -2.320932 0.886857 3.623594
v -2.602879 -0.912296 3.627311
v -2.281640 -0.905199 3.615461
v -2.596767 -0.912913 3.792610
v -2.275528 -0.905815 3.780758
v 0.337657 0.832894 -5.523428
v 0.341401 0.826051 -5.204161
v 0.502524 0.834284 -5.525329
v 0.506267 0.827441 -5.206065
v 0.517147 -0.952978 -5.563814
v 0.520890 -0.959820 -5.244548
v 0.352282 -0.954368 -5.561911
v 0.356025 -0.961211 -5.242644
v -2.637738 0.866843 -1.031761
v -2.317524 0.870798 -1.049834
v -2.647045 0.866548 -1.196760
v -2.326834 0.870503 -1.214835
v -2.624800 -0.925921 -1.194809
v -2.304586 -0.921966 -1.212882
v -2.615492 -0.925627 -1.029810
v -2.295277 -0.921672 -1.047883
v 0.553220 0.823382 -5.565797
v 0.527844 0.832011 -5.243297
v 0.718731 0.825641 -5.552833
v 0.693356 0.834266 -5.230334
v 0.739307 -0.968267 -5.503223
v 0.713932 -0.959638 -5.180723
v 0.573796 -0.970524 -5.516185
v 0.548421 -0.961896 -5.193686
v 3.323342 0.853420 5.116747
v 3.332004 0.850645 5.437963
v 3.488148 0.855758 5.112323
v 3.496809 0.852985 5.433540
v 3.513114 -0.933611 5.096197
v 3.521777 -0.936385 5.417410
v 3.348308 -0.935950 5.100621
v 3.356969 -0.938725 5.421836
v -2.627770 0.875889 4.003355
v -2.304189 0.871512 4.011895
v -2.623347 0.878060 3.836802
v -2.299764 0.873681 3.845340
v -2.647086 -0.924094 3.812706
v -2.323505 -0.928472 3.821245
v -2.651510 -0.926263 3.979260
v -2.327929 -0.930640 3.987798
v 3.718158 0.885033 -2.424088
v 4.041524 0.873758 -2.395879
v 3.732540 0.883473 -2.589560
v 4.055904 0.872198 -2.561353
v 3.668513 -0.923855 -2.578078
v 3.991879 -0.935132 -2.549870
v 3.654132 -0.922295 -2.412605
v 3.977498 -0.933571 -2.384397
v -0.564659 0.818834 5.074325
v -0.586240 0.823497 5.395895
v -0.400354 0.820098 5.085333
v -0.421934 0.824762 5.406904
v -0.388402 -0.966151 5.112040
v -0.409985 -0.961487 5.433610
v -0.552707 -0.967414 5.101031
v -0.574293 -0.962752 5.422598
v 0.607438 2.070679 5.875441
v 0.747773 2.070679 5.875441
v 0.607438 2.182981 5.875441
v 0.747773 2.182981 5.875441
v 0.607438 2.182981 -6.090087
v 0.747773 2.182981 -6.090087
v 0.607438 2.070679 -6.090087
v 0.747773 2.070679 -6.090087
v -3.401267 0.732861 1.394932
v -3.353305 0.745106 1.395019
v -3.407251 0.756302 1.394876
v -3.359289 0.768549 1.394964
v -3.406233 0.755486 0.956691
v -3.358269 0.767732 0.956777
v -3.400248 0.732045 0.956747
v -3.352285 0.744292 0.956838
v 3.657305 0.874945 1.931203
v 3.977089 0.882689 1.956297
v 3.670171 0.875871 1.766997
v 3.989953 0.883613 1.792096
v 3.713908 -0.908648 1.760383
v 4.033692 -0.900903 1.785479
v 3.701046 -0.909572 1.924587
v 4.020826 -0.901827 1.949682
v -0.297412 0.763146 5.444882
v 1.652622 0.763146 5.444882
v -0.297412 0.821180 5.460431
v 1.652622 0.821180 5.460431
v -0.297412 0.847997 5.360347
v 1.652622 0.847997 5.360347
v -0.297412 0.789960 5.344798
v 1.652622 0.789960 5.344798
v 0.266579 -1.012473 5.728489
v 1.088630 -1.012473 5.728489
v 0.266579 -0.966061 5.728489
v 1.088630 -0.966061 5.728489
v 0.266579 -0.966061 5.469620
v 1.088630 -0.966061 5.469620
v 0.266579 -1.012473 5.469620
v 1.088630 -1.012473 5.469620
v -2.610693 0.885998 -2.426501
v -2.287330 0.874723 -2.398292
v -2.596317 0.884437 -2.591975
v -2.272949 0.873163 -2.563766
v -2.660336 -0.922892 -2.580491
v -2.336974 -0.934169 -2.552283
v -2.674720 -0.921330 -2.415018
v -2.351356 -0.932608 -2.386807
v -4.738976 -2.183012 3.940469
v -4.572276 -2.227680 3.940469
v -4.002614 0.565133 3.940469
v -3.828940 0.546488 3.940469
v -4.002614 0.565133 3.767889
v -3.829644 0.543870 3.767889
v -4.738976 -2.183012 3.767889
v -4.572276 -2.227680 3.767889
v 3.670493 0.859407 -0.822105
v 3.992727 0.859461 -0.830133
v 3.666387 0.857089 -0.986807
v 3.988624 0.857145 -0.994838
v 3.667319 -0.930886 -0.961670
v 3.989552 -0.930830 -0.969700
v 3.671424 -0.928567 -0.796967
v 3.993657 -0.928513 -0.804998
v 0.846695 0.232447 7.210393
v 1.092390 0.228851 7.218249
v 0.847068 0.298124 7.228790
v 1.092764 0.294528 7.236645
v 0.922894 0.886598 5.126423
v 1.168587 0.883003 5.134277
v 0.922521 0.820923 5.108024
v 1.168213 0.817329 5.115880
v 3.689573 0.861949 4.943051
v 4.012961 0.853764 4.933954
v 3.684839 0.860829 4.775744
v 4.008227 0.852642 4.766651
v 3.639764 -0.934596 4.789059
v 3.963153 -0.942782 4.779965
v 3.644499 -0.933473 4.956364
v 3.967885 -0.941660 4.947269
v -0.297412 0.294489 7.160649
v 1.652622 0.294489 7.160649
v -0.297412 0.308304 7.164353
v 1.652622 0.308304 7.164353
v -0.297412 0.843389 5.167384
v 1.652622 0.843389 5.167384
v -0.297412 0.829575 5.163680
v 1.652622 0.829575 5.163680
v 1.963958 0.830346 -5.526620
v 1.967473 0.830400 -5.204305
v 2.128702 0.828027 -5.528417
v 2.132220 0.828082 -5.206100
v 2.103552 -0.959947 -5.527838
v 2.107071 -0.959893 -5.205524
v 1.938809 -0.957630 -5.526042
v 1.942327 -0.957575 -5.203727
v 3.685512 0.865474 -4.921649
v 4.009244 0.865320 -4.922557
v 3.685046 0.867102 -5.088456
v 4.008779 0.866948 -5.089366
v 3.684142 -0.939851 -5.106087
v 4.007875 -0.940004 -5.106997
v 3.684609 -0.941479 -4.939280
v 4.008343 -0.941632 -4.940189
v -2.640104 0.877957 3.072272
v -2.320247 0.878394 3.079929
v -2.636132 0.878693 2.906409
v -2.316278 0.879130 2.914068
v -2.633497 -0.910653 2.898518
v -2.313640 -0.910216 2.906176
v -2.637468 -0.911391 3.064380
v -2.317612 -0.910953 3.072036
v -1.412680 1.240632 1.398612
v -1.364717 1.252879 1.398700
v -1.418665 1.264073 1.398553
v -1.370703 1.276318 1.398643
v -1.417648 1.263258 0.960370
v -1.369685 1.275504 0.960458
v -1.411661 1.239819 0.960425
v -1.363701 1.252066 0.960515
v -2.402349 -0.749469 -5.262627
v 3.757559 -0.749469 -5.262627
v -2.402349 -0.749469 -5.459167
v 3.757559 -0.749469 -5.459167
v 2.217581 -0.749469 -5.459167
v 2.217581 -0.749469 -5.262627
v 0.677605 -0.749469 -5.459167
v 0.677605 -0.749469 -5.262627
v -0.862371 -0.749469 -5.459167
v -0.862371 -0.749469 -5.262627
v -2.402349 0.894695 -5.262627
v -0.862371 1.287981 -5.262627
v 0.677605 2.057287 -5.262627
v 2.217581 1.287981 -5.262627
v 3.757559 0.894695 -5.262627
v -2.402349 0.894695 -5.459167
v -0.862371 1.287981 -5.459167
v 0.677605 2.057287 -5.459167
v 2.217581 1.287981 -5.459167
v 3.757559 0.894695 -5.459167
v -0.362548 0.848796 5.059856
v -0.364256 0.851392 5.383311
v -0.195687 0.848347 5.060739
v -0.197394 0.850943 5.384196
v -0.200603 -0.947491 5.075125
v -0.202309 -0.944894 5.398580
v -0.367464 -0.947042 5.074240
v -0.369169 -0.944445 5.397698
v 3.748144 0.857314 1.020671
v 4.069006 0.849177 1.010484
v 3.742943 0.859529 0.855061
v 4.063804 0.851392 0.844878
v 3.696969 -0.925252 0.832620
v 4.017829 -0.933388 0.822436
v 3.702170 -0.927466 0.998230
v 4.023031 -0.935605 0.988043
v 0.311825 0.833258 5.101424
v 0.317514 0.825119 5.422397
v 0.477489 0.835472 5.098544
v 0.483181 0.827337 5.419513
v 0.481640 0.514579 5.090335
v 0.315975 0.512362 5.093216
v 0.320714 0.505585 5.360530
v 0.486380 0.507802 5.357648
v 0.438484 2.010547 -4.901575
v 0.313522 1.947605 -5.026538
v 0.142823 1.862017 -5.072276
v -0.027880 1.770464 -5.026538
v -0.152839 1.700073 -4.901575
v -0.198580 1.667037 -4.730874
v -0.152839 1.681050 -4.560170
v -0.027880 1.734087 -4.435209
v 0.142823 1.817522 -4.389472
v 0.313522 1.913912 -4.435209
v 0.438484 1.999106 -4.560170
v 0.484224 2.012895 -4.730874
v 0.438484 2.314673 -4.901575
v 0.313522 2.314879 -5.026538
v 0.142823 2.316148 -5.072276
v -0.027880 2.314879 -5.026538
v -0.152839 2.314673 -4.901575
v -0.198580 2.314673 -4.730874
v -0.152839 2.314673 -4.560170
v -0.027880 2.314827 -4.435209
v 0.142823 2.315768 -4.389472
v 0.313522 2.314827 -4.435209
v 0.438484 2.314673 -4.560170
v 0.484224 2.314673 -4.730874
v 0.484224 2.366586 -4.730874
v 0.438484 2.366586 -4.901575
v 0.313522 2.366586 -5.026538
v 0.142823 2.366586 -5.072276
v -0.027880 2.366586 -5.026538
v -0.152839 2.366586 -4.901575
v -0.198580 2.366586 -4.730874
v -0.152839 2.366586 -4.560170
v -0.027880 2.366586 -4.435209
v 0.142823 2.366586 -4.389472
v 0.313522 2.366586 -4.435209
v 0.438484 2.366586 -4.560170
v 0.608380 2.314673 -4.730874
v 0.546008 2.314673 -4.963653
v 0.546008 2.366586 -4.963653
v 0.608380 2.366586 -4.730874
v 0.375603 2.314673 -5.134061
v 0.375603 2.366586 -5.134061
v 0.142823 2.315372 -5.196432
v 0.142823 2.366586 -5.196432
v -0.089956 2.314673 -5.134061
v -0.089956 2.366586 -5.134061
v -0.260364 2.314673 -4.963653
v -0.260364 2.366586 -4.963653
v -0.322737 2.314673 -4.730874
v -0.322737 2.366586 -4.730874
v -0.260364 2.314673 -4.498094
v -0.260364 2.366586 -4.498094
v -0.089956 2.314673 -4.327688
v -0.089956 2.366586 -4.327688
v 0.142823 2.315191 -4.265314
v 0.142823 2.366586 -4.265314
v 0.375603 2.314673 -4.327688
v 0.375603 2.366586 -4.327688
v 0.546008 2.314673 -4.498094
v 0.546008 2.366586 -4.498094
v 0.484224 2.424086 -4.730874
v 0.438484 2.424086 -4.901575
v 0.313522 2.424086 -5.026538
v 0.142823 2.424086 -5.072276
v -0.027880 2.424086 -5.026538
v -0.152839 2.424086 -4.901575
v -0.198580 2.424086 -4.730874
v -0.152839 2.424086 -4.560170
v -0.027880 2.424086 -4.435209
v 0.142823 2.424086 -4.389472
v 0.313522 2.424086 -4.435209
v 0.438484 2.424086 -4.560170
v 0.142823 2.424086 -4.901575
v 0.142823 2.424086 -4.730874
v 0.142823 2.424086 -4.560170
v -2.648649 0.848504 -2.635649
v -2.328965 0.855860 -2.618052
v -2.639491 0.845952 -2.800983
v -2.319806 0.853308 -2.783386
v -2.600056 -0.939070 -2.771235
v -2.280368 -0.931716 -2.753639
v -2.609214 -0.936518 -2.605901
v -2.289527 -0.929163 -2.588306
v 0.486295 0.845629 5.150795
v 0.530980 0.834977 5.468619
v 0.650209 0.838672 5.127514
v 0.694892 0.828023 5.445340
v 0.633866 0.485525 5.117979
v 0.469953 0.492483 5.141257
v 0.507167 0.483612 5.405948
v 0.671082 0.476655 5.382671
v 3.664258 0.861470 -3.071217
v 3.983601 0.870542 -3.098045
v 3.650427 0.859523 -3.236516
v 3.969773 0.868595 -3.263341
v 3.702446 -0.922195 -3.219877
v 4.021789 -0.913122 -3.246701
v 3.716275 -0.920247 -3.054580
v 4.035619 -0.911174 -3.081406
v 0.945908 -0.883455 5.322447
v 1.022724 -0.883455 5.322447
v 0.945908 0.459440 5.322447
v 1.022724 0.459440 5.322447
v 0.945908 0.459440 5.166340
v 1.022724 0.459440 5.166340
v 0.945908 -0.883455 5.166340
v 1.022724 -0.883455 5.166340
v 0.945908 0.376038 5.322447
v 0.945908 0.376038 5.166340
v 1.022724 0.376038 5.166340
v 1.022724 0.376038 5.322447
v 0.323192 0.376038 5.322447
v 0.323192 0.376038 5.166340
v 0.323192 0.459440 5.322447
v 0.323192 0.459440 5.166340
v 0.393616 0.376038 5.322447
v 0.393616 0.376038 5.166340
v 0.393616 0.459440 5.166340
v 0.393616 0.459440 5.322447
v 0.393616 -0.883454 5.322451
v 0.393616 -0.883455 5.166344
v 0.323192 -0.883454 5.322451
v 0.323192 -0.883455 5.166344
v 1.110814 -2.462938 -7.111626
v 1.031441 -2.462938 -7.111450
v 1.110759 0.450122 -7.135652
v 1.031388 0.450122 -7.135476
v 1.110935 0.450777 -7.056281
v 1.031564 0.450777 -7.056106
v 1.110989 -2.462284 -7.032258
v 1.031617 -2.462284 -7.032082
v -0.271670 0.320810 -7.425477
v -0.524425 0.321741 -7.423266
v -0.271579 0.390430 -7.444429
v -0.524334 0.391359 -7.442222
v -0.251108 0.962580 -5.342871
v -0.503860 0.963507 -5.340664
v -0.251197 0.892961 -5.323918
v -0.503953 0.893892 -5.321709
v -0.127244 0.838157 5.075359
v -0.113590 0.844177 5.395820
v 0.038422 0.840811 5.068251
v 0.052074 0.846831 5.388714
v 0.068385 -0.943067 5.100485
v 0.082036 -0.937046 5.420948
v -0.097284 -0.945721 5.107591
v -0.083629 -0.939700 5.428053
v -4.076112 0.419733 5.590463
v -3.795252 0.419733 5.590463
v -4.076112 0.551557 5.590463
v -3.795252 0.551557 5.590463
v -4.076112 0.551557 -5.805108
v -3.795252 0.551557 -5.805108
v -4.076112 0.419733 -5.805108
v -3.795252 0.419733 -5.805108
v 1.822741 1.543490 -5.398536
v 0.677606 1.802214 -5.398536
v 1.284586 1.802214 -5.506194
v 1.822741 1.543490 -5.506194
v 0.677606 1.543490 -5.398536
v 0.677606 1.802214 -5.398536
v 0.677606 1.802214 -5.506194
v 0.677606 1.543490 -5.506194
v -0.467531 1.543490 -5.398536
v 0.070623 1.802214 -5.506194
v -0.467531 1.543490 -5.506194
v 1.822741 1.543490 5.234310
v 0.677606 1.802214 5.234310
v 1.284586 1.802214 5.341968
v 1.822741 1.543490 5.341968
v 0.677606 1.543490 5.234310
v 0.677606 1.802214 5.234310
v 0.677606 1.802214 5.341968
v 0.677606 1.543490 5.341968
v -0.467531 1.543490 5.234310
v 0.070623 1.802214 5.341968
v -0.467531 1.543490 5.341968
v 2.579860 0.393199 -7.333271
v -1.264395 0.393199 -7.333271
v 2.579860 0.407013 -7.336972
v -1.264395 0.407013 -7.336972
v 2.579860 0.942095 -5.340005
v -1.264395 0.942095 -5.340005
v 2.579860 0.928283 -5.336304
v -1.264395 0.928283 -5.336304
v -2.586892 0.868412 -4.462438
v -2.263821 0.857556 -4.434445
v -2.572407 0.869047 -4.629382
v -2.249337 0.858190 -4.601392
v -2.632139 -0.939526 -4.641434
v -2.309068 -0.950382 -4.613444
v -2.646625 -0.940160 -4.474487
v -2.323556 -0.951017 -4.446498
v 3.696766 0.885506 2.154349
v 4.016179 0.885405 2.146306
v 3.692599 0.883565 1.989016
v 4.012015 0.883466 1.980972
v 3.692569 -0.903471 2.009963
v 4.011985 -0.903571 2.001920
v 3.696735 -0.901533 2.175298
v 4.016148 -0.901632 2.167254
v 0.119105 0.829928 -5.492661
v 0.124794 0.821792 -5.171690
v 0.284769 0.832144 -5.495544
v 0.290461 0.824010 -5.174568
v 0.307853 -0.952637 -5.541199
v 0.313545 -0.960773 -5.220224
v 0.142189 -0.954853 -5.538317
v 0.147879 -0.962990 -5.217346
v 3.663739 0.867106 3.330981
v 3.986254 0.873240 3.320339
v 3.658301 0.864664 3.164705
v 3.980814 0.870800 3.154061
v 3.693447 -0.939197 3.190035
v 4.015958 -0.933063 3.179392
v 3.698885 -0.936756 3.356312
v 4.021401 -0.930622 3.345671
v 1.057479 -2.186501 7.441974
v 1.120982 -2.186501 7.441974
v 1.057479 -1.994520 7.552813
v 1.120982 -1.994520 7.552813
v 1.057479 -0.714194 5.335222
v 1.120982 -0.714194 5.335222
v 1.057479 -0.906174 5.224383
v 1.120982 -0.906174 5.224383
v 1.718072 0.863263 5.058908
v 1.724766 0.873603 5.378094
v 1.883788 0.862086 5.055470
v 1.890484 0.872425 5.374656
v 1.872287 -0.927484 5.113682
v 1.878982 -0.917143 5.432870
v 1.706570 -0.926308 5.117120
v 1.713264 -0.915966 5.436307
v -1.746189 0.843823 5.144472
v -1.732958 0.837848 5.426906
v -1.579072 0.843559 5.136638
v -1.565843 0.837582 5.419073
v -1.583719 -0.960623 5.098688
v -1.570487 -0.966599 5.381120
v -1.750832 -0.960356 5.106521
v -1.737603 -0.966332 5.388953
v -4.140575 -0.071872 3.858688
v -4.010621 -0.110539 3.860978
v -3.982252 0.506950 4.648326
v -3.831358 0.544821 4.755031
v -3.964481 0.557583 4.494728
v -3.820465 0.570315 4.567136
v -4.108455 0.031232 3.776672
v -3.978498 -0.007437 3.778960
v -2.612308 0.858841 -3.997415
v -2.292510 0.851100 -4.013101
v -2.620403 0.857735 -4.161852
v -2.300603 0.849994 -4.177539
v -2.663013 -0.931432 -4.147726
v -2.343211 -0.939173 -4.163414
v -2.654920 -0.930328 -3.983288
v -2.335120 -0.938068 -3.998975
v -4.223621 -0.392648 -4.713973
v -4.092636 -0.427746 -4.713973
v -3.964193 0.575555 -5.292682
v -3.833207 0.540457 -5.292682
v -3.981742 0.510062 -5.410123
v -3.832898 0.541600 -5.449953
v -4.241171 -0.458141 -4.831411
v -4.110184 -0.493239 -4.831411
v 3.808010 0.819540 -5.491132
v 3.785940 0.826895 -5.171723
v 3.973201 0.816986 -5.479657
v 3.951129 0.824344 -5.160248
v 3.942906 -0.968038 -5.440641
v 3.920833 -0.960681 -5.121232
v 3.777717 -0.965485 -5.452115
v 3.755643 -0.958127 -5.132706
v -2.620584 0.869981 4.265154
v -2.299084 0.861765 4.269950
v -2.618073 0.871887 4.100156
v -2.296574 0.863672 4.104956
v -2.663171 -0.905295 4.078928
v -2.341672 -0.913512 4.083726
v -2.665684 -0.907202 4.243926
v -2.344185 -0.915419 4.248722
v -4.075687 0.513801 1.375454
v -4.075685 0.513923 1.424955
v -4.095127 0.589936 1.375268
v -4.095125 0.590060 1.424768
v -0.993818 1.381818 1.373096
v -0.993816 1.381940 1.422598
v -0.974378 1.305681 1.373284
v -0.974375 1.305804 1.422785
v 3.677902 0.872618 0.326530
v 4.002560 0.870366 0.344821
v 3.687310 0.874624 0.159761
v 4.011969 0.872373 0.178050
v 3.676012 -0.936684 0.137316
v 4.000672 -0.938936 0.155606
v 3.666603 -0.938694 0.304086
v 3.991262 -0.940945 0.322377
v 4.367048 0.255465 2.525602
v 4.233884 0.237581 2.543960
v 4.168624 0.835281 1.647515
v 4.018857 0.878996 1.605439
v 4.187251 0.863346 1.809958
v 4.047162 0.871145 1.803117
v 4.367615 0.350515 2.622319
v 4.234454 0.332632 2.640678
v 0.266579 -1.493419 6.559242
v 1.088630 -1.493419 6.559242
v 0.266579 -1.447005 6.559242
v 1.088630 -1.447005 6.559242
v 0.266579 -1.447005 6.300375
v 1.088630 -1.447005 6.300375
v 0.266579 -1.493419 6.300375
v 1.088630 -1.493419 6.300375
v -2.643554 0.873416 -0.328503
v -2.320422 0.877464 -0.305613
v -2.631727 0.874755 -0.495703
v -2.308595 0.878805 -0.472814
v -2.608139 -0.935410 -0.508539
v -2.285008 -0.931362 -0.485649
v -2.619966 -0.936751 -0.341336
v -2.296834 -0.932700 -0.318447
v 3.664338 0.907404 -3.302444
v 3.986555 0.907918 -3.324271
v 3.653111 0.906973 -3.468205
v 3.975327 0.907487 -3.490033
v 3.656300 -0.900846 -3.463724
v 3.978515 -0.900330 -3.485549
v 3.667528 -0.900414 -3.297961
v 3.989742 -0.899901 -3.319789
v 4.474485 -0.144212 -2.380868
v 4.341322 -0.162095 -2.362510
v 4.315717 0.695990 -3.344251
v 4.165948 0.739702 -3.386327
v 4.334344 0.724056 -3.181806
v 4.194257 0.731855 -3.188649
v 4.451712 -0.049162 -2.284152
v 4.341890 -0.067043 -2.265793
v 1.862936 0.291223 -7.534157
v 1.610182 0.292153 -7.531948
v 1.863028 0.360839 -7.553113
v 1.610272 0.361771 -7.550904
v 1.884381 0.957596 -5.361172
v 1.631626 0.958526 -5.358964
v 1.884289 0.887979 -5.342220
v 1.631535 0.888909 -5.340011
v -1.012571 0.856447 5.084719
v -1.009001 0.856346 5.404218
v -0.847196 0.854509 5.082871
v -0.843625 0.854407 5.402368
v -0.868141 -0.932533 5.082548
v -0.864571 -0.932632 5.402045
v -1.033517 -0.930595 5.084397
v -1.029946 -0.930695 5.403891
v 2.490174 0.345807 -7.370658
v 2.234239 0.346167 -7.370263
v 2.490239 0.411532 -7.388153
v 2.234306 0.411893 -7.387758
v 2.494258 0.969053 -5.293330
v 2.238323 0.969415 -5.292934
v 2.494192 0.903330 -5.275838
v 2.238259 0.903689 -5.275443
v -2.642245 0.875116 -4.218721
v -2.319166 0.882417 -4.217329
v -2.641559 0.876595 -4.385365
v -2.318480 0.883897 -4.383971
v -2.600736 -0.926042 -4.401174
v -2.277655 -0.918737 -4.399781
v -2.601420 -0.927518 -4.234532
v -2.278341 -0.920214 -4.233138
v -4.123888 -0.393527 -0.003447
v -3.989466 -0.411408 -0.003447
v -4.004830 0.501394 0.899359
v -3.862214 0.545107 0.961496
v -4.001097 0.529458 0.735894
v -3.863258 0.537258 0.761802
v -4.111242 -0.298476 -0.099337
v -3.976820 -0.316359 -0.099337
v -2.611622 0.861949 4.943051
v -2.288236 0.853764 4.933954
v -2.616357 0.860829 4.775744
v -2.292970 0.852642 4.766651
v -2.661431 -0.934596 4.789059
v -2.338044 -0.942782 4.779965
v -2.656698 -0.933473 4.956364
v -2.333310 -0.941660 4.947269
v -1.284578 0.815604 -5.560364
v -1.264809 0.824802 -5.240492
v -1.119489 0.813882 -5.570517
v -1.099722 0.823078 -5.250645
v -1.134906 -0.970267 -5.518263
v -1.115138 -0.961069 -5.198389
v -1.299994 -0.968543 -5.508109
v -1.280223 -0.959345 -5.188234
v -2.636856 0.907404 -3.302444
v -2.314643 0.907918 -3.324271
v -2.648084 0.906973 -3.468205
v -2.325871 0.907487 -3.490033
v -2.644896 -0.900846 -3.463724
v -2.322680 -0.900330 -3.485549
v -2.633668 -0.900414 -3.297961
v -2.311452 -0.899901 -3.319789
v -2.620245 0.917630 -5.154915
v -2.295618 0.915822 -5.128345
v -2.606585 0.915623 -5.321943
v -2.281958 0.913813 -5.295374
v -2.618722 -0.947283 -5.300547
v -2.294096 -0.949091 -5.273976
v -2.632383 -0.945273 -5.133519
v -2.307756 -0.947085 -5.106948
v -2.642975 0.843976 2.428410
v -2.323410 0.853172 2.404163
v -2.655440 0.842251 2.263481
v -2.335875 0.851448 2.239233
v -2.602976 -0.941898 2.278163
v -2.283409 -0.932700 2.253916
v -2.590511 -0.940174 2.443093
v -2.270943 -0.930976 2.418844
v 3.682254 0.844667 2.426587
v 4.001820 0.853864 2.402339
v 3.669790 0.842942 2.261656
v 3.989356 0.852141 2.237408
v 3.722255 -0.941205 2.276339
v 4.041822 -0.932007 2.252092
v 3.734719 -0.939481 2.441269
v 4.054285 -0.930284 2.417020
v 3.673424 0.875889 4.003355
v 3.997009 0.871512 4.011895
v 3.677849 0.878060 3.836802
v 4.001432 0.873681 3.845340
v 3.654109 -0.924094 3.812706
v 3.977693 -0.928472 3.821245
v 3.649685 -0.926263 3.979260
v 3.973267 -0.930640 3.987798
v 3.701509 0.880973 -4.670297
v 4.022922 0.876025 -4.675078
v 3.699071 0.882849 -4.836028
v 4.020485 0.877905 -4.840809
v 3.671188 -0.909122 -4.855915
v 3.992604 -0.914070 -4.860696
v 3.673627 -0.910999 -4.690182
v 3.995039 -0.915947 -4.694966
v -3.685350 0.660320 1.394408
v -3.637386 0.672567 1.394494
v -3.691335 0.683761 1.394351
v -3.643374 0.696007 1.394439
v -3.690315 0.682947 0.956166
v -3.642355 0.695195 0.956254
v -3.684330 0.659506 0.956223
v -3.636370 0.671753 0.956312
v -2.631234 0.858714 -3.740674
v -2.307325 0.858757 -3.740421
v -2.631104 0.860692 -3.907588
v -2.307195 0.860737 -3.907331
v -2.630846 -0.941926 -3.928962
v -2.306938 -0.941882 -3.928708
v -2.630977 -0.943906 -3.762049
v -2.307069 -0.943862 -3.761794
v 0.213099 -2.186501 7.441974
v 0.276601 -2.186501 7.441974
v 0.213099 -1.994520 7.552813
v 0.276601 -1.994520 7.552813
v 0.213099 -0.714194 5.335222
v 0.276601 -0.714194 5.335222
v 0.213099 -0.906174 5.224383
v 0.276601 -0.906174 5.224383
v -2.643889 0.874945 1.931203
v -2.324108 0.882689 1.956297
v -2.631025 0.875871 1.766997
v -2.311243 0.883613 1.792096
v -2.587287 -0.908648 1.760383
v -2.267504 -0.900903 1.785479
v -2.600151 -0.909572 1.924587
v -2.280369 -0.901827 1.949682
v 1.242117 1.836151 -1.184322
v 1.603070 1.625532 -1.184322
v 1.242117 1.836151 -1.545277
v 1.603070 1.625532 -1.545277
v 1.242117 2.496007 -1.184322
v 1.284161 2.532596 -1.226367
v 1.561026 2.532596 -1.226367
v 1.603070 2.496007 -1.184322
v 1.284161 2.532596 -1.503234
v 1.242117 2.496007 -1.545277
v 1.561026 2.532596 -1.503234
v 1.603070 2.496007 -1.545277
v 2.397217 0.831150 5.107241
v 2.369847 0.827696 5.430423
v 2.562781 0.833923 5.121295
v 2.535411 0.830467 5.444475
v 2.594435 -0.971492 5.104672
v 2.567066 -0.974947 5.427851
v 2.428871 -0.974266 5.090620
v 2.401501 -0.977721 5.413801
v -2.632926 0.855070 4.427378
v -2.312032 0.853856 4.455060
v -2.618726 0.855273 4.262766
v -2.297829 0.854059 4.290449
v -2.625267 -0.936934 4.259984
v -2.304370 -0.938148 4.287668
v -2.639468 -0.937138 4.424594
v -2.318572 -0.938351 4.452279
v 2.706760 0.733182 -6.097709
v -1.354149 0.733182 -6.097709
v 2.706760 0.791217 -6.113261
v -1.354149 0.791217 -6.113261
v 2.706760 0.818037 -6.013177
v -1.354149 0.818037 -6.013177
v 2.706760 0.760000 -5.997627
v -1.354149 0.760000 -5.997627
v 3.674835 0.856263 -1.747947
v 3.997150 0.865217 -1.744669
v 3.676578 0.854106 -1.913483
v 3.998892 0.863060 -1.910201
v 3.725931 -0.930981 -1.889706
v 4.048246 -0.922026 -1.886427
v 3.724187 -0.928824 -1.724170
v 4.046503 -0.919867 -1.720889
v 0.266579 -1.392630 6.348664
v 1.088630 -1.392630 6.348664
v 0.266579 -1.346218 6.348664
v 1.088630 -1.346218 6.348664
v 0.266579 -1.346218 6.089794
v 1.088630 -1.346218 6.089794
v 0.266579 -1.392630 6.089794
v 1.088630 -1.392630 6.089794
v 3.669798 0.854777 -0.086455
v 3.993336 0.852670 -0.068161
v 3.679179 0.856968 -0.252164
v 4.002719 0.854861 -0.233869
v 3.668855 -0.939763 -0.276500
v 3.992396 -0.941867 -0.258206
v 3.659470 -0.941954 -0.110790
v 3.983010 -0.944060 -0.092497
v 0.266579 -0.885754 5.521765
v 1.088630 -0.885754 5.521765
v 0.266579 -0.839341 5.521765
v 1.088630 -0.839341 5.521765
v 0.266579 -0.839341 5.262896
v 1.088630 -0.839341 5.262896
v 0.266579 -0.885754 5.262896
v 1.088630 -0.885754 5.262896
v 2.889994 0.826804 -5.549885
v 2.882201 0.835761 -5.227646
v 3.055489 0.824649 -5.545819
v 3.047695 0.833602 -5.223584
v 3.031024 -0.960437 -5.496806
v 3.023229 -0.951483 -5.174567
v 2.865531 -0.958281 -5.500869
v 2.857736 -0.949327 -5.178632
v -2.604431 0.885506 2.154349
v -2.285017 0.885405 2.146306
v -2.608593 0.883565 1.989016
v -2.289181 0.883466 1.980972
v -2.608625 -0.903471 2.009963
v -2.289213 -0.903571 2.001920
v -2.604462 -0.901533 2.175298
v -2.285047 -0.901632 2.167254
v 3.680096 0.847896 1.706627
v 4.001935 0.852560 1.723702
v 3.688803 0.849159 1.542182
v 4.010642 0.853825 1.559258
v 3.715339 -0.937090 1.529861
v 4.037177 -0.932427 1.546937
v 3.706634 -0.938353 1.694304
v 4.028472 -0.933690 1.711380
v 3.024462 1.130436 -5.398536
v 2.153721 1.389158 -5.398536
v 2.153721 1.389158 -5.506194
v 3.024462 1.130436 -5.506194
v 0.677606 1.130436 -5.398536
v 0.677606 1.389158 -5.398536
v 0.677606 1.389158 -5.506194
v 0.677606 1.130436 -5.506194
v -1.669254 1.130436 -5.398536
v -0.798513 1.389158 -5.398536
v -0.798513 1.389158 -5.506194
v -1.669254 1.130436 -5.506194
v 3.024462 1.130436 5.234310
v 2.153721 1.389158 5.234310
v 2.153721 1.389158 5.341968
v 3.024462 1.130436 5.341968
v 0.677606 1.130436 5.234310
v 0.677606 1.389158 5.234310
v 0.677606 1.389158 5.341968
v 0.677606 1.130436 5.341968
v -1.669254 1.130436 5.234310
v -0.798513 1.389158 5.234310
v -0.798513 1.389158 5.341968
v -1.669254 1.130436 5.341968
v 2.706760 0.482381 -7.033715
v -1.354149 0.482381 -7.033715
v 2.706760 0.540415 -7.049265
v -1.354149 0.540415 -7.049265
v 2.706760 0.567234 -6.949179
v -1.354149 0.567234 -6.949179
v 2.706760 0.509198 -6.933632
v -1.354149 0.509198 -6.933632
v 2.631597 0.850424 5.111592
v 2.625522 0.847708 5.433168
v 2.797393 0.850439 5.114724
v 2.791320 0.847721 5.436300
v 2.797827 -0.940602 5.099606
v 2.791752 -0.943320 5.421180
v 2.632030 -0.940617 5.096472
v 2.625953 -0.943333 5.418050
v -3.117182 0.805399 1.395459
v -3.069220 0.817645 1.395547
v -3.123167 0.828839 1.395401
v -3.075206 0.841087 1.395487
v -3.122149 0.828025 0.957217
v -3.074185 0.840271 0.957304
v -3.116164 0.804584 0.957274
v -3.068201 0.816831 0.957363
v -0.297412 0.577260 6.138607
v 1.652622 0.577260 6.138607
v -0.297412 0.635296 6.154159
v 1.652622 0.635296 6.154159
v -0.297412 0.662112 6.054074
v 1.652622 0.662112 6.054074
v -0.297412 0.604078 6.038525
v 1.652622 0.604078 6.038525
v -2.623295 0.872618 0.326530
v -2.298635 0.870366 0.344821
v -2.613883 0.874624 0.159761
v -2.289226 0.872373 0.178050
v -2.625182 -0.936684 0.137316
v -2.300525 -0.938936 0.155606
v -2.634592 -0.938694 0.304086
v -2.309933 -0.940945 0.322377
v -0.127244 0.838157 -5.551403
v -0.113590 0.844177 -5.230942
v 0.038422 0.840811 -5.558512
v 0.052074 0.846831 -5.238050
v 0.068385 -0.943067 -5.526278
v 0.082036 -0.937046 -5.205816
v -0.097284 -0.945721 -5.519172
v -0.083629 -0.939700 -5.198709
v 3.663457 0.866843 -1.031761
v 3.983673 0.870798 -1.049834
v 3.654149 0.866548 -1.196760
v 3.974363 0.870503 -1.214835
v 3.676394 -0.925921 -1.194809
v 3.996608 -0.921966 -1.212882
v 3.685702 -0.925627 -1.029810
v 4.005919 -0.921672 -1.047883
v -4.141808 -0.116279 3.873317
v -4.009664 -0.145496 3.864726
v -4.045080 0.542437 3.121097
v -3.905056 0.566884 3.051225
v -4.064711 0.497975 2.970351
v -3.923313 0.531798 2.889775
v -4.169321 -0.214403 3.783852
v -4.037176 -0.243620 3.775260
v -2.598053 0.873451 -2.847376
v -2.278346 0.869151 -2.821097
v -2.584457 0.874211 -3.012666
v -2.264749 0.869911 -2.986386
v -2.607634 -0.910730 -3.022771
v -2.287927 -0.915030 -2.996490
v -2.621228 -0.911489 -2.857483
v -2.301526 -0.915789 -2.831204
v 3.626129 0.865788 2.655289
v 3.947082 0.876783 2.673075
v 3.635147 0.868584 2.490805
v 3.956101 0.879581 2.508593
v 3.697961 -0.921324 2.463818
v 4.018918 -0.910328 2.481603
v 3.688942 -0.924121 2.628299
v 4.009899 -0.913125 2.646084
v 3.669961 0.858714 -3.740674
v 3.993870 0.858757 -3.740421
v 3.670092 0.860692 -3.907588
v 3.994002 0.860737 -3.907331
v 3.670347 -0.941926 -3.928962
v 3.994260 -0.941882 -3.928708
v 3.670218 -0.943906 -3.762049
v 3.994129 -0.943862 -3.761794
v -2.188624 0.838046 5.063933
v -2.182500 0.844178 5.386566
v -2.022286 0.835603 5.060825
v -2.016164 0.841740 5.383453
v -2.048109 -0.968257 5.095612
v -2.041986 -0.962125 5.418242
v -2.214445 -0.965817 5.098722
v -2.208322 -0.959683 5.421354
v 3.696466 0.861957 0.803993
v 4.015646 0.855113 0.795776
v 3.692253 0.863346 0.639171
v 4.011434 0.856502 0.630954
v 3.653569 -0.923916 0.625088
v 3.972752 -0.930758 0.616871
v 3.657781 -0.925304 0.789911
v 3.976964 -0.932148 0.781693
v -0.531275 0.291252 -7.525581
v -0.776967 0.287655 -7.533435
v -0.531647 0.356927 -7.543977
v -0.777342 0.353331 -7.551831
v -0.617753 1.025215 -5.156478
v -0.863447 1.021618 -5.164330
v -0.617380 0.959537 -5.138079
v -0.863076 0.955942 -5.145934
v 3.678362 0.849098 -2.634228
v 3.998048 0.856454 -2.616631
v 3.687521 0.846546 -2.799562
v 4.007208 0.853901 -2.781965
v 3.726956 -0.938478 -2.769816
v 4.046645 -0.931122 -2.752219
v 3.717798 -0.935924 -2.604481
v 4.037486 -0.928569 -2.586883
v 2.177854 0.340244 -7.450198
v 1.917914 0.338166 -7.443472
v 2.176810 0.410987 -7.468711
v 1.916870 0.408910 -7.461983
v 2.229980 0.996743 -5.233049
v 1.970043 0.994669 -5.226322
v 2.231024 0.926002 -5.214538
v 1.971087 0.923925 -5.207813
v -0.362548 0.848796 -5.566908
v -0.364256 0.851392 -5.243452
v -0.195687 0.848347 -5.566023
v -0.197394 0.850943 -5.242568
v -0.200603 -0.947491 -5.551638
v -0.202309 -0.944894 -5.228182
v -0.367464 -0.947042 -5.552522
v -0.369169 -0.944445 -5.229066
v -0.788894 0.845886 -5.578372
v -0.818467 0.853629 -5.258972
v -0.624886 0.846809 -5.563209
v -0.654461 0.854554 -5.243809
v -0.618882 -0.937709 -5.519380
v -0.648455 -0.929964 -5.199982
v -0.782891 -0.938634 -5.534544
v -0.812466 -0.930888 -5.215142
v 3.651677 0.865784 5.144741
v 3.715177 0.853086 5.455529
v 3.812988 0.858118 5.111470
v 3.876487 0.845421 5.422258
v 3.717096 -0.928127 5.058087
v 3.780595 -0.940825 5.368870
v 3.555789 -0.920463 5.091359
v 3.619288 -0.933158 5.402144
v 2.397217 0.831150 -5.519518
v 2.369847 0.827696 -5.196338
v 2.562781 0.833923 -5.505469
v 2.535411 0.830467 -5.182287
v 2.594435 -0.971492 -5.522091
v 2.567066 -0.974947 -5.198911
v 2.428871 -0.974266 -5.536140
v 2.401501 -0.977721 -5.212963
v 1.026030 0.867569 -5.546521
v 0.995989 0.871812 -5.223499
v 1.191962 0.870208 -5.531123
v 1.161921 0.874451 -5.208100
v 1.218093 -0.925411 -5.505110
v 1.188053 -0.921169 -5.182091
v 1.052161 -0.928049 -5.520508
v 1.022119 -0.923808 -5.197486
v 3.668268 0.855070 4.427378
v 3.989165 0.853856 4.455060
v 3.682469 0.855273 4.262766
v 4.003365 0.854059 4.290449
v 3.675927 -0.936934 4.259984
v 3.996827 -0.938148 4.287668
v 3.661728 -0.937138 4.424594
v 3.982625 -0.938351 4.452279
v 3.662798 0.877859 1.504740
v 3.986244 0.880455 1.501916
v 3.661345 0.877408 1.337883
v 3.984792 0.880004 1.335060
v 3.675798 -0.918430 1.342596
v 3.999244 -0.915834 1.339772
v 3.677249 -0.917980 1.509452
v 4.000698 -0.915384 1.506629
v 3.104270 0.839858 5.126779
v 3.091655 0.831958 5.449604
v 3.271301 0.839921 5.133309
v 3.258685 0.832021 5.456135
v 3.273697 -0.963601 5.089272
v 3.261079 -0.971499 5.412099
v 3.106668 -0.963664 5.082743
v 3.094052 -0.971562 5.405572
v 0.422776 -2.420037 -7.001843
v 0.343402 -2.420037 -7.001668
v 0.422724 0.493022 -7.025866
v 0.343351 0.493022 -7.025692
v 0.422900 0.493676 -6.946496
v 0.343527 0.493676 -6.946323
v 0.422953 -2.419384 -6.922472
v 0.343581 -2.419384 -6.922298
v -1.024852 -2.455911 -7.111626
v -1.104225 -2.455911 -7.111450
v -1.024905 0.457151 -7.135652
v -1.104279 0.457151 -7.135476
v -1.024729 0.457805 -7.056281
v -1.104102 0.457805 -7.056106
v -1.024676 -2.455255 -7.032258
v -1.104050 -2.455255 -7.032082
v 3.720058 0.858086 -3.998944
v 4.039860 0.850346 -4.014631
v 3.711965 0.856981 -4.163382
v 4.031766 0.849242 -4.179068
v 3.669356 -0.932188 -4.149254
v 3.989158 -0.939928 -4.164943
v 3.677449 -0.931080 -3.984817
v 3.997251 -0.938820 -4.000502
v 1.597490 0.344797 -7.334281
v 1.351797 0.341201 -7.342136
v 1.597117 0.410474 -7.352679
v 1.351424 0.406879 -7.360532
v 1.521296 0.998949 -5.250309
v 1.275600 0.995353 -5.258164
v 1.521668 0.933272 -5.231913
v 1.275974 0.929676 -5.239765
v -2.605970 0.868541 -1.926870
v -2.282999 0.860640 -1.918777
v -2.601781 0.868601 -2.093974
v -2.278811 0.860702 -2.085882
v -2.645843 -0.934919 -2.095753
v -2.322875 -0.942818 -2.087661
v -2.650033 -0.934981 -1.928652
v -2.327062 -0.942881 -1.920558
v 0.042189 0.340244 -7.450198
v -0.217749 0.338166 -7.443472
v 0.041145 0.410987 -7.468711
v -0.218793 0.408910 -7.461983
v 0.094315 0.996743 -5.233049
v -0.165622 0.994669 -5.226322
v 0.095360 0.926002 -5.214538
v -0.164578 0.923925 -5.207813
v -2.504675 -0.831804 5.072693
v 3.859885 -0.831804 5.072693
v -2.504675 -0.831804 -5.236919
v 3.859885 -0.831804 -5.236919
v -2.574568 -1.036981 5.019119
v -2.267140 -1.036981 5.019119
v -2.574568 -0.699506 5.019119
v -2.267140 -0.699506 5.019119
v -2.574568 -0.699506 -5.158035
v -2.267140 -0.699506 -5.158035
v -2.574568 -1.036981 -5.158035
v -2.267140 -1.036981 -5.158035
v 3.960058 -1.036981 5.019119
v 3.652630 -1.036981 5.019119
v 3.960058 -0.699506 5.019119
v 3.652630 -0.699506 5.019119
v 3.960058 -0.699506 -5.158035
v 3.652630 -0.699506 -5.158035
v 3.960058 -1.036981 -5.158035
v 3.652630 -1.036981 -5.158035
v -2.574568 -1.036981 5.340696
v -2.267140 -1.036981 5.340696
v -2.267140 -0.699506 5.340696
v -2.574568 -0.699506 5.340696
v 3.960058 -1.036981 5.340697
v 3.960058 -0.699506 5.340697
v 3.652630 -0.699506 5.340697
v 3.652630 -1.036981 5.340697
v 0.692744 -1.036981 5.019119
v 0.692744 -0.699506 5.019119
v 0.692744 -0.699506 5.340697
v 0.692744 -1.036981 5.340697
v -2.574568 -0.699506 -5.488553
v -2.267140 -0.699506 -5.488553
v -2.267140 -1.036981 -5.488553
v -2.574568 -1.036981 -5.488553
v 3.960058 -0.699506 -5.488553
v 3.960058 -1.036981 -5.488553
v 3.652630 -1.036981 -5.488553
v 3.652630 -0.699506 -5.488553
v 0.692744 -0.699506 -5.158035
v 0.692744 -1.036981 -5.158035
v 0.692744 -1.036981 -5.488553
v 0.692744 -0.699506 -5.488553
v -2.621098 0.847896 1.706627
v -2.299259 0.852560 1.723702
v -2.612391 0.849159 1.542182
v -2.290553 0.853825 1.559258
v -2.585857 -0.937090 1.529861
v -2.264018 -0.932427 1.546937
v -2.594564 -0.938353 1.694304
v -2.272724 -0.933690 1.711380
v -2.549018 0.950476 1.396510
v -2.501054 0.962724 1.396598
v -2.555003 0.973914 1.396452
v -2.507038 0.986164 1.396541
v -2.553983 0.973102 0.958268
v -2.506021 0.985349 0.958355
v -2.547998 0.949661 0.958325
v -2.500035 0.961908 0.958414
v 3.714302 0.868412 -4.462438
v 4.037375 0.857556 -4.434445
v 3.728790 0.869047 -4.629382
v 4.051861 0.858190 -4.601392
v 3.669056 -0.939526 -4.641434
v 3.992128 -0.950382 -4.613444
v 3.654571 -0.940160 -4.474487
v 3.977640 -0.951017 -4.446498
v -1.512472 0.836726 5.062069
v -1.534750 0.847721 5.382742
v -1.348132 0.839523 5.073390
v -1.370410 0.850520 5.394066
v -1.322024 -0.950385 5.136576
v -1.344304 -0.939390 5.457252
v -1.486363 -0.953182 5.125255
v -1.508643 -0.942187 5.445929
v -2.630703 0.859407 -0.822105
v -2.308469 0.859461 -0.830133
v -2.634807 0.857089 -0.986807
v -2.312573 0.857145 -0.994838
v -2.633876 -0.930886 -0.961670
v -2.311642 -0.930830 -0.969700
v -2.629772 -0.928567 -0.796967
v -2.307538 -0.928513 -0.804998
v 3.686063 0.876470 5.168059
v 4.008418 0.872224 5.173809
v 3.689012 0.876541 5.002605
v 4.011371 0.872297 5.008355
v 3.665586 -0.903846 5.001396
v 3.987943 -0.908091 5.007144
v 3.662634 -0.903920 5.166850
v 3.984990 -0.908167 5.172597
v 3.657640 0.873416 -0.328503
v 3.980774 0.877464 -0.305613
v 3.669468 0.874755 -0.495703
v 3.992599 0.878805 -0.472814
v 3.693057 -0.935410 -0.508539
v 4.016189 -0.931362 -0.485649
v 3.681229 -0.936751 -0.341336
v 4.004363 -0.932700 -0.318447
v -2.619147 0.858989 1.022770
v -2.298289 0.850852 1.012585
v -2.624351 0.861205 0.857162
v -2.303489 0.853068 0.846974
v -2.670323 -0.923575 0.834720
v -2.349464 -0.931713 0.824534
v -2.665121 -0.925789 1.000328
v -2.344262 -0.933929 0.990143
v 0.815335 0.843556 -5.535300
v 0.792496 0.841304 -5.210930
v 0.981954 0.845563 -5.523557
v 0.959119 0.843311 -5.199184
v 1.004557 -0.965747 -5.534540
v 0.981717 -0.967997 -5.210168
v 0.837935 -0.967755 -5.546285
v 0.815098 -0.970007 -5.221911
v 3.567920 0.856938 -5.484140
v 3.535185 0.845661 -5.161202
v 3.733177 0.855377 -5.467444
v 3.700441 0.844101 -5.144504
v 3.722591 -0.951953 -5.531624
v 3.689854 -0.963230 -5.208684
v 3.557334 -0.950393 -5.548321
v 3.524599 -0.961668 -5.225383
v -4.410966 -2.256107 0.005588
v -4.239893 -2.278866 0.005588
v -4.039352 0.537212 0.005588
v -3.864698 0.541375 0.005588
v -4.039352 0.537212 -0.166995
v -3.864698 0.541375 -0.166995
v -4.410966 -2.256107 -0.166995
v -4.239893 -2.278866 -0.166995
v 1.470586 0.844355 -5.546385
v 1.443173 0.848403 -5.223605
v 1.637604 0.845694 -5.532215
v 1.610192 0.849742 -5.209437
v 1.650106 -0.964473 -5.508451
v 1.622694 -0.960424 -5.185671
v 1.483086 -0.965809 -5.522619
v 1.455673 -0.961764 -5.199838
v -2.615683 0.865474 -4.921649
v -2.291952 0.865320 -4.922557
v -2.616148 0.867102 -5.088456
v -2.292418 0.866948 -5.089366
v -2.617054 -0.939851 -5.106087
v -2.293321 -0.940004 -5.106997
v -2.616584 -0.941479 -4.939280
v -2.292853 -0.941632 -4.940189
v 3.632708 0.892324 -0.575664
v 3.951768 0.902663 -0.586828
v 3.626948 0.891146 -0.741317
v 3.946010 0.901485 -0.752482
v 3.685318 -0.898424 -0.730631
v 4.004378 -0.888083 -0.741795
v 3.691074 -0.897247 -0.564977
v 4.010137 -0.886907 -0.576143
v -2.510660 0.751267 -5.251163
v -2.510660 0.751267 5.013310
v -2.510660 0.919118 -5.530391
v -2.510660 0.919118 5.237410
v -2.148598 1.002733 -5.530391
v -2.148598 1.002733 5.237410
v -2.148598 0.751267 -5.305071
v -2.148598 0.751267 5.013310
v 3.865870 0.751267 -5.251163
v 3.865870 0.751267 5.013310
v 3.865870 0.919118 -5.530391
v 3.865870 0.919118 5.237410
v 3.503806 1.002733 -5.530391
v 3.503806 1.002733 5.237410
v 3.503806 0.751267 -5.305071
v 3.503806 0.751267 5.013310
v -4.075717 0.512720 0.937908
v -4.075715 0.512842 0.987409
v -4.095158 0.588858 0.937721
v -4.095153 0.588978 0.987222
v -0.993850 1.380736 0.935548
v -0.993847 1.380858 0.985048
v -0.974409 1.304602 0.935734
v -0.974407 1.304723 0.985237
v -2.652211 0.855544 -1.748211
v -2.329897 0.864499 -1.744931
v -2.650466 0.853388 -1.913745
v -2.328152 0.862342 -1.910464
v -2.601116 -0.931698 -1.889969
v -2.278801 -0.922742 -1.886689
v -2.602860 -0.929542 -1.724435
v -2.280545 -0.920588 -1.721155
v -2.622345 0.888237 3.574473
v -2.303068 0.891320 3.551098
v -2.634453 0.887878 3.409062
v -2.315177 0.890962 3.385685
v -2.616950 -0.904961 3.411662
v -2.297673 -0.901877 3.388288
v -2.604843 -0.904601 3.577075
v -2.285564 -0.901518 3.553701
v -4.129766 -0.249919 -0.012253
v -3.995539 -0.255315 0.006265
v -4.017445 0.547928 -0.593831
v -3.875294 0.598808 -0.616331
v -3.997810 0.523551 -0.743235
v -3.857003 0.564870 -0.758768
v -4.118054 -0.330572 -0.120638
v -3.983825 -0.335970 -0.102117
v 0.984582 0.305910 -7.441962
v 0.710903 0.308788 -7.445961
v 0.985722 0.383910 -7.463685
v 0.712040 0.386788 -7.467683
v 0.959503 1.009237 -5.219715
v 0.685820 1.012112 -5.223716
v 0.958366 0.931237 -5.197994
v 0.684684 0.934113 -5.201993
v 2.631008 0.850162 -5.484015
v 2.624933 0.847444 -5.162439
v 2.796804 0.850173 -5.480880
v 2.790731 0.847457 -5.159307
v 2.797239 -0.940867 -5.496001
v 2.791163 -0.943582 -5.174425
v 2.631442 -0.940881 -5.499130
v 2.625367 -0.943596 -5.177557
v 1.270488 0.826273 5.092117
v 1.247662 0.824167 5.415369
v 1.436048 0.828463 5.103823
v 1.413225 0.826358 5.427073
v 1.460526 -0.968268 5.093839
v 1.437703 -0.970375 5.417092
v 1.294965 -0.970458 5.082135
v 1.272140 -0.972565 5.405386
v 0.266579 -1.139193 5.935213
v 1.088630 -1.139193 5.935213
v 0.266579 -1.092778 5.935213
v 1.088630 -1.092778 5.935213
v 0.266579 -1.092778 5.676344
v 1.088630 -1.092778 5.676344
v 0.266579 -1.139193 5.676344
v 1.088630 -1.139193 5.676344
v 1.088570 0.868564 5.086046
v 1.058529 0.872805 5.409069
v 1.254504 0.871201 5.101443
v 1.224463 0.875444 5.424466
v 1.277584 -0.714690 5.124414
v 1.111651 -0.717329 5.109017
v 1.081609 -0.713087 5.432041
v 1.247540 -0.710448 5.447438
v 0.266579 -1.612839 6.763073
v 1.088630 -1.612839 6.763073
v 0.266579 -1.566427 6.763073
v 1.088630 -1.566427 6.763073
v 0.266579 -1.566427 6.504205
v 1.088630 -1.566427 6.504205
v 0.266579 -1.612839 6.504205
v 1.088630 -1.612839 6.504205
v 1.146234 0.222821 7.190180
v 1.412458 0.219189 7.194483
v 1.146940 0.300736 7.212285
v 1.413164 0.297103 7.216589
v 1.188415 0.887623 5.142186
v 1.454639 0.883991 5.146489
v 1.187710 0.809712 5.120081
v 1.453934 0.806078 5.124385
v -3.037008 0.763258 -5.312703
v 4.290239 0.763258 -5.312703
v -2.189975 1.021980 -5.312703
v 3.419498 1.021980 -5.312703
v -2.189975 1.021980 -5.669834
v 3.419498 1.021980 -5.669834
v -3.037008 0.763258 -5.669834
v 4.290239 0.763258 -5.669834
v -2.650114 0.852443 0.589046
v -2.327292 0.861072 0.609901
v -2.639469 0.854700 0.423368
v -2.316650 0.863329 0.444225
v -2.590155 -0.939205 0.402099
v -2.267331 -0.930578 0.422955
v -2.600797 -0.941461 0.567777
v -2.277973 -0.932835 0.588630
v 3.663733 0.896629 0.116013
v 3.987144 0.900871 0.141526
v 3.676802 0.899268 -0.050120
v 4.000215 0.903508 -0.024606
v 3.702446 -0.896350 -0.076613
v 4.025857 -0.892106 -0.051098
v 3.689373 -0.898987 0.089518
v 4.012784 -0.894745 0.115032
v -0.835953 0.321531 -7.362803
v -1.102177 0.317898 -7.367106
v -0.836659 0.399445 -7.384906
v -1.102883 0.395812 -7.389210
v -0.878134 0.986333 -5.314807
v -1.144359 0.982701 -5.319112
v -0.877430 0.908418 -5.292703
v -1.143653 0.904786 -5.297009
v -1.746189 0.843823 -5.482290
v -1.732958 0.837848 -5.199856
v -1.579072 0.843559 -5.490121
v -1.565843 0.837582 -5.207690
v -1.583719 -0.960623 -5.528076
v -1.570487 -0.966599 -5.245640
v -1.750832 -0.960356 -5.520242
v -1.737603 -0.966332 -5.237809
v 4.651648 -2.006793 2.477443
v 4.482177 -2.029551 2.500807
v 4.324890 0.786525 2.528198
v 4.151870 0.790689 2.552051
v 4.348461 0.786525 2.699161
v 4.175441 0.790689 2.723014
v 4.675219 -2.006793 2.648407
v 4.505746 -2.029551 2.671770
v -2.637453 0.867106 3.330981
v -2.314944 0.873240 3.320339
v -2.642895 0.864664 3.164705
v -2.320384 0.870800 3.154061
v -2.607749 -0.939197 3.190035
v -2.285236 -0.933063 3.179392
v -2.602311 -0.936756 3.356312
v -2.279796 -0.930622 3.345671
v -3.956215 -2.232816 2.056281
v -3.784122 -2.226914 2.044720
v -4.002889 0.521535 2.767553
v -3.830798 0.527436 2.755993
v -4.015556 0.564368 2.600853
v -3.843466 0.570269 2.589293
v -3.968882 -2.189983 1.889578
v -3.796791 -2.184079 1.878019
v -2.402349 -0.749469 5.298696
v 3.757559 -0.749469 5.298696
v 2.217581 -0.749469 5.298696
v -0.862371 -0.749469 5.298696
v -2.402349 0.894695 5.298696
v -0.862371 1.287981 5.298696
v 0.677605 2.057287 5.298696
v 2.217581 1.287981 5.298696
v 3.757559 0.894695 5.298696
v -2.402349 0.410720 5.298696
v -0.862371 0.410721 5.298696
v 0.677605 0.410726 5.298696
v 2.217581 0.410721 5.298696
v 3.757559 0.410720 5.298696
v 0.374030 -0.749469 5.298696
v 0.374030 0.410725 5.298696
v 0.374030 1.905632 5.298696
v 0.969600 -0.749469 5.298696
v 0.969600 0.410725 5.298696
v 0.969600 1.911419 5.298696
# 4896 normals
vn -0.040743 0.014100 -0.998993
vn -0.040743 0.014100 -0.998993
vn -0.040743 0.014100 -0.998993
vn -0.040743 0.014100 -0.998993
vn 0.040743 -0.014100 0.998993
vn 0.040743 -0.014100 0.998993
vn 0.040743 -0.014100 0.998993
vn 0.040743 -0.014100 0.998993
vn -0.999115 0.008545 0.040866
vn -0.999115 0.008545 0.040866
vn -0.999115 0.008545 0.040866
vn -0.999115 0.008545 0.040866
vn 0.999115 -0.008545 -0.040866
vn 0.999115 -0.008545 -0.040866
vn 0.999115 -0.008545 -0.040866
vn 0.999115 -0.008545 -0.040866
vn 0.004792 0.000000 -0.999969
vn 0.004792 0.000000 -0.999969
vn 0.004792 0.000000 -0.999969
vn 0.004792 0.000000 -0.999969
vn -0.004792 0.000000 0.999969
vn -0.004792 0.000000 0.999969
vn -0.004792 0.000000 0.999969
vn -0.004792 0.000000 0.999969
vn -0.999939 0.008362 -0.004792
vn -0.999939 0.008362 -0.004792
vn -0.999939 0.008362 -0.004792
vn -0.999939 0.008362 -0.004792
vn 0.999939 -0.008362 0.004792
vn 0.999939 -0.008362 0.004792
vn 0.999939 -0.008362 0.004792
vn 0.999939 -0.008362 0.004792
vn 0.000000 1.000000 0.000000
vn 0.000000 1.000000 0.000000
vn 0.000000 1.000000 0.000000
vn 0.000000 1.000000 0.000000
vn 0.000000 0.000000 -1.000000
vn 0.000000 0.000000 -1.000000
vn 0.000000 0.000000 -1.000000
vn 0.000000 0.000000 -1.000000
vn 0.000000 -1.000000 0.000000
vn 0.000000 -1.000000 0.000000
vn 0.000000 -1.000000 0.000000
vn 0.000000 -1.000000 0.000000
vn 0.813099 0.582036 0.000000
vn 0.813099 0.582036 0.000000
vn 0.813099 0.582036 0.000000
vn 0.813099 0.582036 0.000000
vn -0.679698 0.733443 0.000000
vn -0.679698 0.733443 0.000000
vn -0.679698 0.733443 0.000000
vn -0.679698 0.733443 0.000000
vn 0.019258 -0.272630 -0.961820
vn 0.019258 -0.272630 -0.961820
vn 0.019258 -0.272630 -0.961820
vn 0.019258 -0.272630 -0.961820
vn -0.008637 0.961973 -0.272844
vn -0.008637 0.961973 -0.272844
vn -0.008637 0.961973 -0.272844
vn -0.008637 0.961973 -0.272844
vn 0.008637 -0.961973 0.272844
vn 0.008637 -0.961973 0.272844
vn 0.008637 -0.961973 0.272844
vn 0.008637 -0.961973 0.272844
vn -0.999756 -0.013581 -0.016145
vn -0.999756 -0.013581 -0.016145
vn -0.999756 -0.013581 -0.016145
vn -0.999756 -0.013581 -0.016145
vn 0.999756 0.013581 0.016145
vn 0.999756 0.013581 0.016145
vn 0.999756 0.013581 0.016145
vn 0.999756 0.013581 0.016145
vn -0.023775 0.593908 -0.804126
vn -0.023775 0.593908 -0.804126
vn -0.023775 0.593908 -0.804126
vn -0.023775 0.593908 -0.804126
vn 0.023714 -0.593939 0.804096
vn 0.023714 -0.593939 0.804096
vn 0.023714 -0.593939 0.804096
vn 0.023714 -0.593939 0.804096
vn -0.996948 -0.075230 -0.016206
vn -0.996948 -0.075230 -0.016206
vn -0.996948 -0.075230 -0.016206
vn -0.996948 -0.075230 -0.016206
vn 0.996704 0.078557 0.015779
vn 0.996704 0.078557 0.015779
vn 0.996704 0.078557 0.015779
vn 0.996704 0.078557 0.015779
vn 0.081975 0.004517 -0.996551
vn 0.081975 0.004517 -0.996551
vn 0.081975 0.004517 -0.996551
vn 0.081975 0.004517 -0.996551
vn -0.081975 -0.004517 0.996551
vn -0.081975 -0.004517 0.996551
vn -0.081975 -0.004517 0.996551
vn -0.081975 -0.004517 0.996551
vn -0.996460 0.013337 -0.081914
vn -0.996460 0.013337 -0.081914
vn -0.996460 0.013337 -0.081914
vn -0.996460 0.013337 -0.081914
vn 0.996460 -0.013337 0.081914
vn 0.996460 -0.013337 0.081914
vn 0.996460 -0.013337 0.081914
vn 0.996460 -0.013337 0.081914
vn -0.015504 -0.274919 0.961271
vn -0.015504 -0.274919 0.961271
vn -0.015504 -0.274919 0.961271
vn -0.015504 -0.274919 0.961271
vn -0.006958 0.961393 0.274767
vn -0.006958 0.961393 0.274767
vn -0.006958 0.961393 0.274767
vn -0.006958 0.961393 0.274767
vn 0.006958 -0.961393 -0.274767
vn 0.006958 -0.961393 -0.274767
vn 0.006958 -0.961393 -0.274767
vn 0.006958 -0.961393 -0.274767
vn 0.999847 0.002381 0.016877
vn 0.999847 0.002381 0.016877
vn 0.999847 0.002381 0.016877
vn 0.999847 0.002381 0.016877
vn -0.999847 -0.002381 -0.016877
vn -0.999847 -0.002381 -0.016877
vn -0.999847 -0.002381 -0.016877
vn -0.999847 -0.002381 -0.016877
vn -0.036929 0.003662 -0.999298
vn -0.036929 0.003662 -0.999298
vn -0.036929 0.003662 -0.999298
vn -0.036929 0.003662 -0.999298
vn 0.036929 -0.003662 0.999298
vn 0.036929 -0.003662 0.999298
vn 0.036929 -0.003662 0.999298
vn 0.036929 -0.003662 0.999298
vn -0.998993 -0.022066 0.036837
vn -0.998993 -0.022066 0.036837
vn -0.998993 -0.022066 0.036837
vn -0.998993 -0.022066 0.036837
vn 0.998993 0.022066 -0.036837
vn 0.998993 0.022066 -0.036837
vn 0.998993 0.022066 -0.036837
vn 0.998993 0.022066 -0.036837
vn -0.022981 -0.253311 -0.967008
vn -0.022981 -0.253311 -0.967008
vn -0.022981 -0.253311 -0.967008
vn -0.022981 -0.253311 -0.967008
vn -0.014192 0.967253 -0.253037
vn -0.014192 0.967253 -0.253037
vn -0.014192 0.967253 -0.253037
vn -0.014192 0.967253 -0.253037
vn 0.014192 -0.967253 0.253037
vn 0.014192 -0.967253 0.253037
vn 0.014192 -0.967253 0.253037
vn 0.014192 -0.967253 0.253037
vn -0.999634 -0.007905 0.025850
vn -0.999634 -0.007905 0.025850
vn -0.999634 -0.007905 0.025850
vn -0.999634 -0.007905 0.025850
vn 0.999634 0.007905 -0.025850
vn 0.999634 0.007905 -0.025850
vn 0.999634 0.007905 -0.025850
vn 0.999634 0.007905 -0.025850
vn 0.995727 0.005524 0.092016
vn 0.995727 0.005524 0.092016
vn 0.995727 0.005524 0.092016
vn 0.995727 0.005524 0.092016
vn -0.995727 -0.005524 -0.092016
vn -0.995727 -0.005524 -0.092016
vn -0.995727 -0.005524 -0.092016
vn -0.995727 -0.005524 -0.092016
vn 0.092169 -0.024080 -0.995422
vn 0.092169 -0.024080 -0.995422
vn 0.092169 -0.024080 -0.995422
vn 0.092169 -0.024080 -0.995422
vn -0.092169 0.024080 0.995422
vn -0.092169 0.024080 0.995422
vn -0.092169 0.024080 0.995422
vn -0.092169 0.024080 0.995422
vn 0.001770 -0.257126 0.966337
vn 0.001770 -0.257126 0.966337
vn 0.001770 -0.257126 0.966337
vn 0.001770 -0.257126 0.966337
vn -0.000885 0.966337 0.257126
vn -0.000885 0.966337 0.257126
vn -0.000885 0.966337 0.257126
vn -0.000885 0.966337 0.257126
vn 0.000885 -0.966337 -0.257126
vn 0.000885 -0.966337 -0.257126
vn 0.000885 -0.966337 -0.257126
vn 0.000885 -0.966337 -0.257126
vn 0.999969 0.001343 -0.001465
vn 0.999969 0.001343 -0.001465
vn 0.999969 0.001343 -0.001465
vn 0.999969 0.001343 -0.001465
vn -0.999969 -0.001343 0.001465
vn -0.999969 -0.001343 0.001465
vn -0.999969 -0.001343 0.001465
vn -0.999969 -0.001343 0.001465
vn 0.000000 0.000000 1.000000
vn 0.000000 0.000000 1.000000
vn 0.000000 0.000000 1.000000
vn 0.000000 0.000000 1.000000
vn 0.000000 0.000000 -1.000000
vn 0.000000 0.000000 -1.000000
vn 0.000000 0.000000 -1.000000
vn 0.000000 0.000000 -1.000000
vn 1.000000 0.000000 0.000000
vn 1.000000 0.000000 0.000000
vn 1.000000 0.000000 0.000000
vn 1.000000 0.000000 0.000000
vn -1.000000 0.000000 0.000000
vn -1.000000 0.000000 0.000000
vn -1.000000 0.000000 0.000000
vn -1.000000 0.000000 0.000000
vn 0.056491 0.013123 -0.998230
vn 0.056491 0.013123 -0.998230
vn 0.056491 0.013123 -0.998230
vn 0.056491 0.013123 -0.998230
vn -0.056491 -0.013123 0.998230
vn -0.056491 -0.013123 0.998230
vn -0.056491 -0.013123 0.998230
vn -0.056491 -0.013123 0.998230
vn -0.998321 0.006440 -0.056369
vn -0.998321 0.006440 -0.056369
vn -0.998321 0.006440 -0.056369
vn -0.998321 0.006440 -0.056369
vn 0.998321 -0.006440 0.056369
vn 0.998321 -0.006440 0.056369
vn 0.998321 -0.006440 0.056369
vn 0.998321 -0.006440 0.056369
vn 0.999725 0.014710 -0.017366
vn 0.999725 0.014710 -0.017366
vn 0.999725 0.014710 -0.017366
vn 0.999725 0.014710 -0.017366
vn -0.999725 -0.014710 0.017366
vn -0.999725 -0.014710 0.017366
vn -0.999725 -0.014710 0.017366
vn -0.999725 -0.014710 0.017366
vn -0.017732 0.025301 -0.999512
vn -0.017732 0.025301 -0.999512
vn -0.017732 0.025301 -0.999512
vn -0.017732 0.025301 -0.999512
vn 0.019807 -0.184063 0.982634
vn 0.019807 -0.184063 0.982634
vn 0.019807 -0.184063 0.982634
vn 0.019807 -0.184063 0.982634
vn 0.014253 -0.999542 -0.025545
vn 0.014253 -0.999542 -0.025545
vn 0.014253 -0.999542 -0.025545
vn 0.014253 -0.999542 -0.025545
vn -0.056827 0.015962 -0.998169
vn -0.056827 0.015962 -0.998169
vn -0.056827 0.015962 -0.998169
vn -0.056827 0.015962 -0.998169
vn 0.056827 -0.015962 0.998169
vn 0.056827 -0.015962 0.998169
vn 0.056827 -0.015962 0.998169
vn 0.056827 -0.015962 0.998169
vn -0.998138 -0.018708 0.056491
vn -0.998138 -0.018708 0.056491
vn -0.998138 -0.018708 0.056491
vn -0.998138 -0.018708 0.056491
vn 0.998138 0.018708 -0.056491
vn 0.998138 0.018708 -0.056491
vn 0.998138 0.018708 -0.056491
vn 0.998138 0.018708 -0.056491
vn 0.022981 -0.253311 0.967008
vn 0.022981 -0.253311 0.967008
vn 0.022981 -0.253311 0.967008
vn 0.022981 -0.253311 0.967008
vn 0.014192 0.967253 0.253037
vn 0.014192 0.967253 0.253037
vn 0.014192 0.967253 0.253037
vn 0.014192 0.967253 0.253037
vn -0.014192 -0.967253 -0.253037
vn -0.014192 -0.967253 -0.253037
vn -0.014192 -0.967253 -0.253037
vn -0.014192 -0.967253 -0.253037
vn 0.999634 -0.007905 -0.025850
vn 0.999634 -0.007905 -0.025850
vn 0.999634 -0.007905 -0.025850
vn 0.999634 -0.007905 -0.025850
vn -0.999634 0.007905 0.025850
vn -0.999634 0.007905 0.025850
vn -0.999634 0.007905 0.025850
vn -0.999634 0.007905 0.025850
vn 0.000000 0.000000 1.000000
vn 0.000000 0.000000 1.000000
vn 0.000000 0.000000 1.000000
vn 0.000000 0.000000 1.000000
vn 0.000000 1.000000 0.000000
vn 0.000000 1.000000 0.000000
vn 0.000000 1.000000 0.000000
vn 0.000000 1.000000 0.000000
vn 0.000000 0.000000 -1.000000
vn 0.000000 0.000000 -1.000000
vn 0.000000 0.000000 -1.000000
vn 0.000000 0.000000 -1.000000
vn 0.000000 -1.000000 0.000000
vn 0.000000 -1.000000 0.000000
vn 0.000000 -1.000000 0.000000
vn 0.000000 -1.000000 0.000000
vn 0.999268 0.004364 0.037905
vn 0.999268 0.004364 0.037905
vn 0.999268 0.004364 0.037905
vn 0.999268 0.004364 0.037905
vn -0.999268 -0.004364 -0.037905
vn -0.999268 -0.004364 -0.037905
vn -0.999268 -0.004364 -0.037905
vn -0.999268 -0.004364 -0.037905
vn 0.037936 -0.001282 -0.999268
vn 0.037936 -0.001282 -0.999268
vn 0.037936 -0.001282 -0.999268
vn 0.037936 -0.001282 -0.999268
vn -0.037936 0.001282 0.999268
vn -0.037936 0.001282 0.999268
vn -0.037936 0.001282 0.999268
vn -0.037936 0.001282 0.999268
vn -0.247391 0.968840 -0.002289
vn -0.247391 0.968840 -0.002289
vn -0.247391 0.968840 -0.002289
vn -0.247391 0.968840 -0.002289
vn 0.968840 0.247391 0.001709
vn 0.968840 0.247391 0.001709
vn 0.968840 0.247391 0.001709
vn 0.968840 0.247391 0.001709
vn -0.968840 -0.247391 -0.001709
vn -0.968840 -0.247391 -0.001709
vn -0.968840 -0.247391 -0.001709
vn -0.968840 -0.247391 -0.001709
vn 0.070530 0.016633 -0.997345
vn 0.070530 0.016633 -0.997345
vn 0.070530 0.016633 -0.997345
vn 0.070530 0.016633 -0.997345
vn -0.070530 -0.016633 0.997345
vn -0.070530 -0.016633 0.997345
vn -0.070530 -0.016633 0.997345
vn -0.070530 -0.016633 0.997345
vn -0.997436 0.010590 -0.070347
vn -0.997436 0.010590 -0.070347
vn -0.997436 0.010590 -0.070347
vn -0.997436 0.010590 -0.070347
vn 0.997436 -0.010590 0.070347
vn 0.997436 -0.010590 0.070347
vn 0.997436 -0.010590 0.070347
vn 0.997436 -0.010590 0.070347
vn 0.000000 0.965910 0.258774
vn 0.000000 0.965910 0.258774
vn 0.000000 0.965910 0.258774
vn 0.000000 0.965910 0.258774
vn 1.000000 0.000000 0.000000
vn 1.000000 0.000000 0.000000
vn 1.000000 0.000000 0.000000
vn 1.000000 0.000000 0.000000
vn -1.000000 0.000000 0.000000
vn -1.000000 0.000000 0.000000
vn -1.000000 0.000000 0.000000
vn -1.000000 0.000000 0.000000
vn 0.000000 -0.258774 0.965910
vn 0.000000 -0.258774 0.965910
vn 0.000000 -0.258774 0.965910
vn 0.000000 -0.258774 0.965910
vn 0.000000 0.258774 -0.965910
vn 0.000000 0.258774 -0.965910
vn 0.000000 0.258774 -0.965910
vn 0.000000 0.258774 -0.965910
vn 0.998169 -0.002075 -0.058933
vn 0.998169 -0.002075 -0.058933
vn 0.998169 -0.002075 -0.058933
vn 0.998169 -0.002075 -0.058933
vn -0.998169 0.002075 0.058933
vn -0.998169 0.002075 0.058933
vn -0.998169 0.002075 0.058933
vn -0.998169 0.002075 0.058933
vn -0.059025 -0.009553 -0.998138
vn -0.059025 -0.009553 -0.998138
vn -0.059025 -0.009553 -0.998138
vn -0.059025 -0.009553 -0.998138
vn 0.059025 0.009553 0.998138
vn 0.059025 0.009553 0.998138
vn 0.059025 0.009553 0.998138
vn 0.059025 0.009553 0.998138
vn 0.000000 1.000000 0.000000
vn 0.000000 1.000000 0.000000
vn 0.000000 1.000000 0.000000
vn 0.000000 1.000000 0.000000
vn 0.000000 0.000000 1.000000
vn 0.000000 0.000000 1.000000
vn 0.000000 0.000000 1.000000
vn 0.000000 0.000000 1.000000
vn 0.000000 -1.000000 0.000000
vn 0.000000 -1.000000 0.000000
vn 0.000000 -1.000000 0.000000
vn 0.000000 -1.000000 0.000000
vn -0.564152 0.825642 0.000000
vn -0.564152 0.825642 0.000000
vn -0.564152 0.825642 0.000000
vn -0.564152 0.825642 0.000000
vn 0.447354 0.894311 0.000000
vn 0.447354 0.894311 0.000000
vn 0.447354 0.894311 0.000000
vn 0.447354 0.894311 0.000000
vn 1.000000 0.000000 0.000000
vn 1.000000 0.000000 0.000000
vn 1.000000 0.000000 0.000000
vn 1.000000 0.000000 0.000000
vn -1.000000 0.000000 0.000000
vn -1.000000 0.000000 0.000000
vn -1.000000 0.000000 0.000000
vn -1.000000 0.000000 0.000000
vn 0.000000 0.000000 -1.000000
vn 0.000000 0.000000 -1.000000
vn 0.000000 0.000000 -1.000000
vn 0.000000 0.000000 -1.000000
vn 0.000000 0.000000 1.000000
vn 0.000000 0.000000 1.000000
vn 0.000000 0.000000 1.000000
vn 0.000000 0.000000 1.000000
vn -1.000000 0.000000 0.000000
vn -1.000000 0.000000 0.000000
vn -1.000000 0.000000 0.000000
vn -1.000000 0.000000 0.000000
vn 1.000000 0.000000 0.000000
vn 1.000000 0.000000 0.000000
vn 1.000000 0.000000 0.000000
vn 1.000000 0.000000 0.000000
vn 0.000000 0.000000 -1.000000
vn 0.000000 0.000000 -1.000000
vn 0.000000 0.000000 -1.000000
vn 0.000000 0.000000 -1.000000
vn 0.000000 0.000000 1.000000
vn 0.000000 0.000000 1.000000
vn 0.000000 0.000000 1.000000
vn 0.000000 0.000000 1.000000
vn 1.000000 0.000000 0.000000
vn 1.000000 0.000000 0.000000
vn 1.000000 0.000000 0.000000
vn 1.000000 0.000000 0.000000
vn -1.000000 0.000000 0.000000
vn -1.000000 0.000000 0.000000
vn -1.000000 0.000000 0.000000
vn -1.000000 0.000000 0.000000
vn 0.000000 0.000000 -1.000000
vn 0.000000 0.000000 -1.000000
vn 0.000000 0.000000 -1.000000
vn 0.000000 0.000000 -1.000000
vn 0.000000 0.000000 1.000000
vn 0.000000 0.000000 1.000000
vn 0.000000 0.000000 1.000000
vn 0.000000 0.000000 1.000000
vn -1.000000 0.000000 0.000000
vn -1.000000 0.000000 0.000000
vn -1.000000 0.000000 0.000000
vn -1.000000 0.000000 0.000000
vn 1.000000 0.000000 0.000000
vn 1.000000 0.000000 0.000000
vn 1.000000 0.000000 0.000000
vn 1.000000 0.000000 0.000000
vn 0.000000 0.000000 -1.000000
vn 0.000000 0.000000 -1.000000
vn 0.000000 0.000000 -1.000000
vn 0.000000 0.000000 -1.000000
vn 0.000000 0.000000 1.000000
vn 0.000000 0.000000 1.000000
vn 0.000000 0.000000 1.000000
vn 0.000000 0.000000 1.000000
vn 1.000000 0.000000 0.000000
vn 1.000000 0.000000 0.000000
vn 1.000000 0.000000 0.000000
vn 1.000000 0.000000 0.000000
vn -1.000000 0.000000 0.000000
vn -1.000000 0.000000 0.000000
vn -1.000000 0.000000 0.000000
vn -1.000000 0.000000 0.000000
vn 0.000000 0.000000 -1.000000
vn 0.000000 0.000000 -1.000000
vn 0.000000 0.000000 -1.000000
vn 0.000000 0.000000 -1.000000
vn 0.000000 0.000000 1.000000
vn 0.000000 0.000000 1.000000
vn 0.000000 0.000000 1.000000
vn 0.000000 0.000000 1.000000
vn -1.000000 0.000000 0.000000
vn -1.000000 0.000000 0.000000
vn -1.000000 0.000000 0.000000
vn -1.000000 0.000000 0.000000
vn 1.000000 0.000000 0.000000
vn 1.000000 0.000000 0.000000
vn 1.000000 0.000000 0.000000
vn 1.000000 0.000000 0.000000
vn 0.000000 0.000000 -1.000000
vn 0.000000 0.000000 -1.000000
vn 0.000000 0.000000 -1.000000
vn 0.000000 0.000000 -1.000000
vn 0.000000 0.000000 1.000000
vn 0.000000 0.000000 1.000000
vn 0.000000 0.000000 1.000000
vn 0.000000 0.000000 1.000000
vn 0.000000 0.000000 1.000000
vn 0.000000 0.000000 1.000000
vn 0.000000 0.000000 1.000000
vn 0.000000 0.000000 1.000000
vn 0.000000 0.000000 -1.000000
vn 0.000000 0.000000 -1.000000
vn 0.000000 0.000000 -1.000000
vn 0.000000 0.000000 -1.000000
vn 1.000000 0.000000 0.000000
vn 1.000000 0.000000 0.000000
vn 1.000000 0.000000 0.000000
vn 1.000000 0.000000 0.000000
vn -1.000000 0.000000 0.000000
vn -1.000000 0.000000 0.000000
vn -1.000000 0.000000 0.000000
vn -1.000000 0.000000 0.000000
vn 0.000000 0.000000 1.000000
vn 0.000000 0.000000 1.000000
vn 0.000000 0.000000 1.000000
vn 0.000000 0.000000 1.000000
vn 0.000000 0.000000 -1.000000
vn 0.000000 0.000000 -1.000000
vn 0.000000 0.000000 -1.000000
vn 0.000000 0.000000 -1.000000
vn -1.000000 0.000000 0.000000
vn -1.000000 0.000000 0.000000
vn -1.000000 0.000000 0.000000
vn -1.000000 0.000000 0.000000
vn 1.000000 0.000000 0.000000
vn 1.000000 0.000000 0.000000
vn 1.000000 0.000000 0.000000
vn 1.000000 0.000000 0.000000
vn 0.000000 0.000000 1.000000
vn 0.000000 0.000000 1.000000
vn 0.000000 0.000000 1.000000
vn 0.000000 0.000000 1.000000
vn 0.000000 0.000000 -1.000000
vn 0.000000 0.000000 -1.000000
vn 0.000000 0.000000 -1.000000
vn 0.000000 0.000000 -1.000000
vn 1.000000 0.000000 0.000000
vn 1.000000 0.000000 0.000000
vn 1.000000 0.000000 0.000000
vn 1.000000 0.000000 0.000000
vn -1.000000 0.000000 0.000000
vn -1.000000 0.000000 0.000000
vn -1.000000 0.000000 0.000000
vn -1.000000 0.000000 0.000000
vn 0.000000 0.000000 1.000000
vn 0.000000 0.000000 1.000000
vn 0.000000 0.000000 1.000000
vn 0.000000 0.000000 1.000000
vn 0.000000 0.000000 -1.000000
vn 0.000000 0.000000 -1.000000
vn 0.000000 0.000000 -1.000000
vn 0.000000 0.000000 -1.000000
vn -1.000000 0.000000 0.000000
vn -1.000000 0.000000 0.000000
vn -1.000000 0.000000 0.000000
vn -1.000000 0.000000 0.000000
vn 1.000000 0.000000 0.000000
vn 1.000000 0.000000 0.000000
vn 1.000000 0.000000 0.000000
vn 1.000000 0.000000 0.000000
vn 0.000000 0.000000 1.000000
vn 0.000000 0.000000 1.000000
vn 0.000000 0.000000 1.000000
vn 0.000000 0.000000 1.000000
vn 0.000000 0.000000 -1.000000
vn 0.000000 0.000000 -1.000000
vn 0.000000 0.000000 -1.000000
vn 0.000000 0.000000 -1.000000
vn 1.000000 0.000000 0.000000
vn 1.000000 0.000000 0.000000
vn 1.000000 0.000000 0.000000
vn 1.000000 0.000000 0.000000
vn -1.000000 0.000000 0.000000
vn -1.000000 0.000000 0.000000
vn -1.000000 0.000000 0.000000
vn -1.000000 0.000000 0.000000
vn 0.000000 0.000000 1.000000
vn 0.000000 0.000000 1.000000
vn 0.000000 0.000000 1.000000
vn 0.000000 0.000000 1.000000
vn 0.000000 0.000000 -1.000000
vn 0.000000 0.000000 -1.000000
vn 0.000000 0.000000 -1.000000
vn 0.000000 0.000000 -1.000000
vn -1.000000 0.000000 0.000000
vn -1.000000 0.000000 0.000000
vn -1.000000 0.000000 0.000000
vn -1.000000 0.000000 0.000000
vn 1.000000 0.000000 0.000000
vn 1.000000 0.000000 0.000000
vn 1.000000 0.000000 0.000000
vn 1.000000 0.000000 0.000000
vn 1.000000 0.000000 0.000000
vn 1.000000 0.000000 0.000000
vn 1.000000 0.000000 0.000000
vn 1.000000 0.000000 0.000000
vn -1.000000 0.000000 0.000000
vn -1.000000 0.000000 0.000000
vn -1.000000 0.000000 0.000000
vn -1.000000 0.000000 0.000000
vn 0.000000 0.000000 -1.000000
vn 0.000000 0.000000 -1.000000
vn 0.000000 0.000000 -1.000000
vn 0.000000 0.000000 -1.000000
vn 0.000000 0.000000 1.000000
vn 0.000000 0.000000 1.000000
vn 0.000000 0.000000 1.000000
vn 0.000000 0.000000 1.000000
vn -1.000000 0.000000 0.000000
vn -1.000000 0.000000 0.000000
vn -1.000000 0.000000 0.000000
vn -1.000000 0.000000 0.000000
vn 1.000000 0.000000 0.000000
vn 1.000000 0.000000 0.000000
vn 1.000000 0.000000 0.000000
vn 1.000000 0.000000 0.000000
vn 0.000000 0.000000 -1.000000
vn 0.000000 0.000000 -1.000000
vn 0.000000 0.000000 -1.000000
vn 0.000000 0.000000 -1.000000
vn 0.000000 0.000000 1.000000
vn 0.000000 0.000000 1.000000
vn 0.000000 0.000000 1.000000
vn 0.000000 0.000000 1.000000
vn 1.000000 0.000000 0.000000
vn 1.000000 0.000000 0.000000
vn 1.000000 0.000000 0.000000
vn 1.000000 0.000000 0.000000
vn -1.000000 0.000000 0.000000
vn -1.000000 0.000000 0.000000
vn -1.000000 0.000000 0.000000
vn -1.000000 0.000000 0.000000
vn 0.000000 0.000000 -1.000000
vn 0.000000 0.000000 -1.000000
vn 0.000000 0.000000 -1.000000
vn 0.000000 0.000000 -1.000000
vn 0.000000 0.000000 1.000000
vn 0.000000 0.000000 1.000000
vn 0.000000 0.000000 1.000000
vn 0.000000 0.000000 1.000000
vn -1.000000 0.000000 0.000000
vn -1.000000 0.000000 0.000000
vn -1.000000 0.000000 0.000000
vn -1.000000 0.000000 0.000000
vn 1.000000 0.000000 0.000000
vn 1.000000 0.000000 0.000000
vn 1.000000 0.000000 0.000000
vn 1.000000 0.000000 0.000000
vn 0.000000 0.000000 -1.000000
vn 0.000000 0.000000 -1.000000
vn 0.000000 0.000000 -1.000000
vn 0.000000 0.000000 -1.000000
vn 0.000000 0.000000 1.000000
vn 0.000000 0.000000 1.000000
vn 0.000000 0.000000 1.000000
vn 0.000000 0.000000 1.000000
vn 1.000000 0.000000 0.000000
vn 1.000000 0.000000 0.000000
vn 1.000000 0.000000 0.000000
vn 1.000000 0.000000 0.000000
vn -1.000000 0.000000 0.000000
vn -1.000000 0.000000 0.000000
vn -1.000000 0.000000 0.000000
vn -1.000000 0.000000 0.000000
vn 0.000000 0.000000 -1.000000
vn 0.000000 0.000000 -1.000000
vn 0.000000 0.000000 -1.000000
vn 0.000000 0.000000 -1.000000
vn 0.000000 0.000000 1.000000
vn 0.000000 0.000000 1.000000
vn 0.000000 0.000000 1.000000
vn 0.000000 0.000000 1.000000
vn -1.000000 0.000000 0.000000
vn -1.000000 0.000000 0.000000
vn -1.000000 0.000000 0.000000
vn -1.000000 0.000000 0.000000
vn 1.000000 0.000000 0.000000
vn 1.000000 0.000000 0.000000
vn 1.000000 0.000000 0.000000
vn 1.000000 0.000000 0.000000
vn 0.000000 0.000000 -1.000000
vn 0.000000 0.000000 -1.000000
vn 0.000000 0.000000 -1.000000
vn 0.000000 0.000000 -1.000000
vn 0.000000 0.000000 1.000000
vn 0.000000 0.000000 1.000000
vn 0.000000 0.000000 1.000000
vn 0.000000 0.000000 1.000000
vn 0.000000 0.000000 1.000000
vn 0.000000 0.000000 1.000000
vn 0.000000 0.000000 1.000000
vn 0.000000 0.000000 1.000000
vn 0.000000 0.000000 -1.000000
vn 0.000000 0.000000 -1.000000
vn 0.000000 0.000000 -1.000000
vn 0.000000 0.000000 -1.000000
vn 1.000000 0.000000 0.000000
vn 1.000000 0.000000 0.000000
vn 1.000000 0.000000 0.000000
vn 1.000000 0.000000 0.000000
vn -1.000000 0.000000 0.000000
vn -1.000000 0.000000 0.000000
vn -1.000000 0.000000 0.000000
vn -1.000000 0.000000 0.000000
vn 0.000000 0.000000 1.000000
vn 0.000000 0.000000 1.000000
vn 0.000000 0.000000 1.000000
vn 0.000000 0.000000 1.000000
vn 0.000000 0.000000 -1.000000
vn 0.000000 0.000000 -1.000000
vn 0.000000 0.000000 -1.000000
vn 0.000000 0.000000 -1.000000
vn -1.000000 0.000000 0.000000
vn -1.000000 0.000000 0.000000
vn -1.000000 0.000000 0.000000
vn -1.000000 0.000000 0.000000
vn 1.000000 0.000000 0.000000
vn 1.000000 0.000000 0.000000
vn 1.000000 0.000000 0.000000
vn 1.000000 0.000000 0.000000
vn 0.000000 0.000000 1.000000
vn 0.000000 0.000000 1.000000
vn 0.000000 0.000000 1.000000
vn 0.000000 0.000000 1.000000
vn 0.000000 0.000000 -1.000000
vn 0.000000 0.000000 -1.000000
vn 0.000000 0.000000 -1.000000
vn 0.000000 0.000000 -1.000000
vn 1.000000 0.000000 0.000000
vn 1.000000 0.000000 0.000000
vn 1.000000 0.000000 0.000000
vn 1.000000 0.000000 0.000000
vn -1.000000 0.000000 0.000000
vn -1.000000 0.000000 0.000000
vn -1.000000 0.000000 0.000000
vn -1.000000 0.000000 0.000000
vn 0.000000 0.000000 1.000000
vn 0.000000 0.000000 1.000000
vn 0.000000 0.000000 1.000000
vn 0.000000 0.000000 1.000000
vn 0.000000 0.000000 -1.000000
vn 0.000000 0.000000 -1.000000
vn 0.000000 0.000000 -1.000000
vn 0.000000 0.000000 -1.000000
vn -1.000000 0.000000 0.000000
vn -1.000000 0.000000 0.000000
vn -1.000000 0.000000 0.000000
vn -1.000000 0.000000 0.000000
vn 1.000000 0.000000 0.000000
vn 1.000000 0.000000 0.000000
vn 1.000000 0.000000 0.000000
vn 1.000000 0.000000 0.000000
vn 0.000000 1.000000 0.000000
vn 0.000000 1.000000 0.000000
vn 0.000000 1.000000 0.000000
vn 0.000000 1.000000 0.000000
vn 1.000000 0.000000 0.000000
vn 1.000000 0.000000 0.000000
vn 1.000000 0.000000 0.000000
vn 1.000000 0.000000 0.000000
vn 0.000000 -1.000000 0.000000
vn 0.000000 -1.000000 0.000000
vn 0.000000 -1.000000 0.000000
vn 0.000000 -1.000000 0.000000
vn 0.000000 -0.780718 0.624855
vn 0.000000 -0.780718 0.624855
vn 0.000000 -0.780718 0.624855
vn 0.000000 -0.780718 0.624855
vn -0.114234 -0.809650 -0.575627
vn -0.114234 -0.809650 -0.575627
vn -0.114234 -0.809650 -0.575627
vn -0.114234 -0.809650 -0.575627
vn 0.000000 1.000000 0.000000
vn 0.000000 1.000000 0.000000
vn 0.000000 1.000000 0.000000
vn 0.000000 1.000000 0.000000
vn -1.000000 0.000000 0.000000
vn -1.000000 0.000000 0.000000
vn -1.000000 0.000000 0.000000
vn -1.000000 0.000000 0.000000
vn 0.000000 -1.000000 0.000000
vn 0.000000 -1.000000 0.000000
vn 0.000000 -1.000000 0.000000
vn 0.000000 -1.000000 0.000000
vn 0.000000 -0.780718 0.624855
vn 0.000000 -0.780718 0.624855
vn 0.000000 -0.780718 0.624855
vn 0.000000 -0.780718 0.624855
vn 0.114234 -0.809650 -0.575627
vn 0.114234 -0.809650 -0.575627
vn 0.114234 -0.809650 -0.575627
vn 0.114234 -0.809650 -0.575627
vn 1.000000 0.000000 0.000000
vn 1.000000 0.000000 0.000000
vn 1.000000 0.000000 0.000000
vn 1.000000 0.000000 0.000000
vn -1.000000 0.000000 0.000000
vn -1.000000 0.000000 0.000000
vn -1.000000 0.000000 0.000000
vn -1.000000 0.000000 0.000000
vn 0.025056 0.000305 -0.999664
vn 0.025056 0.000305 -0.999664
vn 0.025056 0.000305 -0.999664
vn 0.025056 0.000305 -0.999664
vn -0.025056 -0.000305 0.999664
vn -0.025056 -0.000305 0.999664
vn -0.025056 -0.000305 0.999664
vn -0.025056 -0.000305 0.999664
vn -0.999359 0.024385 -0.024995
vn -0.999359 0.024385 -0.024995
vn -0.999359 0.024385 -0.024995
vn -0.999359 0.024385 -0.024995
vn 0.999359 -0.024385 0.024995
vn 0.999359 -0.024385 0.024995
vn 0.999359 -0.024385 0.024995
vn 0.999359 -0.024385 0.024995
vn -0.083288 -0.011658 -0.996368
vn -0.083288 -0.011658 -0.996368
vn -0.083288 -0.011658 -0.996368
vn -0.083288 -0.011658 -0.996368
vn 0.083288 0.011658 0.996368
vn 0.083288 0.011658 0.996368
vn 0.083288 0.011658 0.996368
vn 0.083288 0.011658 0.996368
vn -0.996063 -0.028292 0.083654
vn -0.996063 -0.028292 0.083654
vn -0.996063 -0.028292 0.083654
vn -0.996063 -0.028292 0.083654
vn 0.996063 0.028292 -0.083654
vn 0.996063 0.028292 -0.083654
vn 0.996063 0.028292 -0.083654
vn 0.996063 0.028292 -0.083654
vn 0.054660 0.016938 -0.998291
vn 0.054660 0.016938 -0.998291
vn 0.054660 0.016938 -0.998291
vn 0.054660 0.016938 -0.998291
vn -0.054660 -0.016938 0.998291
vn -0.054660 -0.016938 0.998291
vn -0.054660 -0.016938 0.998291
vn -0.054660 -0.016938 0.998291
vn -0.997864 -0.034151 -0.055271
vn -0.997864 -0.034151 -0.055271
vn -0.997864 -0.034151 -0.055271
vn -0.997864 -0.034151 -0.055271
vn 0.997864 0.034151 0.055271
vn 0.997864 0.034151 0.055271
vn 0.997864 0.034151 0.055271
vn 0.997864 0.034151 0.055271
vn 0.009308 -0.262650 0.964811
vn 0.009308 -0.262650 0.964811
vn 0.009308 -0.262650 0.964811
vn 0.009308 -0.262650 0.964811
vn -0.001190 0.964872 0.262681
vn -0.001190 0.964872 0.262681
vn -0.001190 0.964872 0.262681
vn -0.001190 0.964872 0.262681
vn 0.001190 -0.964872 -0.262681
vn 0.001190 -0.964872 -0.262681
vn 0.001190 -0.964872 -0.262681
vn 0.001190 -0.964872 -0.262681
vn 0.999939 0.003601 -0.008668
vn 0.999939 0.003601 -0.008668
vn 0.999939 0.003601 -0.008668
vn 0.999939 0.003601 -0.008668
vn -0.999939 -0.003601 0.008668
vn -0.999939 -0.003601 0.008668
vn -0.999939 -0.003601 0.008668
vn -0.999939 -0.003601 0.008668
vn 0.004029 0.008790 -0.999939
vn 0.004029 0.008790 -0.999939
vn 0.004029 0.008790 -0.999939
vn 0.004029 0.008790 -0.999939
vn -0.004029 -0.008790 0.999939
vn -0.004029 -0.008790 0.999939
vn -0.004029 -0.008790 0.999939
vn -0.004029 -0.008790 0.999939
vn -0.999725 -0.022554 -0.004242
vn -0.999725 -0.022554 -0.004242
vn -0.999725 -0.022554 -0.004242
vn -0.999725 -0.022554 -0.004242
vn 0.999725 0.022554 0.004242
vn 0.999725 0.022554 0.004242
vn 0.999725 0.022554 0.004242
vn 0.999725 0.022554 0.004242
vn -0.002136 -0.008179 -0.999939
vn -0.002136 -0.008179 -0.999939
vn -0.002136 -0.008179 -0.999939
vn -0.002136 -0.008179 -0.999939
vn 0.002136 0.008179 0.999939
vn 0.002136 0.008179 0.999939
vn 0.002136 0.008179 0.999939
vn 0.002136 0.008179 0.999939
vn -0.999969 0.000000 0.002136
vn -0.999969 0.000000 0.002136
vn -0.999969 0.000000 0.002136
vn -0.999969 0.000000 0.002136
vn 0.999969 0.000000 -0.002136
vn 0.999969 0.000000 -0.002136
vn 0.999969 0.000000 -0.002136
vn 0.999969 0.000000 -0.002136
vn 0.015504 -0.274919 -0.961271
vn 0.015504 -0.274919 -0.961271
vn 0.015504 -0.274919 -0.961271
vn 0.015504 -0.274919 -0.961271
vn 0.006958 0.961393 -0.274767
vn 0.006958 0.961393 -0.274767
vn 0.006958 0.961393 -0.274767
vn 0.006958 0.961393 -0.274767
vn -0.006958 -0.961393 0.274767
vn -0.006958 -0.961393 0.274767
vn -0.006958 -0.961393 0.274767
vn -0.006958 -0.961393 0.274767
vn -0.999847 0.002381 -0.016877
vn -0.999847 0.002381 -0.016877
vn -0.999847 0.002381 -0.016877
vn -0.999847 0.002381 -0.016877
vn 0.999847 -0.002381 0.016877
vn 0.999847 -0.002381 0.016877
vn 0.999847 -0.002381 0.016877
vn 0.999847 -0.002381 0.016877
vn 0.999847 -0.011628 -0.011109
vn 0.999847 -0.011628 -0.011109
vn 0.999847 -0.011628 -0.011109
vn 0.999847 -0.011628 -0.011109
vn -0.999847 0.011628 0.011109
vn -0.999847 0.011628 0.011109
vn -0.999847 0.011628 0.011109
vn -0.999847 0.011628 0.011109
vn -0.011109 0.000244 -0.999908
vn -0.011109 0.000244 -0.999908
vn -0.011109 0.000244 -0.999908
vn -0.011109 0.000244 -0.999908
vn 0.011109 -0.000244 0.999908
vn 0.011109 -0.000244 0.999908
vn 0.011109 -0.000244 0.999908
vn 0.011109 -0.000244 0.999908
vn -0.056827 0.015962 -0.998169
vn -0.056827 0.015962 -0.998169
vn -0.056827 0.015962 -0.998169
vn -0.056827 0.015962 -0.998169
vn 0.056827 -0.015962 0.998169
vn 0.056827 -0.015962 0.998169
vn 0.056827 -0.015962 0.998169
vn 0.056827 -0.015962 0.998169
vn -0.998138 -0.018708 0.056491
vn -0.998138 -0.018708 0.056491
vn -0.998138 -0.018708 0.056491
vn -0.998138 -0.018708 0.056491
vn 0.998138 0.018708 -0.056491
vn 0.998138 0.018708 -0.056491
vn 0.998138 0.018708 -0.056491
vn 0.998138 0.018708 -0.056491
vn 0.000000 0.000000 -1.000000
vn 0.000000 0.000000 -1.000000
vn 0.000000 0.000000 -1.000000
vn 0.000000 0.000000 -1.000000
vn 0.000000 0.000000 -1.000000
vn 0.000000 0.000000 -1.000000
vn 0.000000 0.000000 -1.000000
vn 0.000000 0.000000 -1.000000
vn 0.000000 0.000000 -1.000000
vn 0.000000 0.000000 -1.000000
vn 0.000000 0.000000 -1.000000
vn 0.000000 0.000000 -1.000000
vn 0.000000 0.000000 -1.000000
vn 0.000000 0.000000 -1.000000
vn 0.000000 0.000000 -1.000000
vn 0.000000 0.000000 -1.000000
vn 0.000000 0.000000 -1.000000
vn 0.000000 0.000000 -1.000000
vn 0.000000 0.000000 -1.000000
vn 0.000000 0.000000 -1.000000
vn 0.000000 0.000000 -1.000000
vn 0.000000 0.000000 -1.000000
vn 0.000000 0.000000 -1.000000
vn 0.000000 0.000000 -1.000000
vn 0.000000 0.000000 -1.000000
vn 0.000000 0.000000 -1.000000
vn 0.000000 0.000000 -1.000000
vn 0.000000 0.000000 -1.000000
vn 0.002136 -0.008179 0.999939
vn 0.002136 -0.008179 0.999939
vn 0.002136 -0.008179 0.999939
vn 0.002136 -0.008179 0.999939
vn -0.002136 0.008179 -0.999939
vn -0.002136 0.008179 -0.999939
vn -0.002136 0.008179 -0.999939
vn -0.002136 0.008179 -0.999939
vn 0.999969 0.000000 -0.002136
vn 0.999969 0.000000 -0.002136
vn 0.999969 0.000000 -0.002136
vn 0.999969 0.000000 -0.002136
vn -0.999969 0.000000 0.002136
vn -0.999969 0.000000 0.002136
vn -0.999969 0.000000 0.002136
vn -0.999969 0.000000 0.002136
vn 0.999084 -0.001709 -0.042330
vn 0.999084 -0.001709 -0.042330
vn 0.999084 -0.001709 -0.042330
vn 0.999084 -0.001709 -0.042330
vn -0.999084 0.001709 0.042330
vn -0.999084 0.001709 0.042330
vn -0.999084 0.001709 0.042330
vn -0.999084 0.001709 0.042330
vn -0.042330 -0.012238 -0.998962
vn -0.042330 -0.012238 -0.998962
vn -0.042330 -0.012238 -0.998962
vn -0.042330 -0.012238 -0.998962
vn 0.042330 0.012238 0.998962
vn 0.042330 0.012238 0.998962
vn 0.042330 0.012238 0.998962
vn 0.042330 0.012238 0.998962
vn 0.023897 0.004364 -0.999695
vn 0.023897 0.004364 -0.999695
vn 0.023897 0.004364 -0.999695
vn 0.023897 0.004364 -0.999695
vn -0.023897 -0.004364 0.999695
vn -0.023897 -0.004364 0.999695
vn -0.023897 -0.004364 0.999695
vn -0.023897 -0.004364 0.999695
vn -0.999695 -0.001282 -0.023897
vn -0.999695 -0.001282 -0.023897
vn -0.999695 -0.001282 -0.023897
vn -0.999695 -0.001282 -0.023897
vn 0.999695 0.001282 0.023897
vn 0.999695 0.001282 0.023897
vn 0.999695 0.001282 0.023897
vn 0.999695 0.001282 0.023897
vn -0.048923 0.006897 -0.998688
vn -0.048923 0.006897 -0.998688
vn -0.048923 0.006897 -0.998688
vn -0.048923 0.006897 -0.998688
vn 0.048923 -0.006897 0.998688
vn 0.048923 -0.006897 0.998688
vn 0.048923 -0.006897 0.998688
vn 0.048923 -0.006897 0.998688
vn -0.998535 -0.020051 0.048801
vn -0.998535 -0.020051 0.048801
vn -0.998535 -0.020051 0.048801
vn -0.998535 -0.020051 0.048801
vn 0.998535 0.020051 -0.048801
vn 0.998535 0.020051 -0.048801
vn 0.998535 0.020051 -0.048801
vn 0.998535 0.020051 -0.048801
vn 0.999603 -0.012940 0.024507
vn 0.999603 -0.012940 0.024507
vn 0.999603 -0.012940 0.024507
vn 0.999603 -0.012940 0.024507
vn -0.999603 0.012940 -0.024507
vn -0.999603 0.012940 -0.024507
vn -0.999603 0.012940 -0.024507
vn -0.999603 0.012940 -0.024507
vn 0.024141 -0.027742 -0.999298
vn 0.024141 -0.027742 -0.999298
vn 0.024141 -0.027742 -0.999298
vn 0.024141 -0.027742 -0.999298
vn -0.024141 0.027742 0.999298
vn -0.024141 0.027742 0.999298
vn -0.024141 0.027742 0.999298
vn -0.024141 0.027742 0.999298
vn 0.081487 -0.011903 -0.996521
vn 0.081487 -0.011903 -0.996521
vn 0.081487 -0.011903 -0.996521
vn 0.081487 -0.011903 -0.996521
vn -0.081487 0.011903 0.996521
vn -0.081487 0.011903 0.996521
vn -0.081487 0.011903 0.996521
vn -0.081487 0.011903 0.996521
vn -0.996582 0.005493 -0.081517
vn -0.996582 0.005493 -0.081517
vn -0.996582 0.005493 -0.081517
vn -0.996582 0.005493 -0.081517
vn 0.996582 -0.005493 0.081517
vn 0.996582 -0.005493 0.081517
vn 0.996582 -0.005493 0.081517
vn 0.996582 -0.005493 0.081517
vn 0.015138 0.011475 -0.999817
vn 0.015138 0.011475 -0.999817
vn 0.015138 0.011475 -0.999817
vn 0.015138 0.011475 -0.999817
vn -0.015138 -0.011475 0.999817
vn -0.015138 -0.011475 0.999817
vn -0.015138 -0.011475 0.999817
vn -0.015138 -0.011475 0.999817
vn -0.999542 0.025484 -0.014832
vn -0.999542 0.025484 -0.014832
vn -0.999542 0.025484 -0.014832
vn -0.999542 0.025484 -0.014832
vn 0.999542 -0.025484 0.014832
vn 0.999542 -0.025484 0.014832
vn 0.999542 -0.025484 0.014832
vn 0.999542 -0.025484 0.014832
vn 0.036593 0.785723 -0.617317
vn 0.036593 0.785723 -0.617317
vn 0.036593 0.785723 -0.617317
vn 0.036593 0.785723 -0.617317
vn -0.022737 -0.777696 0.628121
vn -0.022737 -0.777696 0.628121
vn -0.022737 -0.777696 0.628121
vn -0.022737 -0.777696 0.628121
vn -0.999695 -0.022371 0.007721
vn -0.999695 -0.022371 0.007721
vn -0.999695 -0.022371 0.007721
vn -0.999695 -0.022371 0.007721
vn 0.999756 0.020601 -0.007569
vn 0.999756 0.020601 -0.007569
vn 0.999756 0.020601 -0.007569
vn 0.999756 0.020601 -0.007569
vn -0.247391 0.968840 -0.002289
vn -0.247391 0.968840 -0.002289
vn -0.247391 0.968840 -0.002289
vn -0.247391 0.968840 -0.002289
vn 0.968840 0.247391 0.001709
vn 0.968840 0.247391 0.001709
vn 0.968840 0.247391 0.001709
vn 0.968840 0.247391 0.001709
vn -0.968840 -0.247391 -0.001709
vn -0.968840 -0.247391 -0.001709
vn -0.968840 -0.247391 -0.001709
vn -0.968840 -0.247391 -0.001709
vn 0.017793 0.000366 -0.999817
vn 0.017793 0.000366 -0.999817
vn 0.017793 0.000366 -0.999817
vn 0.017793 0.000366 -0.999817
vn -0.017793 -0.000366 0.999817
vn -0.017793 -0.000366 0.999817
vn -0.017793 -0.000366 0.999817
vn -0.017793 -0.000366 0.999817
vn -0.999725 0.013093 -0.017793
vn -0.999725 0.013093 -0.017793
vn -0.999725 0.013093 -0.017793
vn -0.999725 0.013093 -0.017793
vn 0.999725 -0.013093 0.017793
vn 0.999725 -0.013093 0.017793
vn 0.999725 -0.013093 0.017793
vn 0.999725 -0.013093 0.017793
vn -0.072972 -0.002075 -0.997314
vn -0.072972 -0.002075 -0.997314
vn -0.072972 -0.002075 -0.997314
vn -0.072972 -0.002075 -0.997314
vn 0.072972 0.002075 0.997314
vn 0.072972 0.002075 0.997314
vn 0.072972 0.002075 0.997314
vn 0.072972 0.002075 0.997314
vn -0.997284 -0.009553 0.072972
vn -0.997284 -0.009553 0.072972
vn -0.997284 -0.009553 0.072972
vn -0.997284 -0.009553 0.072972
vn 0.997284 0.009553 -0.072972
vn 0.997284 0.009553 -0.072972
vn 0.997284 0.009553 -0.072972
vn 0.997284 0.009553 -0.072972
vn 0.004792 0.000000 -0.999969
vn 0.004792 0.000000 -0.999969
vn 0.004792 0.000000 -0.999969
vn 0.004792 0.000000 -0.999969
vn -0.004792 0.000000 0.999969
vn -0.004792 0.000000 0.999969
vn -0.004792 0.000000 0.999969
vn -0.004792 0.000000 0.999969
vn -0.999939 0.008362 -0.004792
vn -0.999939 0.008362 -0.004792
vn -0.999939 0.008362 -0.004792
vn -0.999939 0.008362 -0.004792
vn 0.999939 -0.008362 0.004792
vn 0.999939 -0.008362 0.004792
vn 0.999939 -0.008362 0.004792
vn 0.999939 -0.008362 0.004792
vn 0.064091 0.013520 -0.997833
vn 0.064091 0.013520 -0.997833
vn 0.064091 0.013520 -0.997833
vn 0.064091 0.013520 -0.997833
vn -0.064091 -0.013520 0.997833
vn -0.064091 -0.013520 0.997833
vn -0.064091 -0.013520 0.997833
vn -0.064091 -0.013520 0.997833
vn -0.997558 -0.026643 -0.064427
vn -0.997558 -0.026643 -0.064427
vn -0.997558 -0.026643 -0.064427
vn -0.997558 -0.026643 -0.064427
vn 0.997558 0.026643 0.064427
vn 0.997558 0.026643 0.064427
vn 0.997558 0.026643 0.064427
vn 0.997558 0.026643 0.064427
vn 0.159159 0.000000 -0.987151
vn 0.159159 0.000000 -0.987151
vn 0.159159 0.000000 -0.987151
vn 0.159159 0.000000 -0.987151
vn -0.159159 0.000000 0.987151
vn -0.159159 0.000000 0.987151
vn -0.159159 0.000000 0.987151
vn -0.159159 0.000000 0.987151
vn -0.978545 -0.131813 -0.157786
vn -0.978545 -0.131813 -0.157786
vn -0.978545 -0.131813 -0.157786
vn -0.978545 -0.131813 -0.157786
vn 0.978545 0.131813 0.157786
vn 0.978545 0.131813 0.157786
vn 0.978545 0.131813 0.157786
vn 0.978545 0.131813 0.157786
vn 0.999756 -0.007019 -0.020723
vn 0.999756 -0.007019 -0.020723
vn 0.999756 -0.007019 -0.020723
vn 0.999756 -0.007019 -0.020723
vn -0.999756 0.007019 0.020723
vn -0.999756 0.007019 0.020723
vn -0.999756 0.007019 0.020723
vn -0.999756 0.007019 0.020723
vn -0.020906 -0.032320 -0.999237
vn -0.020906 -0.032320 -0.999237
vn -0.020906 -0.032320 -0.999237
vn -0.020906 -0.032320 -0.999237
vn 0.020906 0.032320 0.999237
vn 0.020906 0.032320 0.999237
vn 0.020906 0.032320 0.999237
vn 0.020906 0.032320 0.999237
vn 0.998047 -0.010346 -0.061375
vn 0.998047 -0.010346 -0.061375
vn 0.998047 -0.010346 -0.061375
vn 0.998047 -0.010346 -0.061375
vn -0.998047 0.010346 0.061375
vn -0.998047 0.010346 0.061375
vn -0.998047 0.010346 0.061375
vn -0.998047 0.010346 0.061375
vn -0.061619 -0.028658 -0.997681
vn -0.061619 -0.028658 -0.997681
vn -0.061619 -0.028658 -0.997681
vn -0.061619 -0.028658 -0.997681
vn 0.061619 0.028658 0.997681
vn 0.061619 0.028658 0.997681
vn 0.061619 0.028658 0.997681
vn 0.061619 0.028658 0.997681
vn -0.247391 0.968840 -0.002289
vn -0.247391 0.968840 -0.002289
vn -0.247391 0.968840 -0.002289
vn -0.247391 0.968840 -0.002289
vn 0.968840 0.247391 0.001709
vn 0.968840 0.247391 0.001709
vn 0.968840 0.247391 0.001709
vn 0.968840 0.247391 0.001709
vn -0.968840 -0.247391 -0.001709
vn -0.968840 -0.247391 -0.001709
vn -0.968840 -0.247391 -0.001709
vn -0.968840 -0.247391 -0.001709
vn 0.997467 0.016938 0.068638
vn 0.997467 0.016938 0.068638
vn 0.997467 0.016938 0.068638
vn 0.997467 0.016938 0.068638
vn -0.997467 -0.016938 -0.068638
vn -0.997467 -0.016938 -0.068638
vn -0.997467 -0.016938 -0.068638
vn -0.997467 -0.016938 -0.068638
vn 0.069249 -0.034151 -0.996948
vn 0.069249 -0.034151 -0.996948
vn 0.069249 -0.034151 -0.996948
vn 0.069249 -0.034151 -0.996948
vn -0.069249 0.034151 0.996948
vn -0.069249 0.034151 0.996948
vn -0.069249 0.034151 0.996948
vn -0.069249 0.034151 0.996948
vn 0.065647 0.001770 -0.997833
vn 0.065647 0.001770 -0.997833
vn 0.065647 0.001770 -0.997833
vn 0.065647 0.001770 -0.997833
vn -0.065647 -0.001770 0.997833
vn -0.065647 -0.001770 0.997833
vn -0.065647 -0.001770 0.997833
vn -0.065647 -0.001770 0.997833
vn -0.997803 -0.005677 -0.065647
vn -0.997803 -0.005677 -0.065647
vn -0.997803 -0.005677 -0.065647
vn -0.997803 -0.005677 -0.065647
vn 0.997803 0.005677 0.065647
vn 0.997803 0.005677 0.065647
vn 0.997803 0.005677 0.065647
vn 0.997803 0.005677 0.065647
vn 0.078343 0.015779 -0.996704
vn 0.078343 0.015779 -0.996704
vn 0.078343 0.015779 -0.996704
vn 0.078343 0.015779 -0.996704
vn -0.078343 -0.015779 0.996704
vn -0.078343 -0.015779 0.996704
vn -0.078343 -0.015779 0.996704
vn -0.078343 -0.015779 0.996704
vn -0.996734 -0.013001 -0.078588
vn -0.996734 -0.013001 -0.078588
vn -0.996734 -0.013001 -0.078588
vn -0.996734 -0.013001 -0.078588
vn 0.996734 0.013001 0.078588
vn 0.996734 0.013001 0.078588
vn 0.996734 0.013001 0.078588
vn 0.996734 0.013001 0.078588
vn 0.000000 0.000000 1.000000
vn 0.000000 0.000000 1.000000
vn 0.000000 0.000000 1.000000
vn 0.000000 0.000000 1.000000
vn 0.000000 0.000000 -1.000000
vn 0.000000 0.000000 -1.000000
vn 0.000000 0.000000 -1.000000
vn 0.000000 0.000000 -1.000000
vn 0.965910 -0.258774 0.000000
vn 0.965910 -0.258774 0.000000
vn 0.965910 -0.258774 0.000000
vn 0.965910 -0.258774 0.000000
vn -0.965910 0.258774 0.000000
vn -0.965910 0.258774 0.000000
vn -0.965910 0.258774 0.000000
vn -0.965910 0.258774 0.000000
vn 0.997406 0.013123 0.070500
vn 0.997406 0.013123 0.070500
vn 0.997406 0.013123 0.070500
vn 0.997406 0.013123 0.070500
vn -0.997406 -0.013123 -0.070500
vn -0.997406 -0.013123 -0.070500
vn -0.997406 -0.013123 -0.070500
vn -0.997406 -0.013123 -0.070500
vn 0.070347 0.006440 -0.997467
vn 0.070347 0.006440 -0.997467
vn 0.070347 0.006440 -0.997467
vn 0.070347 0.006440 -0.997467
vn -0.070347 -0.006440 0.997467
vn -0.070347 -0.006440 0.997467
vn -0.070347 -0.006440 0.997467
vn -0.070347 -0.006440 0.997467
vn -0.034731 -0.007019 -0.999359
vn -0.034731 -0.007019 -0.999359
vn -0.034731 -0.007019 -0.999359
vn -0.034731 -0.007019 -0.999359
vn 0.034731 0.007019 0.999359
vn 0.034731 0.007019 0.999359
vn 0.034731 0.007019 0.999359
vn 0.034731 0.007019 0.999359
vn -0.998779 -0.032320 0.034884
vn -0.998779 -0.032320 0.034884
vn -0.998779 -0.032320 0.034884
vn -0.998779 -0.032320 0.034884
vn 0.998779 0.032320 -0.034884
vn 0.998779 0.032320 -0.034884
vn 0.998779 0.032320 -0.034884
vn 0.998779 0.032320 -0.034884
vn 0.011170 -0.268418 -0.963163
vn 0.011170 -0.268418 -0.963163
vn 0.011170 -0.268418 -0.963163
vn 0.011170 -0.268418 -0.963163
vn 0.013978 0.963163 -0.268235
vn 0.013978 0.963163 -0.268235
vn 0.013978 0.963163 -0.268235
vn 0.013978 0.963163 -0.268235
vn -0.013978 -0.963163 0.268235
vn -0.013978 -0.963163 0.268235
vn -0.013978 -0.963163 0.268235
vn -0.013978 -0.963163 0.268235
vn -0.999817 0.010438 -0.014527
vn -0.999817 0.010438 -0.014527
vn -0.999817 0.010438 -0.014527
vn -0.999817 0.010438 -0.014527
vn 0.999817 -0.010438 0.014527
vn 0.999817 -0.010438 0.014527
vn 0.999817 -0.010438 0.014527
vn 0.999817 -0.010438 0.014527
vn 0.065647 0.001770 -0.997833
vn 0.065647 0.001770 -0.997833
vn 0.065647 0.001770 -0.997833
vn 0.065647 0.001770 -0.997833
vn -0.065647 -0.001770 0.997833
vn -0.065647 -0.001770 0.997833
vn -0.065647 -0.001770 0.997833
vn -0.065647 -0.001770 0.997833
vn -0.997803 -0.005677 -0.065647
vn -0.997803 -0.005677 -0.065647
vn -0.997803 -0.005677 -0.065647
vn -0.997803 -0.005677 -0.065647
vn 0.997803 0.005677 0.065647
vn 0.997803 0.005677 0.065647
vn 0.997803 0.005677 0.065647
vn 0.997803 0.005677 0.065647
vn 0.000000 0.000000 1.000000
vn 0.000000 0.000000 1.000000
vn 0.000000 0.000000 1.000000
vn 0.000000 0.000000 1.000000
vn 0.000000 0.000000 -1.000000
vn 0.000000 0.000000 -1.000000
vn 0.000000 0.000000 -1.000000
vn 0.000000 0.000000 -1.000000
vn 1.000000 0.000000 0.000000
vn 1.000000 0.000000 0.000000
vn 1.000000 0.000000 0.000000
vn 1.000000 0.000000 0.000000
vn -1.000000 0.000000 0.000000
vn -1.000000 0.000000 0.000000
vn -1.000000 0.000000 0.000000
vn -1.000000 0.000000 0.000000
vn -0.247391 0.968840 -0.002289
vn -0.247391 0.968840 -0.002289
vn -0.247391 0.968840 -0.002289
vn -0.247391 0.968840 -0.002289
vn 0.968840 0.247391 0.001709
vn 0.968840 0.247391 0.001709
vn 0.968840 0.247391 0.001709
vn 0.968840 0.247391 0.001709
vn -0.968840 -0.247391 -0.001709
vn -0.968840 -0.247391 -0.001709
vn -0.968840 -0.247391 -0.001709
vn -0.968840 -0.247391 -0.001709
vn -0.048923 0.006897 -0.998688
vn -0.048923 0.006897 -0.998688
vn -0.048923 0.006897 -0.998688
vn -0.048923 0.006897 -0.998688
vn 0.048923 -0.006897 0.998688
vn 0.048923 -0.006897 0.998688
vn 0.048923 -0.006897 0.998688
vn 0.048923 -0.006897 0.998688
vn -0.998535 -0.020051 0.048801
vn -0.998535 -0.020051 0.048801
vn -0.998535 -0.020051 0.048801
vn -0.998535 -0.020051 0.048801
vn 0.998535 0.020051 -0.048801
vn 0.998535 0.020051 -0.048801
vn 0.998535 0.020051 -0.048801
vn 0.998535 0.020051 -0.048801
vn 0.996307 0.007905 0.084447
vn 0.996307 0.007905 0.084447
vn 0.996307 0.007905 0.084447
vn 0.996307 0.007905 0.084447
vn -0.996307 -0.007905 -0.084447
vn -0.996307 -0.007905 -0.084447
vn -0.996307 -0.007905 -0.084447
vn -0.996307 -0.007905 -0.084447
vn 0.084600 -0.012421 -0.996246
vn 0.084600 -0.012421 -0.996246
vn 0.084600 -0.012421 -0.996246
vn 0.084600 -0.012421 -0.996246
vn -0.084600 0.012421 0.996246
vn -0.084600 0.012421 0.996246
vn -0.084600 0.012421 0.996246
vn -0.084600 0.012421 0.996246
vn 0.999206 0.000305 0.039034
vn 0.999206 0.000305 0.039034
vn 0.999206 0.000305 0.039034
vn 0.999206 0.000305 0.039034
vn -0.999206 -0.000305 -0.039034
vn -0.999206 -0.000305 -0.039034
vn -0.999206 -0.000305 -0.039034
vn -0.999206 -0.000305 -0.039034
vn 0.039034 0.024385 -0.998871
vn 0.039034 0.024385 -0.998871
vn 0.039034 0.024385 -0.998871
vn 0.039034 0.024385 -0.998871
vn -0.039034 -0.024385 0.998871
vn -0.039034 -0.024385 0.998871
vn -0.039034 -0.024385 0.998871
vn -0.039034 -0.024385 0.998871
vn -0.060764 -0.001495 -0.998077
vn -0.060764 -0.001495 -0.998077
vn -0.060764 -0.001495 -0.998077
vn -0.060764 -0.001495 -0.998077
vn 0.060764 0.001495 0.998077
vn 0.060764 0.001495 0.998077
vn 0.060764 0.001495 0.998077
vn 0.060764 0.001495 0.998077
vn -0.997925 0.021089 0.060734
vn -0.997925 0.021089 0.060734
vn -0.997925 0.021089 0.060734
vn -0.997925 0.021089 0.060734
vn 0.997925 -0.021089 -0.060734
vn 0.997925 -0.021089 -0.060734
vn 0.997925 -0.021089 -0.060734
vn 0.997925 -0.021089 -0.060734
vn -0.040743 0.014100 -0.998993
vn -0.040743 0.014100 -0.998993
vn -0.040743 0.014100 -0.998993
vn -0.040743 0.014100 -0.998993
vn 0.040743 -0.014100 0.998993
vn 0.040743 -0.014100 0.998993
vn 0.040743 -0.014100 0.998993
vn 0.040743 -0.014100 0.998993
vn -0.999115 0.008545 0.040866
vn -0.999115 0.008545 0.040866
vn -0.999115 0.008545 0.040866
vn -0.999115 0.008545 0.040866
vn 0.999115 -0.008545 -0.040866
vn 0.999115 -0.008545 -0.040866
vn 0.999115 -0.008545 -0.040866
vn 0.999115 -0.008545 -0.040866
vn -0.247391 0.968840 -0.002289
vn -0.247391 0.968840 -0.002289
vn -0.247391 0.968840 -0.002289
vn -0.247391 0.968840 -0.002289
vn 0.968840 0.247391 0.001709
vn 0.968840 0.247391 0.001709
vn 0.968840 0.247391 0.001709
vn 0.968840 0.247391 0.001709
vn -0.968840 -0.247391 -0.001709
vn -0.968840 -0.247391 -0.001709
vn -0.968840 -0.247391 -0.001709
vn -0.968840 -0.247391 -0.001709
vn 0.999268 0.004364 0.037905
vn 0.999268 0.004364 0.037905
vn 0.999268 0.004364 0.037905
vn 0.999268 0.004364 0.037905
vn -0.999268 -0.004364 -0.037905
vn -0.999268 -0.004364 -0.037905
vn -0.999268 -0.004364 -0.037905
vn -0.999268 -0.004364 -0.037905
vn 0.037936 -0.001282 -0.999268
vn 0.037936 -0.001282 -0.999268
vn 0.037936 -0.001282 -0.999268
vn 0.037936 -0.001282 -0.999268
vn -0.037936 0.001282 0.999268
vn -0.037936 0.001282 0.999268
vn -0.037936 0.001282 0.999268
vn -0.037936 0.001282 0.999268
vn 0.865959 0.000000 -0.500000
vn 0.500000 0.000000 -0.865959
vn 0.499420 -0.044528 -0.865135
vn 0.865135 -0.044528 -0.499420
vn 0.000336 0.000000 -1.000000
vn 0.000000 -0.044528 -0.998932
vn -0.486388 0.000000 -0.873619
vn -0.499023 -0.044650 -0.865348
vn -0.852133 0.000000 -0.523195
vn -0.864646 -0.044894 -0.500244
vn -1.000000 0.000000 0.000000
vn -0.998901 -0.045016 0.000000
vn -0.852133 0.000000 0.523195
vn -0.864646 -0.044894 0.500244
vn -0.486388 0.000000 0.873619
vn -0.499023 -0.044650 0.865348
vn 0.000336 0.000000 1.000000
vn 0.000000 -0.044528 0.998932
vn 0.499969 0.000000 0.865959
vn 0.499420 -0.044528 0.865165
vn 0.865959 0.000000 0.499969
vn 0.865165 -0.044528 0.499420
vn 1.000000 0.000000 0.000000
vn 0.998932 -0.044528 0.000000
vn 0.461301 0.887139 0.000000
vn 0.000000 1.000000 0.000000
vn 0.000000 1.000000 0.000000
vn 0.439663 0.861411 0.253861
vn 0.811726 -0.583990 0.000000
vn 0.702985 -0.583990 -0.405848
vn 0.702985 0.583990 -0.405848
vn 0.811726 0.583990 0.000000
vn 0.405848 -0.583990 -0.702985
vn 0.405848 0.583990 -0.702985
vn 0.000000 -0.583990 -0.811726
vn 0.000000 0.583990 -0.811726
vn -0.405848 -0.583990 -0.702985
vn -0.405848 0.583990 -0.702985
vn -0.702985 -0.583990 -0.405848
vn -0.702985 0.583990 -0.405848
vn -0.811726 -0.583990 0.000000
vn -0.811726 0.583990 0.000000
vn -0.702985 -0.583990 0.405848
vn -0.702985 0.583990 0.405848
vn -0.405848 -0.583990 0.702985
vn -0.405848 0.583990 0.702985
vn 0.000000 -0.583990 0.811726
vn 0.000000 0.583990 0.811726
vn 0.405848 -0.583990 0.702985
vn 0.405848 0.583990 0.702985
vn 0.702985 -0.583990 0.405848
vn 0.702985 0.583990 0.405848
vn 0.543551 0.778429 -0.313770
vn 0.627632 0.778429 0.000000
vn 0.313770 0.778429 -0.543551
vn 0.000000 0.778429 -0.627632
vn -0.313770 0.778429 -0.543551
vn -0.543551 0.778429 -0.313770
vn -0.627632 0.778429 0.000000
vn -0.543551 0.778429 0.313770
vn -0.313770 0.778429 0.543551
vn 0.000000 0.778429 0.627632
vn 0.313770 0.778429 0.543551
vn 0.543551 0.778429 0.313770
vn 0.439663 0.861411 -0.253861
vn 0.325063 0.759751 -0.562992
vn 0.000000 0.759751 -0.650156
vn -0.325063 0.759751 -0.562992
vn -0.439663 0.861411 -0.253861
vn -0.461301 0.887139 0.000000
vn -0.439663 0.861411 0.253861
vn -0.325063 0.759751 0.562992
vn 0.000000 0.759751 0.650156
vn 0.325063 0.759751 0.562992
vn 0.000000 1.000000 0.000000
vn -0.247391 0.968840 -0.002289
vn -0.247391 0.968840 -0.002289
vn -0.247391 0.968840 -0.002289
vn -0.247391 0.968840 -0.002289
vn 0.968840 0.247391 0.001709
vn 0.968840 0.247391 0.001709
vn 0.968840 0.247391 0.001709
vn 0.968840 0.247391 0.001709
vn -0.968840 -0.247391 -0.001709
vn -0.968840 -0.247391 -0.001709
vn -0.968840 -0.247391 -0.001709
vn -0.968840 -0.247391 -0.001709
vn -0.011170 -0.268418 0.963163
vn -0.011170 -0.268418 0.963163
vn -0.011170 -0.268418 0.963163
vn -0.011170 -0.268418 0.963163
vn -0.013978 0.963163 0.268235
vn -0.013978 0.963163 0.268235
vn -0.013978 0.963163 0.268235
vn -0.013978 0.963163 0.268235
vn 0.013978 -0.963163 -0.268235
vn 0.013978 -0.963163 -0.268235
vn 0.013978 -0.963163 -0.268235
vn 0.013978 -0.963163 -0.268235
vn 0.999817 0.010438 0.014527
vn 0.999817 0.010438 0.014527
vn 0.999817 0.010438 0.014527
vn 0.999817 0.010438 0.014527
vn -0.999817 -0.010438 -0.014527
vn -0.999817 -0.010438 -0.014527
vn -0.999817 -0.010438 -0.014527
vn -0.999817 -0.010438 -0.014527
vn -0.014619 0.011262 -0.999817
vn -0.014619 0.011262 -0.999817
vn -0.014619 0.011262 -0.999817
vn -0.014619 0.011262 -0.999817
vn 0.014619 -0.011262 0.999817
vn 0.014619 -0.011262 0.999817
vn 0.014619 -0.011262 0.999817
vn 0.014619 -0.011262 0.999817
vn -0.999756 0.015321 0.014802
vn -0.999756 0.015321 0.014802
vn -0.999756 0.015321 0.014802
vn -0.999756 0.015321 0.014802
vn 0.999756 -0.015321 -0.014802
vn 0.999756 -0.015321 -0.014802
vn 0.999756 -0.015321 -0.014802
vn 0.999756 -0.015321 -0.014802
vn 0.000000 0.000000 1.000000
vn 0.000000 0.000000 1.000000
vn 0.000000 0.000000 1.000000
vn 0.000000 0.000000 1.000000
vn 0.000000 0.000000 -1.000000
vn 0.000000 0.000000 -1.000000
vn 0.000000 0.000000 -1.000000
vn 0.000000 0.000000 -1.000000
vn 1.000000 0.000000 0.000000
vn 1.000000 0.000000 0.000000
vn 1.000000 0.000000 0.000000
vn 1.000000 0.000000 0.000000
vn -1.000000 0.000000 0.000000
vn -1.000000 0.000000 0.000000
vn -1.000000 0.000000 0.000000
vn -1.000000 0.000000 0.000000
vn 0.000000 -1.000000 0.000000
vn 0.000000 -1.000000 0.000000
vn 0.000000 -1.000000 0.000000
vn 0.000000 -1.000000 0.000000
vn -0.060764 -0.001495 -0.998077
vn -0.060764 -0.001495 -0.998077
vn -0.060764 -0.001495 -0.998077
vn -0.060764 -0.001495 -0.998077
vn 0.060764 0.001495 0.998077
vn 0.060764 0.001495 0.998077
vn 0.060764 0.001495 0.998077
vn 0.060764 0.001495 0.998077
vn -0.997925 0.021089 0.060734
vn -0.997925 0.021089 0.060734
vn -0.997925 0.021089 0.060734
vn -0.997925 0.021089 0.060734
vn 0.997925 -0.021089 -0.060734
vn 0.997925 -0.021089 -0.060734
vn 0.997925 -0.021089 -0.060734
vn 0.997925 -0.021089 -0.060734
vn 0.997711 0.007599 0.066838
vn 0.997711 0.007599 0.066838
vn 0.997711 0.007599 0.066838
vn 0.997711 0.007599 0.066838
vn -0.997711 -0.007599 -0.066838
vn -0.997711 -0.007599 -0.066838
vn -0.997711 -0.007599 -0.066838
vn -0.997711 -0.007599 -0.066838
vn 0.066868 -0.014405 -0.997650
vn 0.066868 -0.014405 -0.997650
vn 0.066868 -0.014405 -0.997650
vn 0.066868 -0.014405 -0.997650
vn -0.066868 0.014405 0.997650
vn -0.066868 0.014405 0.997650
vn -0.066868 0.014405 0.997650
vn -0.066868 0.014405 0.997650
vn -0.247085 0.968901 0.000000
vn -0.247085 0.968901 0.000000
vn -0.247085 0.968901 0.000000
vn -0.247085 0.968901 0.000000
vn 0.247024 0.968931 0.000000
vn 0.247024 0.968931 0.000000
vn 0.247024 0.968931 0.000000
vn 0.247024 0.968931 0.000000
vn 0.438442 0.898675 0.000000
vn 0.438442 0.898675 0.000000
vn 0.438442 0.898675 0.000000
vn 0.438442 0.898675 0.000000
vn -0.438442 0.898675 0.000000
vn -0.438442 0.898675 0.000000
vn -0.438442 0.898675 0.000000
vn -0.438442 0.898675 0.000000
vn 0.000000 0.000000 1.000000
vn 0.000000 0.000000 1.000000
vn 0.000000 0.000000 1.000000
vn 0.000000 0.000000 1.000000
vn 0.000000 0.000000 -1.000000
vn 0.000000 0.000000 -1.000000
vn 0.000000 0.000000 -1.000000
vn 0.000000 0.000000 -1.000000
vn -0.968840 -0.247421 0.000000
vn -0.968840 -0.247421 0.000000
vn -0.968840 -0.247421 0.000000
vn -0.968840 -0.247421 0.000000
vn 0.000000 0.000000 1.000000
vn 0.000000 0.000000 1.000000
vn 0.000000 0.000000 1.000000
vn 0.000000 0.000000 1.000000
vn 0.968840 -0.247421 0.000000
vn 0.968840 -0.247421 0.000000
vn 0.968840 -0.247421 0.000000
vn 0.968840 -0.247421 0.000000
vn 0.000000 0.000000 -1.000000
vn 0.000000 0.000000 -1.000000
vn 0.000000 0.000000 -1.000000
vn 0.000000 0.000000 -1.000000
vn 0.000000 0.000000 1.000000
vn 0.000000 0.000000 1.000000
vn 0.000000 0.000000 1.000000
vn 0.000000 0.000000 1.000000
vn 0.000000 0.000000 -1.000000
vn 0.000000 0.000000 -1.000000
vn 0.000000 0.000000 -1.000000
vn 0.000000 0.000000 -1.000000
vn 0.000000 0.000000 1.000000
vn 0.000000 0.000000 1.000000
vn 0.000000 0.000000 1.000000
vn 0.000000 0.000000 1.000000
vn 0.000000 0.000000 -1.000000
vn 0.000000 0.000000 -1.000000
vn 0.000000 0.000000 -1.000000
vn 0.000000 0.000000 -1.000000
vn -0.446866 -0.894555 0.000000
vn -0.446866 -0.894555 0.000000
vn -0.446866 -0.894555 0.000000
vn -0.446866 -0.894555 0.000000
vn -0.247421 -0.968840 0.000000
vn -0.247421 -0.968840 0.000000
vn -0.247421 -0.968840 0.000000
vn -0.247421 -0.968840 0.000000
vn 0.247421 -0.968840 0.000000
vn 0.247421 -0.968840 0.000000
vn 0.247421 -0.968840 0.000000
vn 0.247421 -0.968840 0.000000
vn 0.446866 -0.894555 0.000000
vn 0.446866 -0.894555 0.000000
vn 0.446866 -0.894555 0.000000
vn 0.446866 -0.894555 0.000000
vn 0.999084 -0.001709 -0.042330
vn 0.999084 -0.001709 -0.042330
vn 0.999084 -0.001709 -0.042330
vn 0.999084 -0.001709 -0.042330
vn -0.999084 0.001709 0.042330
vn -0.999084 0.001709 0.042330
vn -0.999084 0.001709 0.042330
vn -0.999084 0.001709 0.042330
vn -0.042330 -0.012238 -0.998962
vn -0.042330 -0.012238 -0.998962
vn -0.042330 -0.012238 -0.998962
vn -0.042330 -0.012238 -0.998962
vn 0.042330 0.012238 0.998962
vn 0.042330 0.012238 0.998962
vn 0.042330 0.012238 0.998962
vn 0.042330 0.012238 0.998962
vn -0.008637 -0.002625 -0.999939
vn -0.008637 -0.002625 -0.999939
vn -0.008637 -0.002625 -0.999939
vn -0.008637 -0.002625 -0.999939
vn 0.008637 0.002625 0.999939
vn 0.008637 0.002625 0.999939
vn 0.008637 0.002625 0.999939
vn 0.008637 0.002625 0.999939
vn -0.999908 -0.007935 0.008668
vn -0.999908 -0.007935 0.008668
vn -0.999908 -0.007935 0.008668
vn -0.999908 -0.007935 0.008668
vn 0.999908 0.007935 -0.008668
vn 0.999908 0.007935 -0.008668
vn 0.999908 0.007935 -0.008668
vn 0.999908 0.007935 -0.008668
vn 0.999512 0.014100 -0.026827
vn 0.999512 0.014100 -0.026827
vn 0.999512 0.014100 -0.026827
vn 0.999512 0.014100 -0.026827
vn -0.999512 -0.014100 0.026827
vn -0.999512 -0.014100 0.026827
vn -0.999512 -0.014100 0.026827
vn -0.999512 -0.014100 0.026827
vn -0.026949 0.008545 -0.999573
vn -0.026949 0.008545 -0.999573
vn -0.026949 0.008545 -0.999573
vn -0.026949 0.008545 -0.999573
vn 0.026949 -0.008545 0.999573
vn 0.026949 -0.008545 0.999573
vn 0.026949 -0.008545 0.999573
vn 0.026949 -0.008545 0.999573
vn 0.999817 0.003632 -0.017732
vn 0.999817 0.003632 -0.017732
vn 0.999817 0.003632 -0.017732
vn 0.999817 0.003632 -0.017732
vn -0.999817 -0.003632 0.017732
vn -0.999817 -0.003632 0.017732
vn -0.999817 -0.003632 0.017732
vn -0.999817 -0.003632 0.017732
vn -0.017488 -0.055515 -0.998230
vn -0.017488 -0.055515 -0.998230
vn -0.017488 -0.055515 -0.998230
vn -0.017488 -0.055515 -0.998230
vn 0.017976 -0.104041 0.994323
vn 0.017976 -0.104041 0.994323
vn 0.017976 -0.104041 0.994323
vn 0.017976 -0.104041 0.994323
vn 0.004608 -0.998382 0.055393
vn 0.004608 -0.998382 0.055393
vn 0.004608 -0.998382 0.055393
vn 0.004608 -0.998382 0.055393
vn 0.998169 -0.002075 -0.058933
vn 0.998169 -0.002075 -0.058933
vn 0.998169 -0.002075 -0.058933
vn 0.998169 -0.002075 -0.058933
vn -0.998169 0.002075 0.058933
vn -0.998169 0.002075 0.058933
vn -0.998169 0.002075 0.058933
vn -0.998169 0.002075 0.058933
vn -0.059025 -0.009553 -0.998138
vn -0.059025 -0.009553 -0.998138
vn -0.059025 -0.009553 -0.998138
vn -0.059025 -0.009553 -0.998138
vn 0.059025 0.009553 0.998138
vn 0.059025 0.009553 0.998138
vn 0.059025 0.009553 0.998138
vn 0.059025 0.009553 0.998138
vn 0.999756 0.013306 -0.017366
vn 0.999756 0.013306 -0.017366
vn 0.999756 0.013306 -0.017366
vn 0.999756 0.013306 -0.017366
vn -0.999756 -0.013306 0.017366
vn -0.999756 -0.013306 0.017366
vn -0.999756 -0.013306 0.017366
vn -0.999756 -0.013306 0.017366
vn -0.017671 0.025301 -0.999512
vn -0.017671 0.025301 -0.999512
vn -0.017671 0.025301 -0.999512
vn -0.017671 0.025301 -0.999512
vn 0.017671 -0.025301 0.999512
vn 0.017671 -0.025301 0.999512
vn 0.017671 -0.025301 0.999512
vn 0.017671 -0.025301 0.999512
vn 0.070530 0.016633 -0.997345
vn 0.070530 0.016633 -0.997345
vn 0.070530 0.016633 -0.997345
vn 0.070530 0.016633 -0.997345
vn -0.070530 -0.016633 0.997345
vn -0.070530 -0.016633 0.997345
vn -0.070530 -0.016633 0.997345
vn -0.070530 -0.016633 0.997345
vn -0.997436 0.010590 -0.070347
vn -0.997436 0.010590 -0.070347
vn -0.997436 0.010590 -0.070347
vn -0.997436 0.010590 -0.070347
vn 0.997436 -0.010590 0.070347
vn 0.997436 -0.010590 0.070347
vn 0.997436 -0.010590 0.070347
vn 0.997436 -0.010590 0.070347
vn -0.001770 -0.257126 -0.966337
vn -0.001770 -0.257126 -0.966337
vn -0.001770 -0.257126 -0.966337
vn -0.001770 -0.257126 -0.966337
vn 0.000885 0.966337 -0.257126
vn 0.000885 0.966337 -0.257126
vn 0.000885 0.966337 -0.257126
vn 0.000885 0.966337 -0.257126
vn -0.000885 -0.966337 0.257126
vn -0.000885 -0.966337 0.257126
vn -0.000885 -0.966337 0.257126
vn -0.000885 -0.966337 0.257126
vn -0.999969 0.001343 0.001465
vn -0.999969 0.001343 0.001465
vn -0.999969 0.001343 0.001465
vn -0.999969 0.001343 0.001465
vn 0.999969 -0.001343 -0.001465
vn 0.999969 -0.001343 -0.001465
vn 0.999969 -0.001343 -0.001465
vn 0.999969 -0.001343 -0.001465
vn 0.000000 1.000000 0.000000
vn 0.000000 1.000000 0.000000
vn 0.000000 1.000000 0.000000
vn 0.000000 1.000000 0.000000
vn 0.000000 0.000000 1.000000
vn 0.000000 0.000000 1.000000
vn 0.000000 0.000000 1.000000
vn 0.000000 0.000000 1.000000
vn 0.000000 -1.000000 0.000000
vn 0.000000 -1.000000 0.000000
vn 0.000000 -1.000000 0.000000
vn 0.000000 -1.000000 0.000000
vn 0.284807 0.958555 0.000000
vn 0.284807 0.958555 0.000000
vn 0.284807 0.958555 0.000000
vn 0.284807 0.958555 0.000000
vn -0.292041 0.956357 0.000000
vn -0.292041 0.956357 0.000000
vn -0.292041 0.956357 0.000000
vn -0.292041 0.956357 0.000000
vn -0.182995 -0.682995 0.707044
vn -0.182995 -0.682995 0.707044
vn -0.182995 -0.682995 0.707044
vn -0.182995 -0.682995 0.707044
vn 0.182995 0.682995 -0.707044
vn 0.182995 0.682995 -0.707044
vn 0.182995 0.682995 -0.707044
vn 0.182995 0.682995 -0.707044
vn 0.965910 -0.258774 0.000000
vn 0.965910 -0.258774 0.000000
vn 0.965910 -0.258774 0.000000
vn 0.965910 -0.258774 0.000000
vn -0.965910 0.258774 0.000000
vn -0.965910 0.258774 0.000000
vn -0.965910 0.258774 0.000000
vn -0.965910 0.258774 0.000000
vn -0.025545 0.008362 -0.999634
vn -0.025545 0.008362 -0.999634
vn -0.025545 0.008362 -0.999634
vn -0.025545 0.008362 -0.999634
vn 0.025545 -0.008362 0.999634
vn 0.025545 -0.008362 0.999634
vn 0.025545 -0.008362 0.999634
vn 0.025545 -0.008362 0.999634
vn -0.999420 0.021394 0.025667
vn -0.999420 0.021394 0.025667
vn -0.999420 0.021394 0.025667
vn -0.999420 0.021394 0.025667
vn 0.999420 -0.021394 -0.025667
vn 0.999420 -0.021394 -0.025667
vn 0.999420 -0.021394 -0.025667
vn 0.999420 -0.021394 -0.025667
vn 0.002136 -0.008179 0.999939
vn 0.002136 -0.008179 0.999939
vn 0.002136 -0.008179 0.999939
vn 0.002136 -0.008179 0.999939
vn -0.002136 0.008179 -0.999939
vn -0.002136 0.008179 -0.999939
vn -0.002136 0.008179 -0.999939
vn -0.002136 0.008179 -0.999939
vn 0.999969 0.000000 -0.002136
vn 0.999969 0.000000 -0.002136
vn 0.999969 0.000000 -0.002136
vn 0.999969 0.000000 -0.002136
vn -0.999969 0.000000 0.002136
vn -0.999969 0.000000 0.002136
vn -0.999969 0.000000 0.002136
vn -0.999969 0.000000 0.002136
vn 0.999817 -0.013978 -0.010834
vn 0.999817 -0.013978 -0.010834
vn 0.999817 -0.013978 -0.010834
vn 0.999817 -0.013978 -0.010834
vn -0.999817 0.013978 0.010834
vn -0.999817 0.013978 0.010834
vn -0.999817 0.013978 0.010834
vn -0.999817 0.013978 0.010834
vn -0.010834 -0.000092 -0.999939
vn -0.010834 -0.000092 -0.999939
vn -0.010834 -0.000092 -0.999939
vn -0.010834 -0.000092 -0.999939
vn 0.010834 0.000092 0.999939
vn 0.010834 0.000092 0.999939
vn 0.010834 0.000092 0.999939
vn 0.010834 0.000092 0.999939
vn 0.999695 -0.014588 -0.018647
vn 0.999695 -0.014588 -0.018647
vn 0.999695 -0.014588 -0.018647
vn 0.999695 -0.014588 -0.018647
vn -0.999695 0.014588 0.018647
vn -0.999695 0.014588 0.018647
vn -0.999695 0.014588 0.018647
vn -0.999695 0.014588 0.018647
vn -0.018953 -0.018953 -0.999634
vn -0.018953 -0.018953 -0.999634
vn -0.018953 -0.018953 -0.999634
vn -0.018953 -0.018953 -0.999634
vn 0.018953 0.018953 0.999634
vn 0.018953 0.018953 0.999634
vn 0.018953 0.018953 0.999634
vn 0.018953 0.018953 0.999634
vn -0.036929 0.003662 -0.999298
vn -0.036929 0.003662 -0.999298
vn -0.036929 0.003662 -0.999298
vn -0.036929 0.003662 -0.999298
vn 0.036929 -0.003662 0.999298
vn 0.036929 -0.003662 0.999298
vn 0.036929 -0.003662 0.999298
vn 0.036929 -0.003662 0.999298
vn -0.998993 -0.022066 0.036837
vn -0.998993 -0.022066 0.036837
vn -0.998993 -0.022066 0.036837
vn -0.998993 -0.022066 0.036837
vn 0.998993 0.022066 -0.036837
vn 0.998993 0.022066 -0.036837
vn 0.998993 0.022066 -0.036837
vn 0.998993 0.022066 -0.036837
vn 0.999878 0.008362 -0.011475
vn 0.999878 0.008362 -0.011475
vn 0.999878 0.008362 -0.011475
vn 0.999878 0.008362 -0.011475
vn -0.999878 -0.008362 0.011475
vn -0.999878 -0.008362 0.011475
vn -0.999878 -0.008362 0.011475
vn -0.999878 -0.008362 0.011475
vn -0.011658 0.021394 -0.999695
vn -0.011658 0.021394 -0.999695
vn -0.011658 0.021394 -0.999695
vn -0.011658 0.021394 -0.999695
vn 0.011658 -0.021394 0.999695
vn 0.011658 -0.021394 0.999695
vn 0.011658 -0.021394 0.999695
vn 0.011658 -0.021394 0.999695
vn -0.056247 -0.001709 -0.998321
vn -0.056247 -0.001709 -0.998321
vn -0.056247 -0.001709 -0.998321
vn -0.056247 -0.001709 -0.998321
vn 0.056247 0.001709 0.998321
vn 0.056247 0.001709 0.998321
vn 0.056247 0.001709 0.998321
vn 0.056247 0.001709 0.998321
vn -0.998260 -0.012238 0.056339
vn -0.998260 -0.012238 0.056339
vn -0.998260 -0.012238 0.056339
vn -0.998260 -0.012238 0.056339
vn 0.998260 0.012238 -0.056339
vn 0.998260 0.012238 -0.056339
vn 0.998260 0.012238 -0.056339
vn 0.998260 0.012238 -0.056339
vn 0.996765 0.013520 0.078069
vn 0.996765 0.013520 0.078069
vn 0.996765 0.013520 0.078069
vn 0.996765 0.013520 0.078069
vn -0.996765 -0.013520 -0.078069
vn -0.996765 -0.013520 -0.078069
vn -0.996765 -0.013520 -0.078069
vn -0.996765 -0.013520 -0.078069
vn 0.078343 -0.026643 -0.996490
vn 0.078343 -0.026643 -0.996490
vn 0.078343 -0.026643 -0.996490
vn 0.078343 -0.026643 -0.996490
vn -0.078343 0.026643 0.996490
vn -0.078343 0.026643 0.996490
vn -0.078343 0.026643 0.996490
vn -0.078343 0.026643 0.996490
vn 0.999512 0.014100 -0.026827
vn 0.999512 0.014100 -0.026827
vn 0.999512 0.014100 -0.026827
vn 0.999512 0.014100 -0.026827
vn -0.999512 -0.014100 0.026827
vn -0.999512 -0.014100 0.026827
vn -0.999512 -0.014100 0.026827
vn -0.999512 -0.014100 0.026827
vn -0.026949 0.008545 -0.999573
vn -0.026949 0.008545 -0.999573
vn -0.026949 0.008545 -0.999573
vn -0.026949 0.008545 -0.999573
vn 0.026949 -0.008545 0.999573
vn 0.026949 -0.008545 0.999573
vn 0.026949 -0.008545 0.999573
vn 0.026949 -0.008545 0.999573
vn 0.026521 0.012940 -0.999542
vn 0.026521 0.012940 -0.999542
vn 0.026521 0.012940 -0.999542
vn 0.026521 0.012940 -0.999542
vn -0.026521 -0.012940 0.999542
vn -0.026521 -0.012940 0.999542
vn -0.026521 -0.012940 0.999542
vn -0.026521 -0.012940 0.999542
vn -0.999542 0.013429 -0.026338
vn -0.999542 0.013429 -0.026338
vn -0.999542 0.013429 -0.026338
vn -0.999542 0.013429 -0.026338
vn 0.999542 -0.013429 0.026338
vn 0.999542 -0.013429 0.026338
vn 0.999542 -0.013429 0.026338
vn 0.999542 -0.013429 0.026338
vn 0.086553 -0.009308 -0.996124
vn 0.086553 -0.009308 -0.996124
vn 0.086553 -0.009308 -0.996124
vn 0.086553 -0.009308 -0.996124
vn -0.086553 0.009308 0.996124
vn -0.086553 0.009308 0.996124
vn -0.086553 0.009308 0.996124
vn -0.086553 0.009308 0.996124
vn -0.995605 0.034640 -0.086828
vn -0.995605 0.034640 -0.086828
vn -0.995605 0.034640 -0.086828
vn -0.995605 0.034640 -0.086828
vn 0.995605 -0.034640 0.086828
vn 0.995605 -0.034640 0.086828
vn 0.995605 -0.034640 0.086828
vn 0.995605 -0.034640 0.086828
vn 0.997711 0.007599 0.066838
vn 0.997711 0.007599 0.066838
vn 0.997711 0.007599 0.066838
vn 0.997711 0.007599 0.066838
vn -0.997711 -0.007599 -0.066838
vn -0.997711 -0.007599 -0.066838
vn -0.997711 -0.007599 -0.066838
vn -0.997711 -0.007599 -0.066838
vn 0.066868 -0.014405 -0.997650
vn 0.066868 -0.014405 -0.997650
vn 0.066868 -0.014405 -0.997650
vn 0.066868 -0.014405 -0.997650
vn -0.066868 0.014405 0.997650
vn -0.066868 0.014405 0.997650
vn -0.066868 0.014405 0.997650
vn -0.066868 0.014405 0.997650
vn 0.000000 0.000000 1.000000
vn 0.000000 0.000000 1.000000
vn 0.000000 0.000000 1.000000
vn 0.000000 0.000000 1.000000
vn 0.000000 1.000000 0.000000
vn 0.000000 1.000000 0.000000
vn 0.000000 1.000000 0.000000
vn 0.000000 1.000000 0.000000
vn 0.000000 0.000000 -1.000000
vn 0.000000 0.000000 -1.000000
vn 0.000000 0.000000 -1.000000
vn 0.000000 0.000000 -1.000000
vn 1.000000 0.000000 0.000000
vn 1.000000 0.000000 0.000000
vn 1.000000 0.000000 0.000000
vn 1.000000 0.000000 0.000000
vn -1.000000 0.000000 0.000000
vn -1.000000 0.000000 0.000000
vn -1.000000 0.000000 0.000000
vn -1.000000 0.000000 0.000000
vn 0.000000 -1.000000 0.000000
vn 0.000000 -1.000000 0.000000
vn 0.000000 -1.000000 0.000000
vn 0.000000 -1.000000 0.000000
vn -0.247391 0.968840 -0.002289
vn -0.247391 0.968840 -0.002289
vn -0.247391 0.968840 -0.002289
vn -0.247391 0.968840 -0.002289
vn 0.968840 0.247391 0.001709
vn 0.968840 0.247391 0.001709
vn 0.968840 0.247391 0.001709
vn 0.968840 0.247391 0.001709
vn -0.968840 -0.247391 -0.001709
vn -0.968840 -0.247391 -0.001709
vn -0.968840 -0.247391 -0.001709
vn -0.968840 -0.247391 -0.001709
vn 0.078099 0.005524 -0.996856
vn 0.078099 0.005524 -0.996856
vn 0.078099 0.005524 -0.996856
vn 0.078099 0.005524 -0.996856
vn -0.078099 -0.005524 0.996856
vn -0.078099 -0.005524 0.996856
vn -0.078099 -0.005524 0.996856
vn -0.078099 -0.005524 0.996856
vn -0.996582 -0.024080 -0.078130
vn -0.996582 -0.024080 -0.078130
vn -0.996582 -0.024080 -0.078130
vn -0.996582 -0.024080 -0.078130
vn 0.996582 0.024080 0.078130
vn 0.996582 0.024080 0.078130
vn 0.996582 0.024080 0.078130
vn 0.996582 0.024080 0.078130
vn 0.000000 0.965910 0.258774
vn 0.000000 0.965910 0.258774
vn 0.000000 0.965910 0.258774
vn 0.000000 0.965910 0.258774
vn 1.000000 0.000000 0.000000
vn 1.000000 0.000000 0.000000
vn 1.000000 0.000000 0.000000
vn 1.000000 0.000000 0.000000
vn -1.000000 0.000000 0.000000
vn -1.000000 0.000000 0.000000
vn -1.000000 0.000000 0.000000
vn -1.000000 0.000000 0.000000
vn 0.000000 -0.258774 0.965910
vn 0.000000 -0.258774 0.965910
vn 0.000000 -0.258774 0.965910
vn 0.000000 -0.258774 0.965910
vn 0.000000 0.258774 -0.965910
vn 0.000000 0.258774 -0.965910
vn 0.000000 0.258774 -0.965910
vn 0.000000 0.258774 -0.965910
vn 0.000000 0.000000 1.000000
vn 0.000000 0.000000 1.000000
vn 0.000000 0.000000 1.000000
vn 0.000000 0.000000 1.000000
vn 0.000000 1.000000 0.000000
vn 0.000000 1.000000 0.000000
vn 0.000000 1.000000 0.000000
vn 0.000000 1.000000 0.000000
vn 0.000000 0.000000 -1.000000
vn 0.000000 0.000000 -1.000000
vn 0.000000 0.000000 -1.000000
vn 0.000000 0.000000 -1.000000
vn 0.000000 -1.000000 0.000000
vn 0.000000 -1.000000 0.000000
vn 0.000000 -1.000000 0.000000
vn 0.000000 -1.000000 0.000000
vn 0.086553 -0.009308 -0.996124
vn 0.086553 -0.009308 -0.996124
vn 0.086553 -0.009308 -0.996124
vn 0.086553 -0.009308 -0.996124
vn -0.086553 0.009308 0.996124
vn -0.086553 0.009308 0.996124
vn -0.086553 0.009308 0.996124
vn -0.086553 0.009308 0.996124
vn -0.995605 0.034640 -0.086828
vn -0.995605 0.034640 -0.086828
vn -0.995605 0.034640 -0.086828
vn -0.995605 0.034640 -0.086828
vn 0.995605 -0.034640 0.086828
vn 0.995605 -0.034640 0.086828
vn 0.995605 -0.034640 0.086828
vn 0.995605 -0.034640 0.086828
vn 0.000000 0.000000 1.000000
vn 0.000000 0.000000 1.000000
vn 0.000000 0.000000 1.000000
vn 0.000000 0.000000 1.000000
vn 0.000000 0.000000 -1.000000
vn 0.000000 0.000000 -1.000000
vn 0.000000 0.000000 -1.000000
vn 0.000000 0.000000 -1.000000
vn 0.965910 -0.258774 0.000000
vn 0.965910 -0.258774 0.000000
vn 0.965910 -0.258774 0.000000
vn 0.965910 -0.258774 0.000000
vn -0.965910 0.258774 0.000000
vn -0.965910 0.258774 0.000000
vn -0.965910 0.258774 0.000000
vn -0.965910 0.258774 0.000000
vn -0.024873 -0.013978 -0.999573
vn -0.024873 -0.013978 -0.999573
vn -0.024873 -0.013978 -0.999573
vn -0.024873 -0.013978 -0.999573
vn 0.024873 0.013978 0.999573
vn 0.024873 0.013978 0.999573
vn 0.024873 0.013978 0.999573
vn 0.024873 0.013978 0.999573
vn -0.999664 -0.000092 0.024873
vn -0.999664 -0.000092 0.024873
vn -0.999664 -0.000092 0.024873
vn -0.999664 -0.000092 0.024873
vn 0.999664 0.000092 -0.024873
vn 0.999664 0.000092 -0.024873
vn 0.999664 0.000092 -0.024873
vn 0.999664 0.000092 -0.024873
vn -0.034640 -0.269365 0.962400
vn -0.034640 -0.269365 0.962400
vn -0.034640 -0.269365 0.962400
vn -0.034640 -0.269365 0.962400
vn 0.005402 0.962919 0.269639
vn 0.005402 0.962919 0.269639
vn 0.005402 0.962919 0.269639
vn 0.005402 0.962919 0.269639
vn -0.005402 -0.962919 -0.269639
vn -0.005402 -0.962919 -0.269639
vn -0.005402 -0.962919 -0.269639
vn -0.005402 -0.962919 -0.269639
vn 0.999359 -0.014558 0.031923
vn 0.999359 -0.014558 0.031923
vn 0.999359 -0.014558 0.031923
vn 0.999359 -0.014558 0.031923
vn -0.999359 0.014558 -0.031923
vn -0.999359 0.014558 -0.031923
vn -0.999359 0.014558 -0.031923
vn -0.999359 0.014558 -0.031923
vn -0.028230 -0.006623 -0.999573
vn -0.028230 -0.006623 -0.999573
vn -0.028230 -0.006623 -0.999573
vn -0.028230 -0.006623 -0.999573
vn 0.028230 0.006623 0.999573
vn 0.028230 0.006623 0.999573
vn 0.028230 0.006623 0.999573
vn 0.028230 0.006623 0.999573
vn -0.999268 0.025240 0.028047
vn -0.999268 0.025240 0.028047
vn -0.999268 0.025240 0.028047
vn -0.999268 0.025240 0.028047
vn 0.999268 -0.025240 -0.028047
vn 0.999268 -0.025240 -0.028047
vn 0.999268 -0.025240 -0.028047
vn 0.999268 -0.025240 -0.028047
vn 0.000000 -0.258774 0.965910
vn 0.000000 -0.258774 0.965910
vn 0.000000 -0.258774 0.965910
vn 0.000000 -0.258774 0.965910
vn 0.000000 0.965910 0.258774
vn 0.000000 0.965910 0.258774
vn 0.000000 0.965910 0.258774
vn 0.000000 0.965910 0.258774
vn 0.000000 -0.965910 -0.258774
vn 0.000000 -0.965910 -0.258774
vn 0.000000 -0.965910 -0.258774
vn 0.000000 -0.965910 -0.258774
vn 1.000000 0.000000 0.000000
vn 1.000000 0.000000 0.000000
vn 1.000000 0.000000 0.000000
vn 1.000000 0.000000 0.000000
vn -1.000000 0.000000 0.000000
vn -1.000000 0.000000 0.000000
vn -1.000000 0.000000 0.000000
vn -1.000000 0.000000 0.000000
vn 0.999817 -0.013978 -0.010834
vn 0.999817 -0.013978 -0.010834
vn 0.999817 -0.013978 -0.010834
vn 0.999817 -0.013978 -0.010834
vn -0.999817 0.013978 0.010834
vn -0.999817 0.013978 0.010834
vn -0.999817 0.013978 0.010834
vn -0.999817 0.013978 0.010834
vn -0.010834 -0.000092 -0.999939
vn -0.010834 -0.000092 -0.999939
vn -0.010834 -0.000092 -0.999939
vn -0.010834 -0.000092 -0.999939
vn 0.010834 0.000092 0.999939
vn 0.010834 0.000092 0.999939
vn 0.010834 0.000092 0.999939
vn 0.010834 0.000092 0.999939
vn -0.002716 0.009675 -0.999939
vn -0.002716 0.009675 -0.999939
vn -0.002716 0.009675 -0.999939
vn -0.002716 0.009675 -0.999939
vn 0.002716 -0.009675 0.999939
vn 0.002716 -0.009675 0.999939
vn 0.002716 -0.009675 0.999939
vn 0.002716 -0.009675 0.999939
vn -0.999969 0.000397 0.002747
vn -0.999969 0.000397 0.002747
vn -0.999969 0.000397 0.002747
vn -0.999969 0.000397 0.002747
vn 0.999969 -0.000397 -0.002747
vn 0.999969 -0.000397 -0.002747
vn 0.999969 -0.000397 -0.002747
vn 0.999969 -0.000397 -0.002747
vn 0.023897 0.004364 -0.999695
vn 0.023897 0.004364 -0.999695
vn 0.023897 0.004364 -0.999695
vn 0.023897 0.004364 -0.999695
vn -0.023897 -0.004364 0.999695
vn -0.023897 -0.004364 0.999695
vn -0.023897 -0.004364 0.999695
vn -0.023897 -0.004364 0.999695
vn -0.999695 -0.001282 -0.023897
vn -0.999695 -0.001282 -0.023897
vn -0.999695 -0.001282 -0.023897
vn -0.999695 -0.001282 -0.023897
vn 0.999695 0.001282 0.023897
vn 0.999695 0.001282 0.023897
vn 0.999695 0.001282 0.023897
vn 0.999695 0.001282 0.023897
vn -0.247391 0.968840 -0.002289
vn -0.247391 0.968840 -0.002289
vn -0.247391 0.968840 -0.002289
vn -0.247391 0.968840 -0.002289
vn 0.968840 0.247391 0.001709
vn 0.968840 0.247391 0.001709
vn 0.968840 0.247391 0.001709
vn 0.968840 0.247391 0.001709
vn -0.968840 -0.247391 -0.001709
vn -0.968840 -0.247391 -0.001709
vn -0.968840 -0.247391 -0.001709
vn -0.968840 -0.247391 -0.001709
vn 0.000000 0.000000 1.000000
vn 0.000000 0.000000 1.000000
vn 0.000000 0.000000 1.000000
vn 0.000000 0.000000 1.000000
vn 0.000000 0.000000 -1.000000
vn 0.000000 0.000000 -1.000000
vn 0.000000 0.000000 -1.000000
vn 0.000000 0.000000 -1.000000
vn 0.000000 0.000000 -1.000000
vn 0.000000 0.000000 -1.000000
vn 0.000000 0.000000 -1.000000
vn 0.000000 0.000000 -1.000000
vn 0.000000 0.000000 1.000000
vn 0.000000 0.000000 1.000000
vn 0.000000 0.000000 1.000000
vn 0.000000 0.000000 1.000000
vn 0.000000 0.000000 -1.000000
vn 0.000000 0.000000 -1.000000
vn 0.000000 0.000000 -1.000000
vn 0.000000 0.000000 -1.000000
vn 0.000000 0.000000 1.000000
vn 0.000000 0.000000 1.000000
vn 0.000000 0.000000 1.000000
vn 0.000000 0.000000 1.000000
vn 0.000000 0.000000 -1.000000
vn 0.000000 0.000000 -1.000000
vn 0.000000 0.000000 -1.000000
vn 0.000000 0.000000 -1.000000
vn 0.000000 0.000000 1.000000
vn 0.000000 0.000000 1.000000
vn 0.000000 0.000000 1.000000
vn 0.000000 0.000000 1.000000
vn 0.999969 -0.002625 0.005219
vn 0.999969 -0.002625 0.005219
vn 0.999969 -0.002625 0.005219
vn 0.999969 -0.002625 0.005219
vn -0.999969 0.002625 -0.005219
vn -0.999969 0.002625 -0.005219
vn -0.999969 0.002625 -0.005219
vn -0.999969 0.002625 -0.005219
vn 0.005188 -0.007935 -0.999939
vn 0.005188 -0.007935 -0.999939
vn 0.005188 -0.007935 -0.999939
vn 0.005188 -0.007935 -0.999939
vn -0.005188 0.007935 0.999939
vn -0.005188 0.007935 0.999939
vn -0.005188 0.007935 0.999939
vn -0.005188 0.007935 0.999939
vn -0.031343 0.013306 -0.999390
vn -0.031343 0.013306 -0.999390
vn -0.031343 0.013306 -0.999390
vn -0.031343 0.013306 -0.999390
vn 0.031343 -0.013306 0.999390
vn 0.031343 -0.013306 0.999390
vn 0.031343 -0.013306 0.999390
vn 0.031343 -0.013306 0.999390
vn -0.999176 0.025301 0.031710
vn -0.999176 0.025301 0.031710
vn -0.999176 0.025301 0.031710
vn -0.999176 0.025301 0.031710
vn 0.999176 -0.025301 -0.031710
vn 0.999176 -0.025301 -0.031710
vn 0.999176 -0.025301 -0.031710
vn 0.999176 -0.025301 -0.031710
vn 0.999756 0.013306 -0.017366
vn 0.999756 0.013306 -0.017366
vn 0.999756 0.013306 -0.017366
vn 0.999756 0.013306 -0.017366
vn -0.999756 -0.013306 0.017366
vn -0.999756 -0.013306 0.017366
vn -0.999756 -0.013306 0.017366
vn -0.999756 -0.013306 0.017366
vn -0.017671 0.025301 -0.999512
vn -0.017671 0.025301 -0.999512
vn -0.017671 0.025301 -0.999512
vn -0.017671 0.025301 -0.999512
vn 0.019563 -0.189831 0.981597
vn 0.019563 -0.189831 0.981597
vn 0.019563 -0.189831 0.981597
vn 0.019563 -0.189831 0.981597
vn 0.012849 -0.999573 -0.025545
vn 0.012849 -0.999573 -0.025545
vn 0.012849 -0.999573 -0.025545
vn 0.012849 -0.999573 -0.025545
vn 0.831746 0.000000 -0.555027
vn 0.368309 0.000000 -0.929653
vn 0.431270 -0.415370 -0.800800
vn 0.757126 -0.472105 -0.451352
vn -0.163004 0.000000 -0.986541
vn -0.024385 -0.355643 -0.934200
vn -0.631050 0.000000 -0.775591
vn -0.491149 -0.301563 -0.817128
vn -0.920344 0.000000 -0.390832
vn -0.838613 -0.271867 -0.471770
vn -0.999634 0.000000 0.026705
vn -0.965544 -0.259873 0.001862
vn -0.906061 0.000000 0.423030
vn -0.838461 -0.264451 0.476347
vn -0.620338 0.000000 0.784319
vn -0.490844 -0.285357 0.823079
vn -0.167155 0.000000 0.985900
vn -0.022981 -0.329518 0.943753
vn 0.349203 0.000000 0.937038
vn 0.434597 -0.389001 0.812214
vn 0.816883 0.000000 0.576634
vn 0.761430 -0.456357 0.460233
vn 0.999878 0.000000 0.014649
vn 0.872581 -0.488372 0.002106
vn 0.211683 0.977263 0.000000
vn 0.000000 1.000000 0.000000
vn 0.000000 1.000000 0.000000
vn 0.206464 0.971098 0.119148
vn 0.501038 -0.865348 0.000000
vn 0.433590 -0.865531 -0.250381
vn 0.433834 0.865348 -0.250504
vn 0.501038 0.865348 0.000000
vn 0.247543 -0.867637 -0.430904
vn 0.250198 0.866081 -0.432583
vn 0.000000 -0.866966 -0.498260
vn 0.000000 0.866874 -0.498444
vn -0.247543 -0.867637 -0.430904
vn -0.250198 0.866081 -0.432583
vn -0.433590 -0.865531 -0.250381
vn -0.433834 0.865348 -0.250504
vn -0.501038 -0.865348 0.000000
vn -0.501038 0.865348 0.000000
vn -0.433590 -0.865470 0.250412
vn -0.433834 0.865348 0.250504
vn -0.248337 -0.867118 0.431667
vn -0.250259 0.865898 0.432857
vn 0.000000 -0.866538 0.499023
vn 0.000000 0.866477 0.499084
vn 0.248337 -0.867118 0.431667
vn 0.250259 0.865898 0.432857
vn 0.433590 -0.865470 0.250412
vn 0.433834 0.865348 0.250504
vn 0.275652 0.947873 -0.159159
vn 0.318348 0.947873 0.000000
vn 0.159159 0.947873 -0.275652
vn 0.000000 0.947873 -0.318348
vn -0.159159 0.947873 -0.275652
vn -0.275652 0.947873 -0.159159
vn -0.318348 0.947873 0.000000
vn -0.275682 0.947873 0.159159
vn -0.159159 0.947873 0.275652
vn 0.000000 0.947873 0.318348
vn 0.159159 0.947873 0.275652
vn 0.275682 0.947873 0.159159
vn 0.206464 0.971098 -0.119148
vn 0.167857 0.941860 -0.290759
vn 0.000000 0.941860 -0.335744
vn -0.167857 0.941860 -0.290759
vn -0.206464 0.971098 -0.119148
vn -0.211683 0.977263 0.000000
vn -0.206464 0.971098 0.119148
vn -0.167857 0.941860 0.290759
vn 0.000000 0.941860 0.335744
vn 0.167857 0.941860 0.290759
vn 0.000000 1.000000 0.000000
vn 0.055271 -0.015351 -0.998260
vn 0.055271 -0.015351 -0.998260
vn 0.055271 -0.015351 -0.998260
vn 0.055271 -0.015351 -0.998260
vn -0.055271 0.015351 0.998260
vn -0.055271 0.015351 0.998260
vn -0.055271 0.015351 0.998260
vn -0.055271 0.015351 0.998260
vn -0.998138 -0.022920 -0.054904
vn -0.998138 -0.022920 -0.054904
vn -0.998138 -0.022920 -0.054904
vn -0.998138 -0.022920 -0.054904
vn 0.998138 0.022920 0.054904
vn 0.998138 0.022920 0.054904
vn 0.998138 0.022920 0.054904
vn 0.998138 0.022920 0.054904
vn 0.989105 -0.041964 -0.140481
vn 0.989105 -0.041964 -0.140481
vn 0.989105 -0.041964 -0.140481
vn 0.989105 -0.041964 -0.140481
vn -0.989105 0.041964 0.140481
vn -0.989105 0.041964 0.140481
vn -0.989105 0.041964 0.140481
vn -0.989105 0.041964 0.140481
vn -0.139138 0.033144 -0.989715
vn -0.139138 0.033144 -0.989715
vn -0.139138 0.033144 -0.989715
vn -0.139138 0.033144 -0.989715
vn 0.130623 -0.182598 0.974455
vn 0.130623 -0.182598 0.974455
vn 0.130623 -0.182598 0.974455
vn 0.130623 -0.182598 0.974455
vn -0.046206 -0.998505 -0.026949
vn -0.046206 -0.998505 -0.026949
vn -0.046206 -0.998505 -0.026949
vn -0.046206 -0.998505 -0.026949
vn -0.083288 -0.011658 -0.996368
vn -0.083288 -0.011658 -0.996368
vn -0.083288 -0.011658 -0.996368
vn -0.083288 -0.011658 -0.996368
vn 0.083288 0.011658 0.996368
vn 0.083288 0.011658 0.996368
vn 0.083288 0.011658 0.996368
vn 0.083288 0.011658 0.996368
vn -0.996063 -0.028292 0.083654
vn -0.996063 -0.028292 0.083654
vn -0.996063 -0.028292 0.083654
vn -0.996063 -0.028292 0.083654
vn 0.996063 0.028292 -0.083654
vn 0.996063 0.028292 -0.083654
vn 0.996063 0.028292 -0.083654
vn 0.996063 0.028292 -0.083654
vn 0.000000 0.000000 1.000000
vn 0.000000 0.000000 1.000000
vn 0.000000 0.000000 1.000000
vn 0.000000 0.000000 1.000000
vn 0.000000 1.000000 0.000000
vn 0.000000 1.000000 0.000000
vn 0.000000 1.000000 0.000000
vn 0.000000 1.000000 0.000000
vn 0.000000 0.000000 -1.000000
vn 0.000000 0.000000 -1.000000
vn 0.000000 0.000000 -1.000000
vn 0.000000 0.000000 -1.000000
vn 1.000000 0.000000 0.000000
vn 1.000000 0.000000 0.000000
vn 1.000000 0.000000 0.000000
vn 1.000000 0.000000 0.000000
vn -1.000000 0.000000 0.000000
vn -1.000000 0.000000 0.000000
vn -1.000000 0.000000 0.000000
vn -1.000000 0.000000 0.000000
vn -1.000000 0.000000 0.000000
vn -1.000000 0.000000 0.000000
vn -1.000000 0.000000 0.000000
vn -1.000000 0.000000 0.000000
vn 0.000000 0.000000 -1.000000
vn 0.000000 0.000000 -1.000000
vn 1.000000 0.000000 0.000000
vn 1.000000 0.000000 0.000000
vn 0.000000 0.000000 1.000000
vn 0.000000 0.000000 1.000000
vn 0.000000 -1.000000 0.000000
vn 0.000000 -1.000000 0.000000
vn 0.000000 -1.000000 0.000000
vn 0.000000 -1.000000 0.000000
vn 0.000000 0.000000 1.000000
vn 0.000000 0.000000 1.000000
vn 0.000000 1.000000 0.000000
vn 0.000000 1.000000 0.000000
vn 0.000000 0.000000 -1.000000
vn 0.000000 0.000000 -1.000000
vn 0.000000 0.000000 -1.000000
vn 0.000000 0.000000 -1.000000
vn 0.000000 1.000000 0.000000
vn 0.000000 1.000000 0.000000
vn 0.000000 0.000000 1.000000
vn 0.000000 0.000000 1.000000
vn 1.000000 0.000000 0.000000
vn 1.000000 0.000000 0.000000
vn 1.000000 0.000000 0.000000
vn 1.000000 0.000000 0.000000
vn 0.000000 0.000000 1.000000
vn 0.000000 0.000000 1.000000
vn -1.000000 0.000000 0.000000
vn -1.000000 0.000000 0.000000
vn 0.000000 0.000000 -1.000000
vn 0.000000 0.000000 -1.000000
vn -0.002136 -0.008179 -0.999939
vn -0.002136 -0.008179 -0.999939
vn -0.002136 -0.008179 -0.999939
vn -0.002136 -0.008179 -0.999939
vn 0.002136 0.008179 0.999939
vn 0.002136 0.008179 0.999939
vn 0.002136 0.008179 0.999939
vn 0.002136 0.008179 0.999939
vn -0.999969 0.000000 0.002136
vn -0.999969 0.000000 0.002136
vn -0.999969 0.000000 0.002136
vn -0.999969 0.000000 0.002136
vn 0.999969 0.000000 -0.002136
vn 0.999969 0.000000 -0.002136
vn 0.999969 0.000000 -0.002136
vn 0.999969 0.000000 -0.002136
vn -0.009308 -0.262650 -0.964811
vn -0.009308 -0.262650 -0.964811
vn -0.009308 -0.262650 -0.964811
vn -0.009308 -0.262650 -0.964811
vn 0.001190 0.964872 -0.262681
vn 0.001190 0.964872 -0.262681
vn 0.001190 0.964872 -0.262681
vn 0.001190 0.964872 -0.262681
vn -0.001190 -0.964872 0.262681
vn -0.001190 -0.964872 0.262681
vn -0.001190 -0.964872 0.262681
vn -0.001190 -0.964872 0.262681
vn -0.999939 0.003601 0.008668
vn -0.999939 0.003601 0.008668
vn -0.999939 0.003601 0.008668
vn -0.999939 0.003601 0.008668
vn 0.999939 -0.003601 -0.008668
vn 0.999939 -0.003601 -0.008668
vn 0.999939 -0.003601 -0.008668
vn 0.999939 -0.003601 -0.008668
vn 0.998871 0.015962 -0.042819
vn 0.998871 0.015962 -0.042819
vn 0.998871 0.015962 -0.042819
vn 0.998871 0.015962 -0.042819
vn -0.998871 -0.015962 0.042819
vn -0.998871 -0.015962 0.042819
vn -0.998871 -0.015962 0.042819
vn -0.998871 -0.015962 0.042819
vn -0.042544 -0.018708 -0.998840
vn -0.042544 -0.018708 -0.998840
vn -0.042544 -0.018708 -0.998840
vn -0.042544 -0.018708 -0.998840
vn 0.042544 0.018708 0.998840
vn 0.042544 0.018708 0.998840
vn 0.042544 0.018708 0.998840
vn 0.042544 0.018708 0.998840
vn 0.000000 0.000000 1.000000
vn 0.000000 0.000000 1.000000
vn 0.000000 0.000000 1.000000
vn 0.000000 0.000000 1.000000
vn 0.000000 0.000000 -1.000000
vn 0.000000 0.000000 -1.000000
vn 0.000000 0.000000 -1.000000
vn 0.000000 0.000000 -1.000000
vn 1.000000 0.000000 0.000000
vn 1.000000 0.000000 0.000000
vn 1.000000 0.000000 0.000000
vn 1.000000 0.000000 0.000000
vn -1.000000 0.000000 0.000000
vn -1.000000 0.000000 0.000000
vn -1.000000 0.000000 0.000000
vn -1.000000 0.000000 0.000000
vn 0.000000 -1.000000 0.000000
vn 0.000000 -1.000000 0.000000
vn 0.000000 -1.000000 0.000000
vn 0.000000 -1.000000 0.000000
vn 0.226210 0.736098 0.637887
vn 0.226210 0.736098 0.637887
vn 0.226210 0.736098 0.637887
vn 0.226210 0.736098 0.637887
vn 0.000000 1.000000 0.000000
vn 0.000000 0.000000 0.000000
vn 0.000000 0.000000 0.000000
vn 0.000000 1.000000 0.000000
vn 0.000000 0.000000 -1.000000
vn 0.000000 0.000000 -1.000000
vn 0.000000 0.000000 -1.000000
vn 0.000000 0.000000 -1.000000
vn 0.000000 -1.000000 0.000000
vn 0.000000 -1.000000 0.000000
vn 0.000000 -1.000000 0.000000
vn 0.000000 -1.000000 0.000000
vn -0.226210 0.736098 0.637887
vn -0.226210 0.736098 0.637887
vn -0.226210 0.736098 0.637887
vn -0.226210 0.736098 0.637887
vn 0.000000 1.000000 0.000000
vn 0.000000 0.000000 -1.000000
vn 0.000000 0.000000 -1.000000
vn 0.000000 -1.000000 0.000000
vn 0.000000 -1.000000 0.000000
vn 0.226210 0.736098 -0.637887
vn 0.226210 0.736098 -0.637887
vn 0.226210 0.736098 -0.637887
vn 0.226210 0.736098 -0.637887
vn 0.000000 1.000000 0.000000
vn 0.000000 1.000000 0.000000
vn 0.000000 1.000000 0.000000
vn 0.000000 1.000000 0.000000
vn 0.000000 0.000000 1.000000
vn 0.000000 0.000000 1.000000
vn 0.000000 0.000000 1.000000
vn 0.000000 0.000000 1.000000
vn 0.000000 -1.000000 0.000000
vn 0.000000 -1.000000 0.000000
vn 0.000000 -1.000000 0.000000
vn 0.000000 -1.000000 0.000000
vn -0.226210 0.736098 -0.637887
vn -0.226210 0.736098 -0.637887
vn -0.226210 0.736098 -0.637887
vn -0.226210 0.736098 -0.637887
vn 0.000000 1.000000 0.000000
vn 0.000000 0.000000 1.000000
vn 0.000000 0.000000 1.000000
vn 0.000000 -1.000000 0.000000
vn 0.000000 -1.000000 0.000000
vn 0.000000 -0.258774 -0.965910
vn 0.000000 -0.258774 -0.965910
vn 0.000000 -0.258774 -0.965910
vn 0.000000 -0.258774 -0.965910
vn 0.000000 0.965910 -0.258774
vn 0.000000 0.965910 -0.258774
vn 0.000000 0.965910 -0.258774
vn 0.000000 0.965910 -0.258774
vn 0.000000 -0.965910 0.258774
vn 0.000000 -0.965910 0.258774
vn 0.000000 -0.965910 0.258774
vn 0.000000 -0.965910 0.258774
vn -1.000000 0.000000 0.000000
vn -1.000000 0.000000 0.000000
vn -1.000000 0.000000 0.000000
vn -1.000000 0.000000 0.000000
vn 1.000000 0.000000 0.000000
vn 1.000000 0.000000 0.000000
vn 1.000000 0.000000 0.000000
vn 1.000000 0.000000 0.000000
vn 0.086401 0.003693 -0.996185
vn 0.086401 0.003693 -0.996185
vn 0.086401 0.003693 -0.996185
vn 0.086401 0.003693 -0.996185
vn -0.086401 -0.003693 0.996185
vn -0.086401 -0.003693 0.996185
vn -0.086401 -0.003693 0.996185
vn -0.086401 -0.003693 0.996185
vn -0.995697 0.033419 -0.086187
vn -0.995697 0.033419 -0.086187
vn -0.995697 0.033419 -0.086187
vn -0.995697 0.033419 -0.086187
vn 0.995697 -0.033419 0.086187
vn 0.995697 -0.033419 0.086187
vn 0.995697 -0.033419 0.086187
vn 0.995697 -0.033419 0.086187
vn -0.025179 -0.011628 -0.999603
vn -0.025179 -0.011628 -0.999603
vn -0.025179 -0.011628 -0.999603
vn -0.025179 -0.011628 -0.999603
vn 0.025179 0.011628 0.999603
vn 0.025179 0.011628 0.999603
vn 0.025179 0.011628 0.999603
vn 0.025179 0.011628 0.999603
vn -0.999664 0.000244 0.025179
vn -0.999664 0.000244 0.025179
vn -0.999664 0.000244 0.025179
vn -0.999664 0.000244 0.025179
vn 0.999664 -0.000244 -0.025179
vn 0.999664 -0.000244 -0.025179
vn 0.999664 -0.000244 -0.025179
vn 0.999664 -0.000244 -0.025179
vn 0.999756 0.013306 -0.017366
vn 0.999756 0.013306 -0.017366
vn 0.999756 0.013306 -0.017366
vn 0.999756 0.013306 -0.017366
vn -0.999756 -0.013306 0.017366
vn -0.999756 -0.013306 0.017366
vn -0.999756 -0.013306 0.017366
vn -0.999756 -0.013306 0.017366
vn -0.017671 0.025301 -0.999512
vn -0.017671 0.025301 -0.999512
vn -0.017671 0.025301 -0.999512
vn -0.017671 0.025301 -0.999512
vn 0.017671 -0.025301 0.999512
vn 0.017671 -0.025301 0.999512
vn 0.017671 -0.025301 0.999512
vn 0.017671 -0.025301 0.999512
vn -0.032686 -0.014588 -0.999329
vn -0.032686 -0.014588 -0.999329
vn -0.032686 -0.014588 -0.999329
vn -0.032686 -0.014588 -0.999329
vn 0.032686 0.014588 0.999329
vn 0.032686 0.014588 0.999329
vn 0.032686 0.014588 0.999329
vn 0.032686 0.014588 0.999329
vn -0.999268 -0.018953 0.032930
vn -0.999268 -0.018953 0.032930
vn -0.999268 -0.018953 0.032930
vn -0.999268 -0.018953 0.032930
vn 0.999268 0.018953 -0.032930
vn 0.999268 0.018953 -0.032930
vn 0.999268 0.018953 -0.032930
vn 0.999268 0.018953 -0.032930
vn 0.000000 0.865959 0.500000
vn 0.000000 0.865959 0.500000
vn 0.000000 0.865959 0.500000
vn 0.000000 0.865959 0.500000
vn 0.000000 -0.865959 -0.500000
vn 0.000000 -0.865959 -0.500000
vn 0.000000 -0.865959 -0.500000
vn 0.000000 -0.865959 -0.500000
vn 1.000000 0.000000 0.000000
vn 1.000000 0.000000 0.000000
vn 1.000000 0.000000 0.000000
vn 1.000000 0.000000 0.000000
vn -1.000000 0.000000 0.000000
vn -1.000000 0.000000 0.000000
vn -1.000000 0.000000 0.000000
vn -1.000000 0.000000 0.000000
vn 0.999756 -0.007019 -0.020723
vn 0.999756 -0.007019 -0.020723
vn 0.999756 -0.007019 -0.020723
vn 0.999756 -0.007019 -0.020723
vn -0.999756 0.007019 0.020723
vn -0.999756 0.007019 0.020723
vn -0.999756 0.007019 0.020723
vn -0.999756 0.007019 0.020723
vn -0.020906 -0.032320 -0.999237
vn -0.020906 -0.032320 -0.999237
vn -0.020906 -0.032320 -0.999237
vn -0.020906 -0.032320 -0.999237
vn 0.020906 0.032320 0.999237
vn 0.020906 0.032320 0.999237
vn 0.020906 0.032320 0.999237
vn 0.020906 0.032320 0.999237
vn 0.998840 -0.001495 -0.046817
vn 0.998840 -0.001495 -0.046817
vn 0.998840 -0.001495 -0.046817
vn 0.998840 -0.001495 -0.046817
vn -0.998840 0.001495 0.046817
vn -0.998840 0.001495 0.046817
vn -0.998840 0.001495 0.046817
vn -0.998840 0.001495 0.046817
vn -0.046725 0.021089 -0.998596
vn -0.046725 0.021089 -0.998596
vn -0.046725 0.021089 -0.998596
vn -0.046725 0.021089 -0.998596
vn 0.046725 -0.021089 0.998596
vn 0.046725 -0.021089 0.998596
vn 0.046725 -0.021089 0.998596
vn 0.046725 -0.021089 0.998596
vn -0.236800 -0.760239 0.604804
vn -0.236800 -0.760239 0.604804
vn -0.236800 -0.760239 0.604804
vn -0.236800 -0.760239 0.604804
vn 0.236800 0.760239 -0.604804
vn 0.236800 0.760239 -0.604804
vn 0.236800 0.760239 -0.604804
vn 0.236800 0.760239 -0.604804
vn 0.958310 -0.285143 0.016816
vn 0.958310 -0.285143 0.016816
vn 0.958310 -0.285143 0.016816
vn 0.958310 -0.285143 0.016816
vn -0.958310 0.285143 -0.016816
vn -0.958310 0.285143 -0.016816
vn -0.958310 0.285143 -0.016816
vn -0.958310 0.285143 -0.016816
vn -0.049136 -0.006653 -0.998688
vn -0.049136 -0.006653 -0.998688
vn -0.049136 -0.006653 -0.998688
vn -0.049136 -0.006653 -0.998688
vn 0.049136 0.006653 0.998688
vn 0.049136 0.006653 0.998688
vn 0.049136 0.006653 0.998688
vn 0.049136 0.006653 0.998688
vn -0.998444 0.024141 0.048923
vn -0.998444 0.024141 0.048923
vn -0.998444 0.024141 0.048923
vn -0.998444 0.024141 0.048923
vn 0.998444 -0.024141 -0.048923
vn 0.998444 -0.024141 -0.048923
vn 0.998444 -0.024141 -0.048923
vn 0.998444 -0.024141 -0.048923
vn 0.129372 0.482940 0.865959
vn 0.129372 0.482940 0.865959
vn 0.129372 0.482940 0.865959
vn 0.129372 0.482940 0.865959
vn -0.129372 -0.482940 -0.865959
vn -0.129372 -0.482940 -0.865959
vn -0.129372 -0.482940 -0.865959
vn -0.129372 -0.482940 -0.865959
vn 0.965910 -0.258774 0.000000
vn 0.965910 -0.258774 0.000000
vn 0.965910 -0.258774 0.000000
vn 0.965910 -0.258774 0.000000
vn -0.965910 0.258774 0.000000
vn -0.965910 0.258774 0.000000
vn -0.965910 0.258774 0.000000
vn -0.965910 0.258774 0.000000
vn 0.997467 -0.015351 0.069279
vn 0.997467 -0.015351 0.069279
vn 0.997467 -0.015351 0.069279
vn 0.997467 -0.015351 0.069279
vn -0.997467 0.015351 -0.069279
vn -0.997467 0.015351 -0.069279
vn -0.997467 0.015351 -0.069279
vn -0.997467 0.015351 -0.069279
vn 0.068852 -0.022920 -0.997345
vn 0.068852 -0.022920 -0.997345
vn 0.068852 -0.022920 -0.997345
vn 0.068852 -0.022920 -0.997345
vn -0.068852 0.022920 0.997345
vn -0.068852 0.022920 0.997345
vn -0.068852 0.022920 0.997345
vn -0.068852 0.022920 0.997345
vn 0.015138 0.011475 -0.999817
vn 0.015138 0.011475 -0.999817
vn 0.015138 0.011475 -0.999817
vn 0.015138 0.011475 -0.999817
vn -0.015138 -0.011475 0.999817
vn -0.015138 -0.011475 0.999817
vn -0.015138 -0.011475 0.999817
vn -0.015138 -0.011475 0.999817
vn -0.999542 0.025484 -0.014832
vn -0.999542 0.025484 -0.014832
vn -0.999542 0.025484 -0.014832
vn -0.999542 0.025484 -0.014832
vn 0.999542 -0.025484 0.014832
vn 0.999542 -0.025484 0.014832
vn 0.999542 -0.025484 0.014832
vn 0.999542 -0.025484 0.014832
vn -0.968840 -0.247391 0.000610
vn -0.968840 -0.247391 0.000610
vn -0.968840 -0.247391 0.000610
vn -0.968840 -0.247391 0.000610
vn -0.247391 0.968840 -0.002289
vn -0.247391 0.968840 -0.002289
vn -0.247391 0.968840 -0.002289
vn -0.247391 0.968840 -0.002289
vn 0.000000 0.002381 0.999969
vn 0.000000 0.002381 0.999969
vn 0.000000 0.002381 0.999969
vn 0.000000 0.002381 0.999969
vn 0.968840 0.247391 -0.000610
vn 0.968840 0.247391 -0.000610
vn 0.968840 0.247391 -0.000610
vn 0.968840 0.247391 -0.000610
vn 0.000000 -0.002381 -0.999969
vn 0.000000 -0.002381 -0.999969
vn 0.000000 -0.002381 -0.999969
vn 0.000000 -0.002381 -0.999969
vn 0.056247 0.011933 -0.998260
vn 0.056247 0.011933 -0.998260
vn 0.056247 0.011933 -0.998260
vn 0.056247 0.011933 -0.998260
vn -0.056247 -0.011933 0.998260
vn -0.056247 -0.011933 0.998260
vn -0.056247 -0.011933 0.998260
vn -0.056247 -0.011933 0.998260
vn -0.998321 0.006836 -0.056247
vn -0.998321 0.006836 -0.056247
vn -0.998321 0.006836 -0.056247
vn -0.998321 0.006836 -0.056247
vn 0.998321 -0.006836 0.056247
vn 0.998321 -0.006836 0.056247
vn 0.998321 -0.006836 0.056247
vn 0.998321 -0.006836 0.056247
vn -0.029634 -0.832570 -0.552921
vn -0.029634 -0.832570 -0.552921
vn -0.029634 -0.832570 -0.552921
vn -0.029634 -0.832570 -0.552921
vn -0.008301 0.842398 0.538668
vn -0.008301 0.842398 0.538668
vn -0.008301 0.842398 0.538668
vn -0.008301 0.842398 0.538668
vn -0.982055 -0.131295 0.135201
vn -0.982055 -0.131295 0.135201
vn -0.982055 -0.131295 0.135201
vn -0.982055 -0.131295 0.135201
vn 0.982055 0.131325 -0.135140
vn 0.982055 0.131325 -0.135140
vn 0.982055 0.131325 -0.135140
vn 0.982055 0.131325 -0.135140
vn 0.000000 0.000000 1.000000
vn 0.000000 0.000000 1.000000
vn 0.000000 0.000000 1.000000
vn 0.000000 0.000000 1.000000
vn 0.000000 1.000000 0.000000
vn 0.000000 1.000000 0.000000
vn 0.000000 1.000000 0.000000
vn 0.000000 1.000000 0.000000
vn 0.000000 0.000000 -1.000000
vn 0.000000 0.000000 -1.000000
vn 0.000000 0.000000 -1.000000
vn 0.000000 0.000000 -1.000000
vn 0.000000 -1.000000 0.000000
vn 0.000000 -1.000000 0.000000
vn 0.000000 -1.000000 0.000000
vn 0.000000 -1.000000 0.000000
vn 0.070530 0.007905 -0.997467
vn 0.070530 0.007905 -0.997467
vn 0.070530 0.007905 -0.997467
vn 0.070530 0.007905 -0.997467
vn -0.070530 -0.007905 0.997467
vn -0.070530 -0.007905 0.997467
vn -0.070530 -0.007905 0.997467
vn -0.070530 -0.007905 0.997467
vn -0.997406 -0.012421 -0.070591
vn -0.997406 -0.012421 -0.070591
vn -0.997406 -0.012421 -0.070591
vn -0.997406 -0.012421 -0.070591
vn 0.997406 0.012421 0.070591
vn 0.997406 0.012421 0.070591
vn 0.997406 0.012421 0.070591
vn 0.997406 0.012421 0.070591
vn -0.067570 -0.002503 -0.997681
vn -0.067570 -0.002503 -0.997681
vn -0.067570 -0.002503 -0.997681
vn -0.067570 -0.002503 -0.997681
vn 0.067570 0.002503 0.997681
vn 0.067570 0.002503 0.997681
vn 0.067570 0.002503 0.997681
vn 0.067570 0.002503 0.997681
vn -0.997711 -0.001526 0.067570
vn -0.997711 -0.001526 0.067570
vn -0.997711 -0.001526 0.067570
vn -0.997711 -0.001526 0.067570
vn 0.997711 0.001526 -0.067570
vn 0.997711 0.001526 -0.067570
vn 0.997711 0.001526 -0.067570
vn 0.997711 0.001526 -0.067570
vn -0.013520 -0.753037 -0.657816
vn -0.013520 -0.753037 -0.657816
vn -0.013520 -0.753037 -0.657816
vn -0.013520 -0.753037 -0.657816
vn -0.000336 0.756760 0.653604
vn -0.000336 0.756760 0.653604
vn -0.000336 0.756760 0.653604
vn -0.000336 0.756760 0.653604
vn -0.991760 -0.057468 0.114234
vn -0.991760 -0.057468 0.114234
vn -0.991760 -0.057468 0.114234
vn -0.991760 -0.057468 0.114234
vn 0.991699 0.121467 -0.041812
vn 0.991699 0.121467 -0.041812
vn 0.991699 0.121467 -0.041812
vn 0.991699 0.121467 -0.041812
vn -0.009308 -0.262650 -0.964811
vn -0.009308 -0.262650 -0.964811
vn -0.009308 -0.262650 -0.964811
vn -0.009308 -0.262650 -0.964811
vn 0.001190 0.964872 -0.262681
vn 0.001190 0.964872 -0.262681
vn 0.001190 0.964872 -0.262681
vn 0.001190 0.964872 -0.262681
vn -0.001190 -0.964872 0.262681
vn -0.001190 -0.964872 0.262681
vn -0.001190 -0.964872 0.262681
vn -0.001190 -0.964872 0.262681
vn -0.999939 0.003601 0.008668
vn -0.999939 0.003601 0.008668
vn -0.999939 0.003601 0.008668
vn -0.999939 0.003601 0.008668
vn 0.999939 -0.003601 -0.008668
vn 0.999939 -0.003601 -0.008668
vn 0.999939 -0.003601 -0.008668
vn 0.999939 -0.003601 -0.008668
vn 0.999847 -0.011628 -0.011109
vn 0.999847 -0.011628 -0.011109
vn 0.999847 -0.011628 -0.011109
vn 0.999847 -0.011628 -0.011109
vn -0.999847 0.011628 0.011109
vn -0.999847 0.011628 0.011109
vn -0.999847 0.011628 0.011109
vn -0.999847 0.011628 0.011109
vn -0.011109 0.000244 -0.999908
vn -0.011109 0.000244 -0.999908
vn -0.011109 0.000244 -0.999908
vn -0.011109 0.000244 -0.999908
vn 0.011109 -0.000244 0.999908
vn 0.011109 -0.000244 0.999908
vn 0.011109 -0.000244 0.999908
vn 0.011109 -0.000244 0.999908
vn -0.001770 -0.257126 -0.966337
vn -0.001770 -0.257126 -0.966337
vn -0.001770 -0.257126 -0.966337
vn -0.001770 -0.257126 -0.966337
vn 0.000885 0.966337 -0.257126
vn 0.000885 0.966337 -0.257126
vn 0.000885 0.966337 -0.257126
vn 0.000885 0.966337 -0.257126
vn -0.000885 -0.966337 0.257126
vn -0.000885 -0.966337 0.257126
vn -0.000885 -0.966337 0.257126
vn -0.000885 -0.966337 0.257126
vn -0.999969 0.001343 0.001465
vn -0.999969 0.001343 0.001465
vn -0.999969 0.001343 0.001465
vn -0.999969 0.001343 0.001465
vn 0.999969 -0.001343 -0.001465
vn 0.999969 -0.001343 -0.001465
vn 0.999969 -0.001343 -0.001465
vn 0.999969 -0.001343 -0.001465
vn 0.004029 0.008790 -0.999939
vn 0.004029 0.008790 -0.999939
vn 0.004029 0.008790 -0.999939
vn 0.004029 0.008790 -0.999939
vn -0.004029 -0.008790 0.999939
vn -0.004029 -0.008790 0.999939
vn -0.004029 -0.008790 0.999939
vn -0.004029 -0.008790 0.999939
vn -0.999725 -0.022554 -0.004242
vn -0.999725 -0.022554 -0.004242
vn -0.999725 -0.022554 -0.004242
vn -0.999725 -0.022554 -0.004242
vn 0.999725 0.022554 0.004242
vn 0.999725 0.022554 0.004242
vn 0.999725 0.022554 0.004242
vn 0.999725 0.022554 0.004242
vn -0.093237 -0.700909 0.707044
vn -0.093237 -0.700909 0.707044
vn -0.093237 -0.700909 0.707044
vn -0.093237 -0.700909 0.707044
vn 0.093237 0.700909 -0.707044
vn 0.093237 0.700909 -0.707044
vn 0.093237 0.700909 -0.707044
vn 0.093237 0.700909 -0.707044
vn 0.991180 -0.131813 0.000000
vn 0.991180 -0.131813 0.000000
vn 0.991180 -0.131813 0.000000
vn 0.991180 -0.131813 0.000000
vn -0.991180 0.131813 0.000000
vn -0.991180 0.131813 0.000000
vn -0.991180 0.131813 0.000000
vn -0.991180 0.131813 0.000000
vn -0.028230 -0.006623 -0.999573
vn -0.028230 -0.006623 -0.999573
vn -0.028230 -0.006623 -0.999573
vn -0.028230 -0.006623 -0.999573
vn 0.028230 0.006623 0.999573
vn 0.028230 0.006623 0.999573
vn 0.028230 0.006623 0.999573
vn 0.028230 0.006623 0.999573
vn -0.999268 0.025240 0.028047
vn -0.999268 0.025240 0.028047
vn -0.999268 0.025240 0.028047
vn -0.999268 0.025240 0.028047
vn 0.999268 -0.025240 -0.028047
vn 0.999268 -0.025240 -0.028047
vn 0.999268 -0.025240 -0.028047
vn 0.999268 -0.025240 -0.028047
vn 0.998047 -0.010346 -0.061375
vn 0.998047 -0.010346 -0.061375
vn 0.998047 -0.010346 -0.061375
vn 0.998047 -0.010346 -0.061375
vn -0.998047 0.010346 0.061375
vn -0.998047 0.010346 0.061375
vn -0.998047 0.010346 0.061375
vn -0.998047 0.010346 0.061375
vn -0.061619 -0.028658 -0.997681
vn -0.061619 -0.028658 -0.997681
vn -0.061619 -0.028658 -0.997681
vn -0.061619 -0.028658 -0.997681
vn 0.061619 0.028658 0.997681
vn 0.061619 0.028658 0.997681
vn 0.061619 0.028658 0.997681
vn 0.061619 0.028658 0.997681
vn -0.067570 -0.002503 -0.997681
vn -0.067570 -0.002503 -0.997681
vn -0.067570 -0.002503 -0.997681
vn -0.067570 -0.002503 -0.997681
vn 0.067570 0.002503 0.997681
vn 0.067570 0.002503 0.997681
vn 0.067570 0.002503 0.997681
vn 0.067570 0.002503 0.997681
vn -0.997711 -0.001526 0.067570
vn -0.997711 -0.001526 0.067570
vn -0.997711 -0.001526 0.067570
vn -0.997711 -0.001526 0.067570
vn 0.997711 0.001526 -0.067570
vn 0.997711 0.001526 -0.067570
vn 0.997711 0.001526 -0.067570
vn 0.997711 0.001526 -0.067570
vn 0.081487 -0.011903 -0.996521
vn 0.081487 -0.011903 -0.996521
vn 0.081487 -0.011903 -0.996521
vn 0.081487 -0.011903 -0.996521
vn -0.081487 0.011903 0.996521
vn -0.081487 0.011903 0.996521
vn -0.081487 0.011903 0.996521
vn -0.081487 0.011903 0.996521
vn -0.996582 0.005493 -0.081517
vn -0.996582 0.005493 -0.081517
vn -0.996582 0.005493 -0.081517
vn -0.996582 0.005493 -0.081517
vn 0.996582 -0.005493 0.081517
vn 0.996582 -0.005493 0.081517
vn 0.996582 -0.005493 0.081517
vn 0.996582 -0.005493 0.081517
vn -0.075352 -0.010346 -0.997040
vn -0.075352 -0.010346 -0.997040
vn -0.075352 -0.010346 -0.997040
vn -0.075352 -0.010346 -0.997040
vn 0.075352 0.010346 0.997040
vn 0.075352 0.010346 0.997040
vn 0.075352 0.010346 0.997040
vn 0.075352 0.010346 0.997040
vn -0.996643 -0.028658 0.075627
vn -0.996643 -0.028658 0.075627
vn -0.996643 -0.028658 0.075627
vn -0.996643 -0.028658 0.075627
vn 0.996643 0.028658 -0.075627
vn 0.996643 0.028658 -0.075627
vn 0.996643 0.028658 -0.075627
vn 0.996643 0.028658 -0.075627
vn -0.075352 -0.010346 -0.997040
vn -0.075352 -0.010346 -0.997040
vn -0.075352 -0.010346 -0.997040
vn -0.075352 -0.010346 -0.997040
vn 0.075352 0.010346 0.997040
vn 0.075352 0.010346 0.997040
vn 0.075352 0.010346 0.997040
vn 0.075352 0.010346 0.997040
vn -0.996643 -0.028658 0.075627
vn -0.996643 -0.028658 0.075627
vn -0.996643 -0.028658 0.075627
vn -0.996643 -0.028658 0.075627
vn 0.996643 0.028658 -0.075627
vn 0.996643 0.028658 -0.075627
vn 0.996643 0.028658 -0.075627
vn 0.996643 0.028658 -0.075627
vn 0.026521 0.012940 -0.999542
vn 0.026521 0.012940 -0.999542
vn 0.026521 0.012940 -0.999542
vn 0.026521 0.012940 -0.999542
vn -0.026521 -0.012940 0.999542
vn -0.026521 -0.012940 0.999542
vn -0.026521 -0.012940 0.999542
vn -0.026521 -0.012940 0.999542
vn -0.999542 0.013429 -0.026338
vn -0.999542 0.013429 -0.026338
vn -0.999542 0.013429 -0.026338
vn -0.999542 0.013429 -0.026338
vn 0.999542 -0.013429 0.026338
vn 0.999542 -0.013429 0.026338
vn 0.999542 -0.013429 0.026338
vn 0.999542 -0.013429 0.026338
vn -0.014619 0.011262 -0.999817
vn -0.014619 0.011262 -0.999817
vn -0.014619 0.011262 -0.999817
vn -0.014619 0.011262 -0.999817
vn 0.014619 -0.011262 0.999817
vn 0.014619 -0.011262 0.999817
vn 0.014619 -0.011262 0.999817
vn 0.014619 -0.011262 0.999817
vn -0.999756 0.015321 0.014802
vn -0.999756 0.015321 0.014802
vn -0.999756 0.015321 0.014802
vn -0.999756 0.015321 0.014802
vn 0.999756 -0.015321 -0.014802
vn 0.999756 -0.015321 -0.014802
vn 0.999756 -0.015321 -0.014802
vn 0.999756 -0.015321 -0.014802
vn -0.247391 0.968840 -0.002289
vn -0.247391 0.968840 -0.002289
vn -0.247391 0.968840 -0.002289
vn -0.247391 0.968840 -0.002289
vn 0.968840 0.247391 0.001709
vn 0.968840 0.247391 0.001709
vn 0.968840 0.247391 0.001709
vn 0.968840 0.247391 0.001709
vn -0.968840 -0.247391 -0.001709
vn -0.968840 -0.247391 -0.001709
vn -0.968840 -0.247391 -0.001709
vn -0.968840 -0.247391 -0.001709
vn 0.000702 0.011781 -0.999908
vn 0.000702 0.011781 -0.999908
vn 0.000702 0.011781 -0.999908
vn 0.000702 0.011781 -0.999908
vn -0.000702 -0.011781 0.999908
vn -0.000702 -0.011781 0.999908
vn -0.000702 -0.011781 0.999908
vn -0.000702 -0.011781 0.999908
vn -1.000000 -0.000061 -0.000702
vn -1.000000 -0.000061 -0.000702
vn -1.000000 -0.000061 -0.000702
vn -1.000000 -0.000061 -0.000702
vn 1.000000 0.000061 0.000702
vn 1.000000 0.000061 0.000702
vn 1.000000 0.000061 0.000702
vn 1.000000 0.000061 0.000702
vn 0.000000 0.865959 0.500000
vn 0.000000 0.865959 0.500000
vn 0.000000 0.865959 0.500000
vn 0.000000 0.865959 0.500000
vn 0.000000 -0.865959 -0.500000
vn 0.000000 -0.865959 -0.500000
vn 0.000000 -0.865959 -0.500000
vn 0.000000 -0.865959 -0.500000
vn 1.000000 0.000000 0.000000
vn 1.000000 0.000000 0.000000
vn 1.000000 0.000000 0.000000
vn 1.000000 0.000000 0.000000
vn -1.000000 0.000000 0.000000
vn -1.000000 0.000000 0.000000
vn -1.000000 0.000000 0.000000
vn -1.000000 0.000000 0.000000
vn 0.078099 0.005524 -0.996856
vn 0.078099 0.005524 -0.996856
vn 0.078099 0.005524 -0.996856
vn 0.078099 0.005524 -0.996856
vn -0.078099 -0.005524 0.996856
vn -0.078099 -0.005524 0.996856
vn -0.078099 -0.005524 0.996856
vn -0.078099 -0.005524 0.996856
vn -0.996582 -0.024080 -0.078130
vn -0.996582 -0.024080 -0.078130
vn -0.996582 -0.024080 -0.078130
vn -0.996582 -0.024080 -0.078130
vn 0.996582 0.024080 0.078130
vn 0.996582 0.024080 0.078130
vn 0.996582 0.024080 0.078130
vn 0.996582 0.024080 0.078130
vn -0.656412 0.754257 0.000000
vn -0.656412 0.754257 0.000000
vn -0.656412 0.754257 0.000000
vn -0.656412 0.754257 0.000000
vn 0.000000 0.754257 0.656412
vn 0.000000 0.754257 0.656412
vn 0.000000 0.754257 0.656412
vn 0.000000 0.754257 0.656412
vn 0.656412 0.754257 0.000000
vn 0.656412 0.754257 0.000000
vn 0.656412 0.754257 0.000000
vn 0.656412 0.754257 0.000000
vn 0.000000 0.754257 -0.656412
vn 0.000000 0.754257 -0.656412
vn 0.000000 0.754257 -0.656412
vn 0.000000 0.754257 -0.656412
vn 0.000000 0.000000 1.000000
vn 0.000000 0.000000 1.000000
vn 0.000000 0.000000 1.000000
vn 0.000000 0.000000 1.000000
vn 0.000000 1.000000 0.000000
vn 0.000000 1.000000 0.000000
vn 0.000000 1.000000 0.000000
vn 0.000000 1.000000 0.000000
vn 0.000000 0.000000 -1.000000
vn 0.000000 0.000000 -1.000000
vn 0.000000 0.000000 -1.000000
vn 0.000000 0.000000 -1.000000
vn 1.000000 0.000000 0.000000
vn 1.000000 0.000000 0.000000
vn 1.000000 0.000000 0.000000
vn 1.000000 0.000000 0.000000
vn -1.000000 0.000000 0.000000
vn -1.000000 0.000000 0.000000
vn -1.000000 0.000000 0.000000
vn -1.000000 0.000000 0.000000
vn 0.996216 0.016633 0.084478
vn 0.996216 0.016633 0.084478
vn 0.996216 0.016633 0.084478
vn 0.996216 0.016633 0.084478
vn -0.996216 -0.016633 -0.084478
vn -0.996216 -0.016633 -0.084478
vn -0.996216 -0.016633 -0.084478
vn -0.996216 -0.016633 -0.084478
vn 0.084356 0.010590 -0.996307
vn 0.084356 0.010590 -0.996307
vn 0.084356 0.010590 -0.996307
vn 0.084356 0.010590 -0.996307
vn -0.084356 -0.010590 0.996307
vn -0.084356 -0.010590 0.996307
vn -0.084356 -0.010590 0.996307
vn -0.084356 -0.010590 0.996307
vn 0.085912 0.001160 -0.996216
vn 0.085912 0.001160 -0.996216
vn 0.085912 0.001160 -0.996216
vn 0.085912 0.001160 -0.996216
vn -0.085912 -0.001160 0.996216
vn -0.085912 -0.001160 0.996216
vn -0.085912 -0.001160 0.996216
vn -0.085912 -0.001160 0.996216
vn -0.996216 0.003693 -0.085912
vn -0.996216 0.003693 -0.085912
vn -0.996216 0.003693 -0.085912
vn -0.996216 0.003693 -0.085912
vn 0.996216 -0.003693 0.085912
vn 0.996216 -0.003693 0.085912
vn 0.996216 -0.003693 0.085912
vn 0.996216 -0.003693 0.085912
vn 0.000000 0.965910 -0.258774
vn 0.000000 0.965910 -0.258774
vn 0.000000 0.965910 -0.258774
vn 0.000000 0.965910 -0.258774
vn -1.000000 0.000000 0.000000
vn -1.000000 0.000000 0.000000
vn -1.000000 0.000000 0.000000
vn -1.000000 0.000000 0.000000
vn 1.000000 0.000000 0.000000
vn 1.000000 0.000000 0.000000
vn 1.000000 0.000000 0.000000
vn 1.000000 0.000000 0.000000
vn 0.000000 -0.258774 -0.965910
vn 0.000000 -0.258774 -0.965910
vn 0.000000 -0.258774 -0.965910
vn 0.000000 -0.258774 -0.965910
vn 0.000000 0.258774 0.965910
vn 0.000000 0.258774 0.965910
vn 0.000000 0.258774 0.965910
vn 0.000000 0.258774 0.965910
vn 0.010468 -0.012940 -0.999847
vn 0.010468 -0.012940 -0.999847
vn 0.010468 -0.012940 -0.999847
vn 0.010468 -0.012940 -0.999847
vn -0.010468 0.012940 0.999847
vn -0.010468 0.012940 0.999847
vn -0.010468 0.012940 0.999847
vn -0.010468 0.012940 0.999847
vn -0.999542 -0.027742 -0.010102
vn -0.999542 -0.027742 -0.010102
vn -0.999542 -0.027742 -0.010102
vn -0.999542 -0.027742 -0.010102
vn 0.999542 0.027742 0.010102
vn 0.999542 0.027742 0.010102
vn 0.999542 0.027742 0.010102
vn 0.999542 0.027742 0.010102
vn 0.000000 0.000000 1.000000
vn 0.000000 0.000000 1.000000
vn 0.000000 0.000000 1.000000
vn 0.000000 0.000000 1.000000
vn 0.000000 1.000000 0.000000
vn 0.000000 1.000000 0.000000
vn 0.000000 1.000000 0.000000
vn 0.000000 1.000000 0.000000
vn 0.000000 0.000000 -1.000000
vn 0.000000 0.000000 -1.000000
vn 0.000000 0.000000 -1.000000
vn 0.000000 0.000000 -1.000000
vn 0.000000 -1.000000 0.000000
vn 0.000000 -1.000000 0.000000
vn 0.000000 -1.000000 0.000000
vn 0.000000 -1.000000 0.000000
vn 0.056491 0.013123 -0.998230
vn 0.056491 0.013123 -0.998230
vn 0.056491 0.013123 -0.998230
vn 0.056491 0.013123 -0.998230
vn -0.056491 -0.013123 0.998230
vn -0.056491 -0.013123 0.998230
vn -0.056491 -0.013123 0.998230
vn -0.056491 -0.013123 0.998230
vn -0.998321 0.006440 -0.056369
vn -0.998321 0.006440 -0.056369
vn -0.998321 0.006440 -0.056369
vn -0.998321 0.006440 -0.056369
vn 0.998321 -0.006440 0.056369
vn 0.998321 -0.006440 0.056369
vn 0.998321 -0.006440 0.056369
vn 0.998321 -0.006440 0.056369
vn 0.000000 0.000000 1.000000
vn 0.000000 0.000000 1.000000
vn 0.000000 0.000000 1.000000
vn 0.000000 0.000000 1.000000
vn 0.000000 1.000000 0.000000
vn 0.000000 1.000000 0.000000
vn 0.000000 1.000000 0.000000
vn 0.000000 1.000000 0.000000
vn 0.000000 0.000000 -1.000000
vn 0.000000 0.000000 -1.000000
vn 0.000000 0.000000 -1.000000
vn 0.000000 0.000000 -1.000000
vn 0.000000 -1.000000 0.000000
vn 0.000000 -1.000000 0.000000
vn 0.000000 -1.000000 0.000000
vn 0.000000 -1.000000 0.000000
vn 0.999603 -0.012940 0.024507
vn 0.999603 -0.012940 0.024507
vn 0.999603 -0.012940 0.024507
vn 0.999603 -0.012940 0.024507
vn -0.999603 0.012940 -0.024507
vn -0.999603 0.012940 -0.024507
vn -0.999603 0.012940 -0.024507
vn -0.999603 0.012940 -0.024507
vn 0.024141 -0.027742 -0.999298
vn 0.024141 -0.027742 -0.999298
vn 0.024141 -0.027742 -0.999298
vn 0.024141 -0.027742 -0.999298
vn -0.024141 0.027742 0.999298
vn -0.024141 0.027742 0.999298
vn -0.024141 0.027742 0.999298
vn -0.024141 0.027742 0.999298
vn -0.025179 -0.011628 -0.999603
vn -0.025179 -0.011628 -0.999603
vn -0.025179 -0.011628 -0.999603
vn -0.025179 -0.011628 -0.999603
vn 0.025179 0.011628 0.999603
vn 0.025179 0.011628 0.999603
vn 0.025179 0.011628 0.999603
vn 0.025179 0.011628 0.999603
vn -0.999664 0.000244 0.025179
vn -0.999664 0.000244 0.025179
vn -0.999664 0.000244 0.025179
vn -0.999664 0.000244 0.025179
vn 0.999664 -0.000244 -0.025179
vn 0.999664 -0.000244 -0.025179
vn 0.999664 -0.000244 -0.025179
vn 0.999664 -0.000244 -0.025179
vn 0.052829 0.007599 -0.998505
vn 0.052829 0.007599 -0.998505
vn 0.052829 0.007599 -0.998505
vn 0.052829 0.007599 -0.998505
vn -0.052829 -0.007599 0.998505
vn -0.052829 -0.007599 0.998505
vn -0.052829 -0.007599 0.998505
vn -0.052829 -0.007599 0.998505
vn -0.998413 -0.014405 -0.052951
vn -0.998413 -0.014405 -0.052951
vn -0.998413 -0.014405 -0.052951
vn -0.998413 -0.014405 -0.052951
vn 0.998413 0.014405 0.052951
vn 0.998413 0.014405 0.052951
vn 0.998413 0.014405 0.052951
vn 0.998413 0.014405 0.052951
vn 0.284807 0.958555 0.000000
vn 0.284807 0.958555 0.000000
vn 0.284807 0.958555 0.000000
vn 0.284807 0.958555 0.000000
vn 0.000000 1.000000 0.000000
vn 0.000000 1.000000 0.000000
vn 0.000000 1.000000 0.000000
vn 0.000000 1.000000 0.000000
vn 0.000000 0.000000 -1.000000
vn 0.000000 0.000000 -1.000000
vn 0.000000 0.000000 -1.000000
vn 0.000000 0.000000 -1.000000
vn 0.000000 -1.000000 0.000000
vn 0.000000 -1.000000 0.000000
vn 0.000000 -1.000000 0.000000
vn 0.000000 -1.000000 0.000000
vn -0.284807 0.958555 0.000000
vn -0.284807 0.958555 0.000000
vn -0.284807 0.958555 0.000000
vn -0.284807 0.958555 0.000000
vn 0.000000 1.000000 0.000000
vn 0.000000 1.000000 0.000000
vn 0.000000 0.000000 -1.000000
vn 0.000000 0.000000 -1.000000
vn 0.000000 -1.000000 0.000000
vn 0.000000 -1.000000 0.000000
vn 0.284807 0.958555 0.000000
vn 0.284807 0.958555 0.000000
vn 0.284807 0.958555 0.000000
vn 0.284807 0.958555 0.000000
vn 0.000000 1.000000 0.000000
vn 0.000000 1.000000 0.000000
vn 0.000000 1.000000 0.000000
vn 0.000000 1.000000 0.000000
vn 0.000000 0.000000 1.000000
vn 0.000000 0.000000 1.000000
vn 0.000000 0.000000 1.000000
vn 0.000000 0.000000 1.000000
vn 0.000000 -1.000000 0.000000
vn 0.000000 -1.000000 0.000000
vn 0.000000 -1.000000 0.000000
vn 0.000000 -1.000000 0.000000
vn -0.284807 0.958555 0.000000
vn -0.284807 0.958555 0.000000
vn -0.284807 0.958555 0.000000
vn -0.284807 0.958555 0.000000
vn 0.000000 1.000000 0.000000
vn 0.000000 1.000000 0.000000
vn 0.000000 0.000000 1.000000
vn 0.000000 0.000000 1.000000
vn 0.000000 -1.000000 0.000000
vn 0.000000 -1.000000 0.000000
vn 0.000000 0.965910 -0.258774
vn 0.000000 0.965910 -0.258774
vn 0.000000 0.965910 -0.258774
vn 0.000000 0.965910 -0.258774
vn -1.000000 0.000000 0.000000
vn -1.000000 0.000000 0.000000
vn -1.000000 0.000000 0.000000
vn -1.000000 0.000000 0.000000
vn 1.000000 0.000000 0.000000
vn 1.000000 0.000000 0.000000
vn 1.000000 0.000000 0.000000
vn 1.000000 0.000000 0.000000
vn 0.000000 -0.258774 -0.965910
vn 0.000000 -0.258774 -0.965910
vn 0.000000 -0.258774 -0.965910
vn 0.000000 -0.258774 -0.965910
vn 0.000000 0.258774 0.965910
vn 0.000000 0.258774 0.965910
vn 0.000000 0.258774 0.965910
vn 0.000000 0.258774 0.965910
vn 0.999817 0.000000 0.018830
vn 0.999817 0.000000 0.018830
vn 0.999817 0.000000 0.018830
vn 0.999817 0.000000 0.018830
vn -0.999817 0.000000 -0.018830
vn -0.999817 0.000000 -0.018830
vn -0.999817 0.000000 -0.018830
vn -0.999817 0.000000 -0.018830
vn 0.018830 0.008362 -0.999756
vn 0.018830 0.008362 -0.999756
vn 0.018830 0.008362 -0.999756
vn 0.018830 0.008362 -0.999756
vn -0.018830 -0.008362 0.999756
vn -0.018830 -0.008362 0.999756
vn -0.018830 -0.008362 0.999756
vn -0.018830 -0.008362 0.999756
vn -0.247391 0.968840 -0.002289
vn -0.247391 0.968840 -0.002289
vn -0.247391 0.968840 -0.002289
vn -0.247391 0.968840 -0.002289
vn 0.968840 0.247391 0.001709
vn 0.968840 0.247391 0.001709
vn 0.968840 0.247391 0.001709
vn 0.968840 0.247391 0.001709
vn -0.968840 -0.247391 -0.001709
vn -0.968840 -0.247391 -0.001709
vn -0.968840 -0.247391 -0.001709
vn -0.968840 -0.247391 -0.001709
vn 0.000000 0.965910 0.258774
vn 0.000000 0.965910 0.258774
vn 0.000000 0.965910 0.258774
vn 0.000000 0.965910 0.258774
vn 1.000000 0.000000 0.000000
vn 1.000000 0.000000 0.000000
vn 1.000000 0.000000 0.000000
vn 1.000000 0.000000 0.000000
vn -1.000000 0.000000 0.000000
vn -1.000000 0.000000 0.000000
vn -1.000000 0.000000 0.000000
vn -1.000000 0.000000 0.000000
vn 0.000000 -0.258774 0.965910
vn 0.000000 -0.258774 0.965910
vn 0.000000 -0.258774 0.965910
vn 0.000000 -0.258774 0.965910
vn 0.000000 0.258774 -0.965910
vn 0.000000 0.258774 -0.965910
vn 0.000000 0.258774 -0.965910
vn 0.000000 0.258774 -0.965910
vn 0.056247 0.011933 -0.998260
vn 0.056247 0.011933 -0.998260
vn 0.056247 0.011933 -0.998260
vn 0.056247 0.011933 -0.998260
vn -0.056247 -0.011933 0.998260
vn -0.056247 -0.011933 0.998260
vn -0.056247 -0.011933 0.998260
vn -0.056247 -0.011933 0.998260
vn -0.998321 0.006836 -0.056247
vn -0.998321 0.006836 -0.056247
vn -0.998321 0.006836 -0.056247
vn -0.998321 0.006836 -0.056247
vn 0.998321 -0.006836 0.056247
vn 0.998321 -0.006836 0.056247
vn 0.998321 -0.006836 0.056247
vn 0.998321 -0.006836 0.056247
vn 0.998871 0.015962 -0.042819
vn 0.998871 0.015962 -0.042819
vn 0.998871 0.015962 -0.042819
vn 0.998871 0.015962 -0.042819
vn -0.998871 -0.015962 0.042819
vn -0.998871 -0.015962 0.042819
vn -0.998871 -0.015962 0.042819
vn -0.998871 -0.015962 0.042819
vn -0.042544 -0.018708 -0.998840
vn -0.042544 -0.018708 -0.998840
vn -0.042544 -0.018708 -0.998840
vn -0.042544 -0.018708 -0.998840
vn 0.042544 0.018708 0.998840
vn 0.042544 0.018708 0.998840
vn 0.042544 0.018708 0.998840
vn 0.042544 0.018708 0.998840
vn -0.056247 -0.001709 -0.998321
vn -0.056247 -0.001709 -0.998321
vn -0.056247 -0.001709 -0.998321
vn -0.056247 -0.001709 -0.998321
vn 0.056247 0.001709 0.998321
vn 0.056247 0.001709 0.998321
vn 0.056247 0.001709 0.998321
vn 0.056247 0.001709 0.998321
vn -0.998260 -0.012238 0.056339
vn -0.998260 -0.012238 0.056339
vn -0.998260 -0.012238 0.056339
vn -0.998260 -0.012238 0.056339
vn 0.998260 0.012238 -0.056339
vn 0.998260 0.012238 -0.056339
vn 0.998260 0.012238 -0.056339
vn 0.998260 0.012238 -0.056339
vn 0.202802 0.723524 0.659708
vn 0.202802 0.723524 0.659708
vn 0.202802 0.723524 0.659708
vn 0.202802 0.723524 0.659708
vn -0.202802 -0.723524 -0.659708
vn -0.202802 -0.723524 -0.659708
vn -0.202802 -0.723524 -0.659708
vn -0.202802 -0.723524 -0.659708
vn 0.974455 -0.215376 -0.063358
vn 0.974455 -0.215376 -0.063358
vn 0.974455 -0.215376 -0.063358
vn 0.974455 -0.215376 -0.063358
vn -0.974455 0.215376 0.063358
vn -0.974455 0.215376 0.063358
vn -0.974455 0.215376 0.063358
vn -0.974455 0.215376 0.063358
vn 0.081975 0.004517 -0.996551
vn 0.081975 0.004517 -0.996551
vn 0.081975 0.004517 -0.996551
vn 0.081975 0.004517 -0.996551
vn -0.081975 -0.004517 0.996551
vn -0.081975 -0.004517 0.996551
vn -0.081975 -0.004517 0.996551
vn -0.081975 -0.004517 0.996551
vn -0.996460 0.013337 -0.081914
vn -0.996460 0.013337 -0.081914
vn -0.996460 0.013337 -0.081914
vn -0.996460 0.013337 -0.081914
vn 0.996460 -0.013337 0.081914
vn 0.996460 -0.013337 0.081914
vn 0.996460 -0.013337 0.081914
vn 0.996460 -0.013337 0.081914
vn 0.054660 0.016938 -0.998291
vn 0.054660 0.016938 -0.998291
vn 0.054660 0.016938 -0.998291
vn 0.054660 0.016938 -0.998291
vn -0.054660 -0.016938 0.998291
vn -0.054660 -0.016938 0.998291
vn -0.054660 -0.016938 0.998291
vn -0.054660 -0.016938 0.998291
vn -0.997864 -0.034151 -0.055271
vn -0.997864 -0.034151 -0.055271
vn -0.997864 -0.034151 -0.055271
vn -0.997864 -0.034151 -0.055271
vn 0.997864 0.034151 0.055271
vn 0.997864 0.034151 0.055271
vn 0.997864 0.034151 0.055271
vn 0.997864 0.034151 0.055271
vn 0.000702 0.011781 -0.999908
vn 0.000702 0.011781 -0.999908
vn 0.000702 0.011781 -0.999908
vn 0.000702 0.011781 -0.999908
vn -0.000702 -0.011781 0.999908
vn -0.000702 -0.011781 0.999908
vn -0.000702 -0.011781 0.999908
vn -0.000702 -0.011781 0.999908
vn -1.000000 -0.000061 -0.000702
vn -1.000000 -0.000061 -0.000702
vn -1.000000 -0.000061 -0.000702
vn -1.000000 -0.000061 -0.000702
vn 1.000000 0.000061 0.000702
vn 1.000000 0.000061 0.000702
vn 1.000000 0.000061 0.000702
vn 1.000000 0.000061 0.000702
vn 0.999695 -0.014588 -0.018647
vn 0.999695 -0.014588 -0.018647
vn 0.999695 -0.014588 -0.018647
vn 0.999695 -0.014588 -0.018647
vn -0.999695 0.014588 0.018647
vn -0.999695 0.014588 0.018647
vn -0.999695 0.014588 0.018647
vn -0.999695 0.014588 0.018647
vn -0.018953 -0.018953 -0.999634
vn -0.018953 -0.018953 -0.999634
vn -0.018953 -0.018953 -0.999634
vn -0.018953 -0.018953 -0.999634
vn 0.018953 0.018953 0.999634
vn 0.018953 0.018953 0.999634
vn 0.018953 0.018953 0.999634
vn 0.018953 0.018953 0.999634
vn -0.025545 0.008362 -0.999634
vn -0.025545 0.008362 -0.999634
vn -0.025545 0.008362 -0.999634
vn -0.025545 0.008362 -0.999634
vn 0.025545 -0.008362 0.999634
vn 0.025545 -0.008362 0.999634
vn 0.025545 -0.008362 0.999634
vn 0.025545 -0.008362 0.999634
vn -0.999420 0.021394 0.025667
vn -0.999420 0.021394 0.025667
vn -0.999420 0.021394 0.025667
vn -0.999420 0.021394 0.025667
vn 0.999420 -0.021394 -0.025667
vn 0.999420 -0.021394 -0.025667
vn 0.999420 -0.021394 -0.025667
vn 0.999420 -0.021394 -0.025667
vn 0.034640 -0.269365 -0.962400
vn 0.034640 -0.269365 -0.962400
vn 0.034640 -0.269365 -0.962400
vn 0.034640 -0.269365 -0.962400
vn -0.005402 0.962919 -0.269639
vn -0.005402 0.962919 -0.269639
vn -0.005402 0.962919 -0.269639
vn -0.005402 0.962919 -0.269639
vn 0.005402 -0.962919 0.269639
vn 0.005402 -0.962919 0.269639
vn 0.005402 -0.962919 0.269639
vn 0.005402 -0.962919 0.269639
vn -0.999359 -0.014558 -0.031923
vn -0.999359 -0.014558 -0.031923
vn -0.999359 -0.014558 -0.031923
vn -0.999359 -0.014558 -0.031923
vn 0.999359 0.014558 0.031923
vn 0.999359 0.014558 0.031923
vn 0.999359 0.014558 0.031923
vn 0.999359 0.014558 0.031923
vn 0.055271 -0.015351 -0.998260
vn 0.055271 -0.015351 -0.998260
vn 0.055271 -0.015351 -0.998260
vn 0.055271 -0.015351 -0.998260
vn -0.055271 0.015351 0.998260
vn -0.055271 0.015351 0.998260
vn -0.055271 0.015351 0.998260
vn -0.055271 0.015351 0.998260
vn -0.998138 -0.022920 -0.054904
vn -0.998138 -0.022920 -0.054904
vn -0.998138 -0.022920 -0.054904
vn -0.998138 -0.022920 -0.054904
vn 0.998138 0.022920 0.054904
vn 0.998138 0.022920 0.054904
vn 0.998138 0.022920 0.054904
vn 0.998138 0.022920 0.054904
vn -0.022981 -0.253311 -0.967008
vn -0.022981 -0.253311 -0.967008
vn -0.022981 -0.253311 -0.967008
vn -0.022981 -0.253311 -0.967008
vn -0.014192 0.967253 -0.253037
vn -0.014192 0.967253 -0.253037
vn -0.014192 0.967253 -0.253037
vn -0.014192 0.967253 -0.253037
vn 0.014192 -0.967253 0.253037
vn 0.014192 -0.967253 0.253037
vn 0.014192 -0.967253 0.253037
vn 0.014192 -0.967253 0.253037
vn -0.999634 -0.007905 0.025850
vn -0.999634 -0.007905 0.025850
vn -0.999634 -0.007905 0.025850
vn -0.999634 -0.007905 0.025850
vn 0.999634 0.007905 -0.025850
vn 0.999634 0.007905 -0.025850
vn 0.999634 0.007905 -0.025850
vn 0.999634 0.007905 -0.025850
vn 0.999969 -0.002625 0.005219
vn 0.999969 -0.002625 0.005219
vn 0.999969 -0.002625 0.005219
vn 0.999969 -0.002625 0.005219
vn -0.999969 0.002625 -0.005219
vn -0.999969 0.002625 -0.005219
vn -0.999969 0.002625 -0.005219
vn -0.999969 0.002625 -0.005219
vn 0.005188 -0.007935 -0.999939
vn 0.005188 -0.007935 -0.999939
vn 0.005188 -0.007935 -0.999939
vn 0.005188 -0.007935 -0.999939
vn -0.005188 0.007935 0.999939
vn -0.005188 0.007935 0.999939
vn -0.005188 0.007935 0.999939
vn -0.005188 0.007935 0.999939
vn 0.995727 0.005524 0.092016
vn 0.995727 0.005524 0.092016
vn 0.995727 0.005524 0.092016
vn 0.995727 0.005524 0.092016
vn -0.995727 -0.005524 -0.092016
vn -0.995727 -0.005524 -0.092016
vn -0.995727 -0.005524 -0.092016
vn -0.995727 -0.005524 -0.092016
vn 0.092169 -0.024080 -0.995422
vn 0.092169 -0.024080 -0.995422
vn 0.092169 -0.024080 -0.995422
vn 0.092169 -0.024080 -0.995422
vn -0.092169 0.024080 0.995422
vn -0.092169 0.024080 0.995422
vn -0.092169 0.024080 0.995422
vn -0.092169 0.024080 0.995422
vn 0.978301 -0.046481 -0.201703
vn 0.978301 -0.046481 -0.201703
vn 0.978301 -0.046481 -0.201703
vn 0.978301 -0.046481 -0.201703
vn -0.978301 0.046481 0.201703
vn -0.978301 0.046481 0.201703
vn -0.978301 0.046481 0.201703
vn -0.978301 0.046481 0.201703
vn -0.199994 0.039980 -0.978911
vn -0.199994 0.039980 -0.978911
vn -0.199994 0.039980 -0.978911
vn -0.199994 0.039980 -0.978911
vn 0.199994 -0.039980 0.978911
vn 0.199994 -0.039980 0.978911
vn 0.199994 -0.039980 0.978911
vn 0.199994 -0.039980 0.978911
vn 0.996216 0.016633 0.084478
vn 0.996216 0.016633 0.084478
vn 0.996216 0.016633 0.084478
vn 0.996216 0.016633 0.084478
vn -0.996216 -0.016633 -0.084478
vn -0.996216 -0.016633 -0.084478
vn -0.996216 -0.016633 -0.084478
vn -0.996216 -0.016633 -0.084478
vn 0.084356 0.010590 -0.996307
vn 0.084356 0.010590 -0.996307
vn 0.084356 0.010590 -0.996307
vn 0.084356 0.010590 -0.996307
vn -0.084356 -0.010590 0.996307
vn -0.084356 -0.010590 0.996307
vn -0.084356 -0.010590 0.996307
vn -0.084356 -0.010590 0.996307
vn 0.995575 0.015779 0.092321
vn 0.995575 0.015779 0.092321
vn 0.995575 0.015779 0.092321
vn 0.995575 0.015779 0.092321
vn -0.995575 -0.015779 -0.092321
vn -0.995575 -0.015779 -0.092321
vn -0.995575 -0.015779 -0.092321
vn -0.995575 -0.015779 -0.092321
vn 0.092504 -0.013001 -0.995605
vn 0.092504 -0.013001 -0.995605
vn 0.092504 -0.013001 -0.995605
vn 0.092504 -0.013001 -0.995605
vn -0.092504 0.013001 0.995605
vn -0.092504 0.013001 0.995605
vn -0.092504 0.013001 0.995605
vn -0.092504 0.013001 0.995605
vn 0.085912 0.001160 -0.996216
vn 0.085912 0.001160 -0.996216
vn 0.085912 0.001160 -0.996216
vn 0.085912 0.001160 -0.996216
vn -0.085912 -0.001160 0.996216
vn -0.085912 -0.001160 0.996216
vn -0.085912 -0.001160 0.996216
vn -0.085912 -0.001160 0.996216
vn -0.996216 0.003693 -0.085912
vn -0.996216 0.003693 -0.085912
vn -0.996216 0.003693 -0.085912
vn -0.996216 0.003693 -0.085912
vn 0.996216 -0.003693 0.085912
vn 0.996216 -0.003693 0.085912
vn 0.996216 -0.003693 0.085912
vn 0.996216 -0.003693 0.085912
vn -0.008637 -0.002625 -0.999939
vn -0.008637 -0.002625 -0.999939
vn -0.008637 -0.002625 -0.999939
vn -0.008637 -0.002625 -0.999939
vn 0.008637 0.002625 0.999939
vn 0.008637 0.002625 0.999939
vn 0.008637 0.002625 0.999939
vn 0.008637 0.002625 0.999939
vn -0.999908 -0.007935 0.008668
vn -0.999908 -0.007935 0.008668
vn -0.999908 -0.007935 0.008668
vn -0.999908 -0.007935 0.008668
vn 0.999908 0.007935 -0.008668
vn 0.999908 0.007935 -0.008668
vn 0.999908 0.007935 -0.008668
vn 0.999908 0.007935 -0.008668
vn 0.999206 0.000305 0.039034
vn 0.999206 0.000305 0.039034
vn 0.999206 0.000305 0.039034
vn 0.999206 0.000305 0.039034
vn -0.999206 -0.000305 -0.039034
vn -0.999206 -0.000305 -0.039034
vn -0.999206 -0.000305 -0.039034
vn -0.999206 -0.000305 -0.039034
vn 0.039034 0.024385 -0.998871
vn 0.039034 0.024385 -0.998871
vn 0.039034 0.024385 -0.998871
vn 0.039034 0.024385 -0.998871
vn -0.039034 -0.024385 0.998871
vn -0.039034 -0.024385 0.998871
vn -0.039034 -0.024385 0.998871
vn -0.039034 -0.024385 0.998871
vn -0.002136 -0.008179 -0.999939
vn -0.002136 -0.008179 -0.999939
vn -0.002136 -0.008179 -0.999939
vn -0.002136 -0.008179 -0.999939
vn 0.002136 0.008179 0.999939
vn 0.002136 0.008179 0.999939
vn 0.002136 0.008179 0.999939
vn 0.002136 0.008179 0.999939
vn -0.999969 0.000000 0.002136
vn -0.999969 0.000000 0.002136
vn -0.999969 0.000000 0.002136
vn -0.999969 0.000000 0.002136
vn 0.999969 0.000000 -0.002136
vn 0.999969 0.000000 -0.002136
vn 0.999969 0.000000 -0.002136
vn 0.999969 0.000000 -0.002136
vn -0.002136 -0.008179 -0.999939
vn -0.002136 -0.008179 -0.999939
vn -0.002136 -0.008179 -0.999939
vn -0.002136 -0.008179 -0.999939
vn 0.002136 0.008179 0.999939
vn 0.002136 0.008179 0.999939
vn 0.002136 0.008179 0.999939
vn 0.002136 0.008179 0.999939
vn -0.999969 0.000000 0.002136
vn -0.999969 0.000000 0.002136
vn -0.999969 0.000000 0.002136
vn -0.999969 0.000000 0.002136
vn 0.999969 0.000000 -0.002136
vn 0.999969 0.000000 -0.002136
vn 0.999969 0.000000 -0.002136
vn 0.999969 0.000000 -0.002136
vn -0.049136 -0.006653 -0.998688
vn -0.049136 -0.006653 -0.998688
vn -0.049136 -0.006653 -0.998688
vn -0.049136 -0.006653 -0.998688
vn 0.049136 0.006653 0.998688
vn 0.049136 0.006653 0.998688
vn 0.049136 0.006653 0.998688
vn 0.049136 0.006653 0.998688
vn -0.998444 0.024141 0.048923
vn -0.998444 0.024141 0.048923
vn -0.998444 0.024141 0.048923
vn -0.998444 0.024141 0.048923
vn 0.998444 -0.024141 -0.048923
vn 0.998444 -0.024141 -0.048923
vn 0.998444 -0.024141 -0.048923
vn 0.998444 -0.024141 -0.048923
vn 0.034640 -0.269365 -0.962400
vn 0.034640 -0.269365 -0.962400
vn 0.034640 -0.269365 -0.962400
vn 0.034640 -0.269365 -0.962400
vn -0.005402 0.962919 -0.269639
vn -0.005402 0.962919 -0.269639
vn -0.005402 0.962919 -0.269639
vn -0.005402 0.962919 -0.269639
vn 0.005402 -0.962919 0.269639
vn 0.005402 -0.962919 0.269639
vn 0.005402 -0.962919 0.269639
vn 0.005402 -0.962919 0.269639
vn -0.999359 -0.014558 -0.031923
vn -0.999359 -0.014558 -0.031923
vn -0.999359 -0.014558 -0.031923
vn -0.999359 -0.014558 -0.031923
vn 0.999359 0.014558 0.031923
vn 0.999359 0.014558 0.031923
vn 0.999359 0.014558 0.031923
vn 0.999359 0.014558 0.031923
vn 0.025056 0.000305 -0.999664
vn 0.025056 0.000305 -0.999664
vn 0.025056 0.000305 -0.999664
vn 0.025056 0.000305 -0.999664
vn -0.025056 -0.000305 0.999664
vn -0.025056 -0.000305 0.999664
vn -0.025056 -0.000305 0.999664
vn -0.025056 -0.000305 0.999664
vn -0.999359 0.024385 -0.024995
vn -0.999359 0.024385 -0.024995
vn -0.999359 0.024385 -0.024995
vn -0.999359 0.024385 -0.024995
vn 0.999359 -0.024385 0.024995
vn 0.999359 -0.024385 0.024995
vn 0.999359 -0.024385 0.024995
vn 0.999359 -0.024385 0.024995
vn -0.022981 -0.253311 -0.967008
vn -0.022981 -0.253311 -0.967008
vn -0.022981 -0.253311 -0.967008
vn -0.022981 -0.253311 -0.967008
vn -0.014192 0.967253 -0.253037
vn -0.014192 0.967253 -0.253037
vn -0.014192 0.967253 -0.253037
vn -0.014192 0.967253 -0.253037
vn 0.014192 -0.967253 0.253037
vn 0.014192 -0.967253 0.253037
vn 0.014192 -0.967253 0.253037
vn 0.014192 -0.967253 0.253037
vn -0.999634 -0.007905 0.025850
vn -0.999634 -0.007905 0.025850
vn -0.999634 -0.007905 0.025850
vn -0.999634 -0.007905 0.025850
vn 0.999634 0.007905 -0.025850
vn 0.999634 0.007905 -0.025850
vn 0.999634 0.007905 -0.025850
vn 0.999634 0.007905 -0.025850
vn 0.000000 1.000000 0.000000
vn 0.000000 1.000000 0.000000
vn 0.000000 1.000000 0.000000
vn 0.000000 1.000000 0.000000
vn 0.000000 0.000000 1.000000
vn 0.000000 0.000000 1.000000
vn 0.000000 0.000000 1.000000
vn 0.000000 0.000000 1.000000
vn 0.000000 1.000000 0.000000
vn 0.000000 1.000000 0.000000
vn 0.000000 1.000000 0.000000
vn 0.000000 1.000000 0.000000
vn 0.000000 0.000000 -1.000000
vn 0.000000 0.000000 -1.000000
vn 0.000000 0.000000 -1.000000
vn 0.000000 0.000000 -1.000000
vn 0.000000 -1.000000 0.000000
vn 0.000000 -1.000000 0.000000
vn 0.000000 -1.000000 0.000000
vn 0.000000 -1.000000 0.000000
vn 1.000000 0.000000 0.000000
vn 1.000000 0.000000 0.000000
vn 1.000000 0.000000 0.000000
vn 1.000000 0.000000 0.000000
vn -1.000000 0.000000 0.000000
vn -1.000000 0.000000 0.000000
vn -1.000000 0.000000 0.000000
vn -1.000000 0.000000 0.000000
vn 0.000000 0.000000 1.000000
vn 0.000000 0.000000 1.000000
vn 0.000000 0.000000 1.000000
vn 0.000000 0.000000 1.000000
vn 0.000000 1.000000 0.000000
vn 0.000000 1.000000 0.000000
vn 0.000000 1.000000 0.000000
vn 0.000000 1.000000 0.000000
vn 0.000000 0.000000 -1.000000
vn 0.000000 0.000000 -1.000000
vn 0.000000 0.000000 -1.000000
vn 0.000000 0.000000 -1.000000
vn 0.000000 -1.000000 0.000000
vn 0.000000 -1.000000 0.000000
vn 0.000000 -1.000000 0.000000
vn 0.000000 -1.000000 0.000000
vn -1.000000 0.000000 0.000000
vn -1.000000 0.000000 0.000000
vn -1.000000 0.000000 0.000000
vn -1.000000 0.000000 0.000000
vn 1.000000 0.000000 0.000000
vn 1.000000 0.000000 0.000000
vn 1.000000 0.000000 0.000000
vn 1.000000 0.000000 0.000000
vn 0.000000 -1.000000 0.000000
vn 0.000000 -1.000000 0.000000
vn 0.000000 -1.000000 0.000000
vn 0.000000 -1.000000 0.000000
vn 0.000000 1.000000 0.000000
vn 0.000000 1.000000 0.000000
vn 0.000000 1.000000 0.000000
vn 0.000000 1.000000 0.000000
vn -1.000000 0.000000 0.000000
vn -1.000000 0.000000 0.000000
vn -1.000000 0.000000 0.000000
vn -1.000000 0.000000 0.000000
vn 1.000000 0.000000 0.000000
vn 1.000000 0.000000 0.000000
vn 1.000000 0.000000 0.000000
vn 1.000000 0.000000 0.000000
vn 0.000000 1.000000 0.000000
vn 0.000000 1.000000 0.000000
vn 0.000000 1.000000 0.000000
vn 0.000000 1.000000 0.000000
vn 0.000000 -1.000000 0.000000
vn 0.000000 -1.000000 0.000000
vn 0.000000 -1.000000 0.000000
vn 0.000000 -1.000000 0.000000
vn 0.000000 0.000000 -1.000000
vn 0.000000 0.000000 -1.000000
vn 0.000000 0.000000 -1.000000
vn 0.000000 0.000000 -1.000000
vn 0.000000 1.000000 0.000000
vn 0.000000 1.000000 0.000000
vn 0.000000 1.000000 0.000000
vn 0.000000 1.000000 0.000000
vn 0.000000 0.000000 1.000000
vn 0.000000 0.000000 1.000000
vn 0.000000 0.000000 1.000000
vn 0.000000 0.000000 1.000000
vn 0.000000 -1.000000 0.000000
vn 0.000000 -1.000000 0.000000
vn 0.000000 -1.000000 0.000000
vn 0.000000 -1.000000 0.000000
vn 0.000000 0.000000 -1.000000
vn 0.000000 0.000000 -1.000000
vn 0.000000 0.000000 -1.000000
vn 0.000000 0.000000 -1.000000
vn 0.000000 -1.000000 0.000000
vn 0.000000 -1.000000 0.000000
vn 0.000000 -1.000000 0.000000
vn 0.000000 -1.000000 0.000000
vn 0.000000 0.000000 1.000000
vn 0.000000 0.000000 1.000000
vn 0.000000 0.000000 1.000000
vn 0.000000 0.000000 1.000000
vn 0.000000 1.000000 0.000000
vn 0.000000 1.000000 0.000000
vn 0.000000 1.000000 0.000000
vn 0.000000 1.000000 0.000000
vn 0.000000 1.000000 0.000000
vn 0.000000 1.000000 0.000000
vn 0.000000 1.000000 0.000000
vn 0.000000 1.000000 0.000000
vn 0.000000 -1.000000 0.000000
vn 0.000000 -1.000000 0.000000
vn 0.000000 -1.000000 0.000000
vn 0.000000 -1.000000 0.000000
vn -1.000000 0.000000 0.000000
vn -1.000000 0.000000 0.000000
vn -1.000000 0.000000 0.000000
vn -1.000000 0.000000 0.000000
vn 1.000000 0.000000 0.000000
vn 1.000000 0.000000 0.000000
vn 1.000000 0.000000 0.000000
vn 1.000000 0.000000 0.000000
vn 0.000000 -1.000000 0.000000
vn 0.000000 -1.000000 0.000000
vn 0.000000 -1.000000 0.000000
vn 0.000000 -1.000000 0.000000
vn 0.000000 1.000000 0.000000
vn 0.000000 1.000000 0.000000
vn 0.000000 1.000000 0.000000
vn 0.000000 1.000000 0.000000
vn 0.000000 0.000000 1.000000
vn 0.000000 0.000000 1.000000
vn 0.000000 0.000000 1.000000
vn 0.000000 0.000000 1.000000
vn 0.000000 -1.000000 0.000000
vn 0.000000 -1.000000 0.000000
vn 0.000000 -1.000000 0.000000
vn 0.000000 -1.000000 0.000000
vn 0.000000 0.000000 -1.000000
vn 0.000000 0.000000 -1.000000
vn 0.000000 0.000000 -1.000000
vn 0.000000 0.000000 -1.000000
vn 0.000000 1.000000 0.000000
vn 0.000000 1.000000 0.000000
vn 0.000000 1.000000 0.000000
vn 0.000000 1.000000 0.000000
vn 0.000000 0.000000 1.000000
vn 0.000000 0.000000 1.000000
vn 0.000000 0.000000 1.000000
vn 0.000000 0.000000 1.000000
vn 0.000000 1.000000 0.000000
vn 0.000000 1.000000 0.000000
vn 0.000000 1.000000 0.000000
vn 0.000000 1.000000 0.000000
vn 0.000000 0.000000 -1.000000
vn 0.000000 0.000000 -1.000000
vn 0.000000 0.000000 -1.000000
vn 0.000000 0.000000 -1.000000
vn 0.000000 -1.000000 0.000000
vn 0.000000 -1.000000 0.000000
vn 0.000000 -1.000000 0.000000
vn 0.000000 -1.000000 0.000000
vn 0.052829 0.007599 -0.998505
vn 0.052829 0.007599 -0.998505
vn 0.052829 0.007599 -0.998505
vn 0.052829 0.007599 -0.998505
vn -0.052829 -0.007599 0.998505
vn -0.052829 -0.007599 0.998505
vn -0.052829 -0.007599 0.998505
vn -0.052829 -0.007599 0.998505
vn -0.998413 -0.014405 -0.052951
vn -0.998413 -0.014405 -0.052951
vn -0.998413 -0.014405 -0.052951
vn -0.998413 -0.014405 -0.052951
vn 0.998413 0.014405 0.052951
vn 0.998413 0.014405 0.052951
vn 0.998413 0.014405 0.052951
vn 0.998413 0.014405 0.052951
vn -0.247391 0.968840 -0.002289
vn -0.247391 0.968840 -0.002289
vn -0.247391 0.968840 -0.002289
vn -0.247391 0.968840 -0.002289
vn 0.968840 0.247391 0.001709
vn 0.968840 0.247391 0.001709
vn 0.968840 0.247391 0.001709
vn 0.968840 0.247391 0.001709
vn -0.968840 -0.247391 -0.001709
vn -0.968840 -0.247391 -0.001709
vn -0.968840 -0.247391 -0.001709
vn -0.968840 -0.247391 -0.001709
vn 0.086401 0.003693 -0.996185
vn 0.086401 0.003693 -0.996185
vn 0.086401 0.003693 -0.996185
vn 0.086401 0.003693 -0.996185
vn -0.086401 -0.003693 0.996185
vn -0.086401 -0.003693 0.996185
vn -0.086401 -0.003693 0.996185
vn -0.086401 -0.003693 0.996185
vn -0.995697 0.033419 -0.086187
vn -0.995697 0.033419 -0.086187
vn -0.995697 0.033419 -0.086187
vn -0.995697 0.033419 -0.086187
vn 0.995697 -0.033419 0.086187
vn 0.995697 -0.033419 0.086187
vn 0.995697 -0.033419 0.086187
vn 0.995697 -0.033419 0.086187
vn 0.997467 0.016938 0.068638
vn 0.997467 0.016938 0.068638
vn 0.997467 0.016938 0.068638
vn 0.997467 0.016938 0.068638
vn -0.997467 -0.016938 -0.068638
vn -0.997467 -0.016938 -0.068638
vn -0.997467 -0.016938 -0.068638
vn -0.997467 -0.016938 -0.068638
vn 0.069249 -0.034151 -0.996948
vn 0.069249 -0.034151 -0.996948
vn 0.069249 -0.034151 -0.996948
vn 0.069249 -0.034151 -0.996948
vn -0.069249 0.034151 0.996948
vn -0.069249 0.034151 0.996948
vn -0.069249 0.034151 0.996948
vn -0.069249 0.034151 0.996948
vn -0.024873 -0.013978 -0.999573
vn -0.024873 -0.013978 -0.999573
vn -0.024873 -0.013978 -0.999573
vn -0.024873 -0.013978 -0.999573
vn 0.024873 0.013978 0.999573
vn 0.024873 0.013978 0.999573
vn 0.024873 0.013978 0.999573
vn 0.024873 0.013978 0.999573
vn -0.999664 -0.000092 0.024873
vn -0.999664 -0.000092 0.024873
vn -0.999664 -0.000092 0.024873
vn -0.999664 -0.000092 0.024873
vn 0.999664 0.000092 -0.024873
vn 0.999664 0.000092 -0.024873
vn 0.999664 0.000092 -0.024873
vn 0.999664 0.000092 -0.024873
vn 0.017793 0.000366 -0.999817
vn 0.017793 0.000366 -0.999817
vn 0.017793 0.000366 -0.999817
vn 0.017793 0.000366 -0.999817
vn -0.017793 -0.000366 0.999817
vn -0.017793 -0.000366 0.999817
vn -0.017793 -0.000366 0.999817
vn -0.017793 -0.000366 0.999817
vn -0.999725 0.013093 -0.017793
vn -0.999725 0.013093 -0.017793
vn -0.999725 0.013093 -0.017793
vn -0.999725 0.013093 -0.017793
vn 0.999725 -0.013093 0.017793
vn 0.999725 -0.013093 0.017793
vn 0.999725 -0.013093 0.017793
vn 0.999725 -0.013093 0.017793
vn 0.070530 0.007905 -0.997467
vn 0.070530 0.007905 -0.997467
vn 0.070530 0.007905 -0.997467
vn 0.070530 0.007905 -0.997467
vn -0.070530 -0.007905 0.997467
vn -0.070530 -0.007905 0.997467
vn -0.070530 -0.007905 0.997467
vn -0.070530 -0.007905 0.997467
vn -0.997406 -0.012421 -0.070591
vn -0.997406 -0.012421 -0.070591
vn -0.997406 -0.012421 -0.070591
vn -0.997406 -0.012421 -0.070591
vn 0.997406 0.012421 0.070591
vn 0.997406 0.012421 0.070591
vn 0.997406 0.012421 0.070591
vn 0.997406 0.012421 0.070591
vn -0.031343 0.013306 -0.999390
vn -0.031343 0.013306 -0.999390
vn -0.031343 0.013306 -0.999390
vn -0.031343 0.013306 -0.999390
vn 0.031343 -0.013306 0.999390
vn 0.031343 -0.013306 0.999390
vn 0.031343 -0.013306 0.999390
vn 0.031343 -0.013306 0.999390
vn -0.999176 0.025301 0.031710
vn -0.999176 0.025301 0.031710
vn -0.999176 0.025301 0.031710
vn -0.999176 0.025301 0.031710
vn 0.999176 -0.025301 -0.031710
vn 0.999176 -0.025301 -0.031710
vn 0.999176 -0.025301 -0.031710
vn 0.999176 -0.025301 -0.031710
vn 0.997436 0.011933 0.070286
vn 0.997436 0.011933 0.070286
vn 0.997436 0.011933 0.070286
vn 0.997436 0.011933 0.070286
vn -0.997436 -0.011933 -0.070286
vn -0.997436 -0.011933 -0.070286
vn -0.997436 -0.011933 -0.070286
vn -0.997436 -0.011933 -0.070286
vn 0.070225 0.006836 -0.997497
vn 0.070225 0.006836 -0.997497
vn 0.070225 0.006836 -0.997497
vn 0.070225 0.006836 -0.997497
vn -0.070225 -0.006836 0.997497
vn -0.070225 -0.006836 0.997497
vn -0.070225 -0.006836 0.997497
vn -0.070225 -0.006836 0.997497
vn 0.994812 -0.009308 0.100501
vn 0.994812 -0.009308 0.100501
vn 0.994812 -0.009308 0.100501
vn 0.994812 -0.009308 0.100501
vn -0.994812 0.009308 -0.100501
vn -0.994812 0.009308 -0.100501
vn -0.994812 0.009308 -0.100501
vn -0.994812 0.009308 -0.100501
vn 0.100775 0.034640 -0.994232
vn 0.100775 0.034640 -0.994232
vn 0.100775 0.034640 -0.994232
vn 0.100775 0.034640 -0.994232
vn -0.100775 -0.034640 0.994232
vn -0.100775 -0.034640 0.994232
vn -0.100775 -0.034640 0.994232
vn -0.100775 -0.034640 0.994232
vn 0.000000 0.000000 1.000000
vn 0.000000 0.000000 1.000000
vn 0.000000 0.000000 1.000000
vn 0.000000 0.000000 1.000000
vn 0.000000 0.000000 -1.000000
vn 0.000000 0.000000 -1.000000
vn 0.000000 0.000000 -1.000000
vn 0.000000 0.000000 -1.000000
vn 0.991180 -0.131813 0.000000
vn 0.991180 -0.131813 0.000000
vn 0.991180 -0.131813 0.000000
vn 0.991180 -0.131813 0.000000
vn -0.991180 0.131813 0.000000
vn -0.991180 0.131813 0.000000
vn -0.991180 0.131813 0.000000
vn -0.991180 0.131813 0.000000
vn 0.996307 0.007905 0.084447
vn 0.996307 0.007905 0.084447
vn 0.996307 0.007905 0.084447
vn 0.996307 0.007905 0.084447
vn -0.996307 -0.007905 -0.084447
vn -0.996307 -0.007905 -0.084447
vn -0.996307 -0.007905 -0.084447
vn -0.996307 -0.007905 -0.084447
vn 0.084600 -0.012421 -0.996246
vn 0.084600 -0.012421 -0.996246
vn 0.084600 -0.012421 -0.996246
vn 0.084600 -0.012421 -0.996246
vn -0.084600 0.012421 0.996246
vn -0.084600 0.012421 0.996246
vn -0.084600 0.012421 0.996246
vn -0.084600 0.012421 0.996246
vn -0.002716 0.009675 -0.999939
vn -0.002716 0.009675 -0.999939
vn -0.002716 0.009675 -0.999939
vn -0.002716 0.009675 -0.999939
vn 0.002716 -0.009675 0.999939
vn 0.002716 -0.009675 0.999939
vn 0.002716 -0.009675 0.999939
vn 0.002716 -0.009675 0.999939
vn -0.999969 0.000397 0.002747
vn -0.999969 0.000397 0.002747
vn -0.999969 0.000397 0.002747
vn -0.999969 0.000397 0.002747
vn 0.999969 -0.000397 -0.002747
vn 0.999969 -0.000397 -0.002747
vn 0.999969 -0.000397 -0.002747
vn 0.999969 -0.000397 -0.002747
vn -0.034731 -0.007019 -0.999359
vn -0.034731 -0.007019 -0.999359
vn -0.034731 -0.007019 -0.999359
vn -0.034731 -0.007019 -0.999359
vn 0.034731 0.007019 0.999359
vn 0.034731 0.007019 0.999359
vn 0.034731 0.007019 0.999359
vn 0.034731 0.007019 0.999359
vn -0.998779 -0.032320 0.034884
vn -0.998779 -0.032320 0.034884
vn -0.998779 -0.032320 0.034884
vn -0.998779 -0.032320 0.034884
vn 0.998779 0.032320 -0.034884
vn 0.998779 0.032320 -0.034884
vn 0.998779 0.032320 -0.034884
vn 0.998779 0.032320 -0.034884
vn -0.225020 0.974333 0.000000
vn -0.225020 0.974333 0.000000
vn -0.225020 0.974333 0.000000
vn -0.225020 0.974333 0.000000
vn 1.000000 0.000000 0.000000
vn 1.000000 0.000000 0.000000
vn 1.000000 0.000000 0.000000
vn 1.000000 0.000000 0.000000
vn 0.000000 -1.000000 0.000000
vn 0.000000 -1.000000 0.000000
vn 0.000000 -1.000000 0.000000
vn 0.000000 -1.000000 0.000000
vn 0.083959 -0.727645 0.680767
vn 0.083959 -0.727645 0.680767
vn 0.083959 -0.727645 0.680767
vn 0.083959 -0.727645 0.680767
vn 0.041110 -0.768357 -0.638589
vn 0.041110 -0.768357 -0.638589
vn 0.041110 -0.768357 -0.638589
vn 0.041110 -0.768357 -0.638589
vn 0.225020 0.974333 0.000000
vn 0.225020 0.974333 0.000000
vn 0.225020 0.974333 0.000000
vn 0.225020 0.974333 0.000000
vn -1.000000 0.000000 0.000000
vn -1.000000 0.000000 0.000000
vn -1.000000 0.000000 0.000000
vn -1.000000 0.000000 0.000000
vn 0.000000 -1.000000 0.000000
vn 0.000000 -1.000000 0.000000
vn 0.000000 -1.000000 0.000000
vn 0.000000 -1.000000 0.000000
vn -0.083959 -0.727645 0.680767
vn -0.083959 -0.727645 0.680767
vn -0.083959 -0.727645 0.680767
vn -0.083959 -0.727645 0.680767
vn -0.041110 -0.768357 -0.638589
vn -0.041110 -0.768357 -0.638589
vn -0.041110 -0.768357 -0.638589
vn -0.041110 -0.768357 -0.638589
vn -0.968840 -0.247391 0.000610
vn -0.968840 -0.247391 0.000610
vn -0.968840 -0.247391 0.000610
vn -0.968840 -0.247391 0.000610
vn -0.247391 0.968840 -0.002289
vn -0.247391 0.968840 -0.002289
vn -0.247391 0.968840 -0.002289
vn -0.247391 0.968840 -0.002289
vn 0.000000 0.002381 0.999969
vn 0.000000 0.002381 0.999969
vn 0.000000 0.002381 0.999969
vn 0.000000 0.002381 0.999969
vn 0.968840 0.247391 -0.000610
vn 0.968840 0.247391 -0.000610
vn 0.968840 0.247391 -0.000610
vn 0.968840 0.247391 -0.000610
vn 0.000000 -0.002381 -0.999969
vn 0.000000 -0.002381 -0.999969
vn 0.000000 -0.002381 -0.999969
vn 0.000000 -0.002381 -0.999969
vn 0.010468 -0.012940 -0.999847
vn 0.010468 -0.012940 -0.999847
vn 0.010468 -0.012940 -0.999847
vn 0.010468 -0.012940 -0.999847
vn -0.010468 0.012940 0.999847
vn -0.010468 0.012940 0.999847
vn -0.010468 0.012940 0.999847
vn -0.010468 0.012940 0.999847
vn -0.999542 -0.027742 -0.010102
vn -0.999542 -0.027742 -0.010102
vn -0.999542 -0.027742 -0.010102
vn -0.999542 -0.027742 -0.010102
vn 0.999542 0.027742 0.010102
vn 0.999542 0.027742 0.010102
vn 0.999542 0.027742 0.010102
vn 0.999542 0.027742 0.010102
vn -0.072972 -0.002075 -0.997314
vn -0.072972 -0.002075 -0.997314
vn -0.072972 -0.002075 -0.997314
vn -0.072972 -0.002075 -0.997314
vn 0.072972 0.002075 0.997314
vn 0.072972 0.002075 0.997314
vn 0.072972 0.002075 0.997314
vn 0.072972 0.002075 0.997314
vn -0.997284 -0.009553 0.072972
vn -0.997284 -0.009553 0.072972
vn -0.997284 -0.009553 0.072972
vn -0.997284 -0.009553 0.072972
vn 0.997284 0.009553 -0.072972
vn 0.997284 0.009553 -0.072972
vn 0.997284 0.009553 -0.072972
vn 0.997284 0.009553 -0.072972
vn -0.086339 0.594671 0.799182
vn -0.086339 0.594671 0.799182
vn -0.086339 0.594671 0.799182
vn -0.086339 0.594671 0.799182
vn 0.086339 -0.594671 -0.799182
vn 0.086339 -0.594671 -0.799182
vn 0.086339 -0.594671 -0.799182
vn 0.086339 -0.594671 -0.799182
vn 0.989807 -0.039767 0.136574
vn 0.989807 -0.039767 0.136574
vn 0.989807 -0.039767 0.136574
vn 0.989807 -0.039767 0.136574
vn -0.989807 0.039767 -0.136574
vn -0.989807 0.039767 -0.136574
vn -0.989807 0.039767 -0.136574
vn -0.989807 0.039767 -0.136574
vn 0.011170 -0.268418 -0.963163
vn 0.011170 -0.268418 -0.963163
vn 0.011170 -0.268418 -0.963163
vn 0.011170 -0.268418 -0.963163
vn 0.013978 0.963163 -0.268235
vn 0.013978 0.963163 -0.268235
vn 0.013978 0.963163 -0.268235
vn 0.013978 0.963163 -0.268235
vn -0.013978 -0.963163 0.268235
vn -0.013978 -0.963163 0.268235
vn -0.013978 -0.963163 0.268235
vn -0.013978 -0.963163 0.268235
vn -0.999817 0.010438 -0.014527
vn -0.999817 0.010438 -0.014527
vn -0.999817 0.010438 -0.014527
vn -0.999817 0.010438 -0.014527
vn 0.999817 -0.010438 0.014527
vn 0.999817 -0.010438 0.014527
vn 0.999817 -0.010438 0.014527
vn 0.999817 -0.010438 0.014527
vn 0.999817 0.000000 0.018830
vn 0.999817 0.000000 0.018830
vn 0.999817 0.000000 0.018830
vn 0.999817 0.000000 0.018830
vn -0.999817 0.000000 -0.018830
vn -0.999817 0.000000 -0.018830
vn -0.999817 0.000000 -0.018830
vn -0.999817 0.000000 -0.018830
vn 0.018830 0.008362 -0.999756
vn 0.018830 0.008362 -0.999756
vn 0.018830 0.008362 -0.999756
vn 0.018830 0.008362 -0.999756
vn -0.018830 -0.008362 0.999756
vn -0.018830 -0.008362 0.999756
vn -0.018830 -0.008362 0.999756
vn -0.018830 -0.008362 0.999756
vn 0.997406 0.013123 0.070500
vn 0.997406 0.013123 0.070500
vn 0.997406 0.013123 0.070500
vn 0.997406 0.013123 0.070500
vn -0.997406 -0.013123 -0.070500
vn -0.997406 -0.013123 -0.070500
vn -0.997406 -0.013123 -0.070500
vn -0.997406 -0.013123 -0.070500
vn 0.070347 0.006440 -0.997467
vn 0.070347 0.006440 -0.997467
vn 0.070347 0.006440 -0.997467
vn 0.070347 0.006440 -0.997467
vn -0.070347 -0.006440 0.997467
vn -0.070347 -0.006440 0.997467
vn -0.070347 -0.006440 0.997467
vn -0.070347 -0.006440 0.997467
vn 0.000000 0.000000 1.000000
vn 0.000000 0.000000 1.000000
vn 0.000000 0.000000 1.000000
vn 0.000000 0.000000 1.000000
vn 0.000000 1.000000 0.000000
vn 0.000000 1.000000 0.000000
vn 0.000000 1.000000 0.000000
vn 0.000000 1.000000 0.000000
vn 0.000000 0.000000 -1.000000
vn 0.000000 0.000000 -1.000000
vn 0.000000 0.000000 -1.000000
vn 0.000000 0.000000 -1.000000
vn 0.000000 -1.000000 0.000000
vn 0.000000 -1.000000 0.000000
vn 0.000000 -1.000000 0.000000
vn 0.000000 -1.000000 0.000000
vn 0.995575 0.015779 0.092321
vn 0.995575 0.015779 0.092321
vn 0.995575 0.015779 0.092321
vn 0.995575 0.015779 0.092321
vn -0.995575 -0.015779 -0.092321
vn -0.995575 -0.015779 -0.092321
vn -0.995575 -0.015779 -0.092321
vn -0.995575 -0.015779 -0.092321
vn 0.092504 -0.013001 -0.995605
vn 0.092504 -0.013001 -0.995605
vn 0.092504 -0.013001 -0.995605
vn 0.092504 -0.013001 -0.995605
vn -0.092504 0.013001 0.995605
vn -0.092504 0.013001 0.995605
vn -0.092504 0.013001 0.995605
vn -0.092504 0.013001 0.995605
vn 0.000000 0.000000 1.000000
vn 0.000000 0.000000 1.000000
vn 0.000000 0.000000 1.000000
vn 0.000000 0.000000 1.000000
vn 0.000000 1.000000 0.000000
vn 0.000000 1.000000 0.000000
vn 0.000000 1.000000 0.000000
vn 0.000000 1.000000 0.000000
vn 0.000000 0.000000 -1.000000
vn 0.000000 0.000000 -1.000000
vn 0.000000 0.000000 -1.000000
vn 0.000000 0.000000 -1.000000
vn 0.000000 -1.000000 0.000000
vn 0.000000 -1.000000 0.000000
vn 0.000000 -1.000000 0.000000
vn 0.000000 -1.000000 0.000000
vn -0.019258 -0.272630 0.961820
vn -0.019258 -0.272630 0.961820
vn -0.019258 -0.272630 0.961820
vn -0.019258 -0.272630 0.961820
vn 0.008637 0.961973 0.272844
vn 0.008637 0.961973 0.272844
vn 0.008637 0.961973 0.272844
vn 0.008637 0.961973 0.272844
vn -0.008637 -0.961973 -0.272844
vn -0.008637 -0.961973 -0.272844
vn -0.008637 -0.961973 -0.272844
vn -0.008637 -0.961973 -0.272844
vn 0.999756 -0.013581 0.016145
vn 0.999756 -0.013581 0.016145
vn 0.999756 -0.013581 0.016145
vn 0.999756 -0.013581 0.016145
vn -0.999756 0.013581 -0.016145
vn -0.999756 0.013581 -0.016145
vn -0.999756 0.013581 -0.016145
vn -0.999756 0.013581 -0.016145
vn 0.000000 1.000000 0.000000
vn 0.000000 1.000000 0.000000
vn 0.000000 1.000000 0.000000
vn 0.000000 1.000000 0.000000
vn 0.000000 0.000000 -1.000000
vn 0.000000 0.000000 -1.000000
vn 0.000000 0.000000 -1.000000
vn 0.000000 0.000000 -1.000000
vn 0.000000 -1.000000 0.000000
vn 0.000000 -1.000000 0.000000
vn 0.000000 -1.000000 0.000000
vn 0.000000 -1.000000 0.000000
vn 0.284807 0.958555 0.000000
vn 0.284807 0.958555 0.000000
vn 0.284807 0.958555 0.000000
vn 0.284807 0.958555 0.000000
vn -0.292041 0.956357 0.000000
vn -0.292041 0.956357 0.000000
vn -0.292041 0.956357 0.000000
vn -0.292041 0.956357 0.000000
vn 0.064091 0.013520 -0.997833
vn 0.064091 0.013520 -0.997833
vn 0.064091 0.013520 -0.997833
vn 0.064091 0.013520 -0.997833
vn -0.064091 -0.013520 0.997833
vn -0.064091 -0.013520 0.997833
vn -0.064091 -0.013520 0.997833
vn -0.064091 -0.013520 0.997833
vn -0.997558 -0.026643 -0.064427
vn -0.997558 -0.026643 -0.064427
vn -0.997558 -0.026643 -0.064427
vn -0.997558 -0.026643 -0.064427
vn 0.997558 0.026643 0.064427
vn 0.997558 0.026643 0.064427
vn 0.997558 0.026643 0.064427
vn 0.997558 0.026643 0.064427
vn 0.078343 0.015779 -0.996704
vn 0.078343 0.015779 -0.996704
vn 0.078343 0.015779 -0.996704
vn 0.078343 0.015779 -0.996704
vn -0.078343 -0.015779 0.996704
vn -0.078343 -0.015779 0.996704
vn -0.078343 -0.015779 0.996704
vn -0.078343 -0.015779 0.996704
vn -0.996734 -0.013001 -0.078588
vn -0.996734 -0.013001 -0.078588
vn -0.996734 -0.013001 -0.078588
vn -0.996734 -0.013001 -0.078588
vn 0.996734 0.013001 0.078588
vn 0.996734 0.013001 0.078588
vn 0.996734 0.013001 0.078588
vn 0.996734 0.013001 0.078588
vn 0.019258 -0.272630 -0.961820
vn 0.019258 -0.272630 -0.961820
vn 0.019258 -0.272630 -0.961820
vn 0.019258 -0.272630 -0.961820
vn -0.008637 0.961973 -0.272844
vn -0.008637 0.961973 -0.272844
vn -0.008637 0.961973 -0.272844
vn -0.008637 0.961973 -0.272844
vn 0.008637 -0.961973 0.272844
vn 0.008637 -0.961973 0.272844
vn 0.008637 -0.961973 0.272844
vn 0.008637 -0.961973 0.272844
vn -0.999756 -0.013581 -0.016145
vn -0.999756 -0.013581 -0.016145
vn -0.999756 -0.013581 -0.016145
vn -0.999756 -0.013581 -0.016145
vn 0.999756 0.013581 0.016145
vn 0.999756 0.013581 0.016145
vn 0.999756 0.013581 0.016145
vn 0.999756 0.013581 0.016145
vn 0.998840 -0.001495 -0.046817
vn 0.998840 -0.001495 -0.046817
vn 0.998840 -0.001495 -0.046817
vn 0.998840 -0.001495 -0.046817
vn -0.998840 0.001495 0.046817
vn -0.998840 0.001495 0.046817
vn -0.998840 0.001495 0.046817
vn -0.998840 0.001495 0.046817
vn -0.046725 0.021089 -0.998596
vn -0.046725 0.021089 -0.998596
vn -0.046725 0.021089 -0.998596
vn -0.046725 0.021089 -0.998596
vn 0.046725 -0.021089 0.998596
vn 0.046725 -0.021089 0.998596
vn 0.046725 -0.021089 0.998596
vn 0.046725 -0.021089 0.998596
vn -0.136666 0.001923 -0.990539
vn -0.136666 0.001923 -0.990539
vn -0.136666 0.001923 -0.990539
vn -0.136666 0.001923 -0.990539
vn 0.136666 -0.001923 0.990539
vn 0.136666 -0.001923 0.990539
vn 0.136666 -0.001923 0.990539
vn 0.136666 -0.001923 0.990539
vn -0.983733 -0.117652 0.135598
vn -0.983733 -0.117652 0.135598
vn -0.983733 -0.117652 0.135598
vn -0.983733 -0.117652 0.135598
vn 0.983733 0.117469 -0.135628
vn 0.983733 0.117469 -0.135628
vn 0.983733 0.117469 -0.135628
vn 0.983733 0.117469 -0.135628
vn -0.032686 -0.014588 -0.999329
vn -0.032686 -0.014588 -0.999329
vn -0.032686 -0.014588 -0.999329
vn -0.032686 -0.014588 -0.999329
vn 0.032686 0.014588 0.999329
vn 0.032686 0.014588 0.999329
vn 0.032686 0.014588 0.999329
vn 0.032686 0.014588 0.999329
vn -0.999268 -0.018953 0.032930
vn -0.999268 -0.018953 0.032930
vn -0.999268 -0.018953 0.032930
vn -0.999268 -0.018953 0.032930
vn 0.999268 0.018953 -0.032930
vn 0.999268 0.018953 -0.032930
vn 0.999268 0.018953 -0.032930
vn 0.999268 0.018953 -0.032930
vn 0.073399 -0.248123 0.965910
vn 0.073399 -0.248123 0.965910
vn 0.073399 -0.248123 0.965910
vn 0.073399 -0.248123 0.965910
vn -0.073399 0.248123 -0.965910
vn -0.073399 0.248123 -0.965910
vn -0.073399 0.248123 -0.965910
vn -0.073399 0.248123 -0.965910
vn 0.997162 0.034151 -0.066899
vn 0.997162 0.034151 -0.066899
vn 0.997162 0.034151 -0.066899
vn 0.997162 0.034151 -0.066899
vn -0.997162 -0.034151 0.066899
vn -0.997162 -0.034151 0.066899
vn -0.997162 -0.034151 0.066899
vn -0.997162 -0.034151 0.066899
vn 0.000000 0.000000 1.000000
vn 0.000000 0.000000 1.000000
vn 0.000000 0.000000 1.000000
vn 0.000000 0.000000 1.000000
vn 0.000000 0.000000 1.000000
vn 0.000000 0.000000 1.000000
vn 0.000000 0.000000 1.000000
vn 0.000000 0.000000 1.000000
vn 0.000000 0.000000 1.000000
vn 0.000000 0.000000 1.000000
vn 0.000000 0.000000 1.000000
vn 0.000000 0.000000 1.000000
vn 0.000000 0.000000 1.000000
vn 0.000000 0.000000 1.000000
vn 0.000000 0.000000 1.000000
vn 0.000000 0.000000 1.000000
vn 0.000000 0.000000 1.000000
vn 0.000000 0.000000 1.000000
vn 0.000000 0.000000 1.000000
vn 0.000000 0.000000 1.000000
vn 0.000000 0.000000 1.000000
vn 0.000000 0.000000 1.000000
vn 0.000000 0.000000 1.000000
vn 0.000000 0.000000 1.000000
vn 0.000000 0.000000 1.000000
vn 0.000000 0.000000 1.000000
vn 0.000000 0.000000 1.000000
vn 0.000000 0.000000 1.000000
# 3156 uv coords
vt 0.088938 0.808647
vt 0.183047 0.810778
vt 0.132655 0.796307
vt 0.132655 0.798964
vt 0.131070 0.798964
vt 0.131070 0.796307
vt 0.132655 0.801622
vt 0.131070 0.801622
vt 0.132655 0.804280
vt 0.131070 0.804280
vt 0.132655 0.777704
vt 0.131070 0.777704
vt 0.132655 0.780362
vt 0.131070 0.780362
vt 0.132655 0.783020
vt 0.131070 0.783020
vt 0.132655 0.785677
vt 0.131070 0.785677
vt 0.132655 0.788335
vt 0.131070 0.788335
vt 0.132655 0.790992
vt 0.131070 0.790992
vt 0.132655 0.793649
vt 0.131070 0.793649
vt 0.798330 0.047189
vt 0.797749 0.049148
vt 0.796169 0.050578
vt 0.794116 0.051177
vt 0.792062 0.050578
vt 0.790482 0.049148
vt 0.789900 0.047189
vt 0.790482 0.045230
vt 0.792061 0.043799
vt 0.794115 0.043201
vt 0.796169 0.043799
vt 0.797749 0.045230
vt 0.794116 0.049176
vt 0.794116 0.047189
vt 0.794116 0.045202
vt 0.995902 0.659566
vt 0.995902 0.762193
vt 0.643436 0.762193
vt 0.643436 0.659566
vt 0.995902 0.868155
vt 0.995902 0.941984
vt 0.643436 0.941984
vt 0.643436 0.868155
vt 0.995902 0.815174
vt 0.643436 0.815174
vt 0.253834 0.828831
vt 0.252430 0.833851
vt 0.248611 0.837504
vt 0.243520 0.838934
vt 0.238427 0.837505
vt 0.234609 0.833852
vt 0.233204 0.828832
vt 0.234609 0.823811
vt 0.238427 0.820158
vt 0.243519 0.818728
vt 0.248609 0.820158
vt 0.252429 0.823810
vt 0.243519 0.833876
vt 0.243519 0.828832
vt 0.243519 0.823788
vt 0.688160 0.993580
vt 0.683391 0.993580
vt 0.143929 0.476566
vt 0.640466 0.447560
vt 0.640518 0.439221
vt 0.648803 0.447602
vt 0.114211 0.767435
vt 0.114211 0.759533
vt 0.856426 0.458458
vt 0.950526 0.460588
vt 0.648838 0.439262
vt 0.639292 0.411153
vt 0.650321 0.411202
vt 0.661308 0.437810
vt 0.650271 0.437798
vt 0.661341 0.417651
vt 0.628219 0.417507
vt 0.639101 0.437746
vt 0.628071 0.437663
vt 0.672370 0.417668
vt 0.672338 0.437825
vt 0.638993 0.449015
vt 0.650261 0.449069
vt 0.231569 0.828832
vt 0.233217 0.822957
vt 0.253821 0.822956
vt 0.255468 0.828831
vt 0.233217 0.834707
vt 0.237618 0.818727
vt 0.243519 0.817108
vt 0.253822 0.834706
vt 0.249419 0.818727
vt 0.243520 0.840554
vt 0.237619 0.838936
vt 0.249420 0.838935
vt 0.751479 0.575606
vt 0.746264 0.574209
vt 0.746264 0.570416
vt 0.753376 0.572322
vt 0.741049 0.575606
vt 0.739153 0.572322
vt 0.755296 0.579425
vt 0.758581 0.577528
vt 0.737231 0.579423
vt 0.733946 0.577527
vt 0.756694 0.584640
vt 0.760486 0.584640
vt 0.735834 0.584638
vt 0.732041 0.584638
vt 0.755298 0.589855
vt 0.758582 0.591751
vt 0.737231 0.589853
vt 0.733946 0.591750
vt 0.751479 0.593671
vt 0.753375 0.596956
vt 0.741048 0.593670
vt 0.739152 0.596955
vt 0.746264 0.595068
vt 0.746264 0.598860
vt 0.534491 0.501006
vt 0.538310 0.504823
vt 0.536413 0.508107
vt 0.531207 0.502903
vt 0.543525 0.506220
vt 0.543525 0.510013
vt 0.533093 0.495792
vt 0.529301 0.495792
vt 0.548740 0.504825
vt 0.550636 0.508110
vt 0.534491 0.490576
vt 0.531207 0.488680
vt 0.552558 0.501008
vt 0.555842 0.502904
vt 0.538309 0.486758
vt 0.536412 0.483473
vt 0.553954 0.495792
vt 0.557747 0.495792
vt 0.543525 0.485362
vt 0.543525 0.481569
vt 0.552558 0.490577
vt 0.555842 0.488681
vt 0.548740 0.486759
vt 0.550636 0.483475
vt 0.789110 0.050021
vt 0.788280 0.047189
vt 0.799951 0.047189
vt 0.799121 0.050021
vt 0.794116 0.052789
vt 0.791265 0.052025
vt 0.789109 0.044357
vt 0.796966 0.052025
vt 0.799121 0.044356
vt 0.791264 0.042352
vt 0.794115 0.041588
vt 0.796966 0.042352
vt 0.040642 0.279301
vt 0.048004 0.279302
vt 0.048004 0.280886
vt 0.040642 0.280886
vt 0.055365 0.279302
vt 0.055366 0.280886
vt 0.062725 0.279302
vt 0.062726 0.280886
vt 0.070085 0.279302
vt 0.070087 0.280886
vt 0.077446 0.279302
vt 0.077447 0.280886
vt 0.084807 0.279302
vt 0.084808 0.280886
vt 0.092168 0.279302
vt 0.092170 0.280886
vt 0.099528 0.279302
vt 0.099529 0.280886
vt 0.106887 0.279302
vt 0.106888 0.280886
vt 0.114248 0.279302
vt 0.114249 0.280886
vt 0.121608 0.279302
vt 0.121609 0.280886
vt 0.128972 0.279302
vt 0.128972 0.280886
vt 0.129490 0.777704
vt 0.129490 0.775047
vt 0.131070 0.775047
vt 0.132655 0.775047
vt 0.129490 0.780362
vt 0.134235 0.775047
vt 0.134235 0.777704
vt 0.129490 0.783020
vt 0.134235 0.780362
vt 0.129490 0.785677
vt 0.134235 0.783020
vt 0.129490 0.788335
vt 0.134235 0.785677
vt 0.129490 0.790992
vt 0.134235 0.788335
vt 0.129490 0.793649
vt 0.134235 0.790992
vt 0.129490 0.796307
vt 0.134235 0.793649
vt 0.129490 0.798964
vt 0.134235 0.796307
vt 0.129490 0.801622
vt 0.134235 0.798964
vt 0.129490 0.804280
vt 0.134235 0.801622
vt 0.129490 0.806937
vt 0.131070 0.806937
vt 0.134235 0.804280
vt 0.132655 0.806937
vt 0.134235 0.806937
vt 0.674913 0.000945
vt 0.677161 0.000945
vt 0.677161 0.049601
vt 0.674913 0.049601
vt 0.679409 0.000945
vt 0.679409 0.049601
vt 0.672664 0.000945
vt 0.672664 0.049601
vt 0.681658 0.000945
vt 0.681658 0.049601
vt 0.670400 0.000945
vt 0.670400 0.049601
vt 0.683907 0.000945
vt 0.683907 0.049601
vt 0.668139 0.000945
vt 0.668139 0.049601
vt 0.686156 0.000945
vt 0.686156 0.049601
vt 0.665879 0.000945
vt 0.665879 0.049601
vt 0.688405 0.000945
vt 0.688405 0.049601
vt 0.690652 0.000945
vt 0.690652 0.049601
vt 0.692916 0.000945
vt 0.692916 0.049601
vt 0.544584 0.119305
vt 0.549970 0.121883
vt 0.549888 0.137104
vt 0.544491 0.137046
vt 0.555353 0.124857
vt 0.555286 0.137105
vt 0.539190 0.117657
vt 0.539096 0.137014
vt 0.533792 0.117203
vt 0.533703 0.136987
vt 0.528386 0.118188
vt 0.528310 0.136963
vt 0.522974 0.120319
vt 0.522919 0.136949
vt 0.517563 0.123100
vt 0.517528 0.136972
vt 0.512155 0.125702
vt 0.512136 0.136923
vt 0.506749 0.127620
vt 0.506742 0.136911
vt 0.501347 0.127691
vt 0.501347 0.136910
vt 0.495948 0.127271
vt 0.495950 0.136911
vt 0.490548 0.124670
vt 0.490552 0.136918
vt 0.629612 0.054820
vt 0.995146 0.054820
vt 0.995146 0.058251
vt 0.629612 0.058251
vt 0.998576 0.058251
vt 0.998576 0.062538
vt 0.995146 0.062538
vt 0.629612 0.065968
vt 0.629612 0.062538
vt 0.995146 0.065968
vt 0.626182 0.062538
vt 0.626182 0.058251
vt 0.995146 0.070255
vt 0.629612 0.070255
vt 0.634215 0.565218
vt 0.647626 0.565218
vt 0.647626 0.621221
vt 0.634215 0.621221
vt 0.655374 0.621221
vt 0.655374 0.565218
vt 0.668785 0.565218
vt 0.668785 0.621221
vt 0.676534 0.565218
vt 0.676534 0.621221
vt 0.239210 0.210775
vt 0.252621 0.210775
vt 0.252621 0.266778
vt 0.239210 0.266778
vt 0.231461 0.210775
vt 0.231461 0.266778
vt 0.218050 0.210775
vt 0.218050 0.266778
vt 0.210302 0.266778
vt 0.210302 0.210775
vt 0.475032 0.117203
vt 0.488443 0.117203
vt 0.488443 0.173206
vt 0.475032 0.173206
vt 0.467284 0.117203
vt 0.467284 0.173206
vt 0.453873 0.117203
vt 0.453873 0.173206
vt 0.446124 0.173206
vt 0.446124 0.117203
vt 0.419740 0.806238
vt 0.433151 0.806238
vt 0.433151 0.862241
vt 0.419740 0.862241
vt 0.411991 0.806238
vt 0.411991 0.862241
vt 0.398581 0.806238
vt 0.398581 0.862241
vt 0.390832 0.862241
vt 0.390832 0.806238
vt 0.119172 0.333648
vt 0.132583 0.333648
vt 0.132583 0.389652
vt 0.119172 0.389652
vt 0.111424 0.333648
vt 0.111424 0.389652
vt 0.098013 0.333648
vt 0.098013 0.389652
vt 0.090265 0.389652
vt 0.090265 0.333648
vt 0.107278 0.606805
vt 0.120688 0.606805
vt 0.120688 0.662808
vt 0.107278 0.662808
vt 0.128437 0.662808
vt 0.128437 0.606805
vt 0.141848 0.606805
vt 0.141848 0.662808
vt 0.149596 0.606805
vt 0.149596 0.662808
vt 0.208198 0.675803
vt 0.208198 0.731806
vt 0.194787 0.731806
vt 0.194787 0.675803
vt 0.187039 0.675803
vt 0.187039 0.731806
vt 0.173628 0.731806
vt 0.173628 0.675803
vt 0.165879 0.731806
vt 0.165879 0.675803
vt 0.267557 0.757089
vt 0.275306 0.757089
vt 0.275306 0.813092
vt 0.267557 0.813092
vt 0.254146 0.813092
vt 0.254146 0.757089
vt 0.246398 0.813092
vt 0.246398 0.757089
vt 0.232987 0.813092
vt 0.232987 0.757089
vt 0.196668 0.311202
vt 0.183257 0.311202
vt 0.183257 0.255199
vt 0.196668 0.255199
vt 0.204416 0.255199
vt 0.204416 0.311202
vt 0.175509 0.311202
vt 0.175509 0.255199
vt 0.162098 0.311202
vt 0.162098 0.255199
vt 0.720957 0.565218
vt 0.720957 0.621221
vt 0.707546 0.621221
vt 0.707546 0.565218
vt 0.699798 0.565218
vt 0.699798 0.621221
vt 0.686387 0.621221
vt 0.686387 0.565218
vt 0.678639 0.621221
vt 0.678639 0.565218
vt 0.043264 0.413044
vt 0.043264 0.469047
vt 0.029853 0.469047
vt 0.029853 0.413044
vt 0.022104 0.413044
vt 0.022104 0.469047
vt 0.008694 0.469047
vt 0.008694 0.413044
vt 0.000945 0.469047
vt 0.000945 0.413044
vt 0.599029 0.182420
vt 0.599029 0.238423
vt 0.585618 0.238423
vt 0.585618 0.182420
vt 0.577870 0.182420
vt 0.577870 0.238423
vt 0.564459 0.238423
vt 0.564459 0.182420
vt 0.556711 0.238423
vt 0.556711 0.182420
vt 0.043264 0.530246
vt 0.043264 0.586249
vt 0.029853 0.586249
vt 0.029853 0.530246
vt 0.022104 0.586249
vt 0.022104 0.530246
vt 0.008694 0.586249
vt 0.008694 0.530246
vt 0.000945 0.586249
vt 0.000945 0.530246
vt 0.074277 0.531663
vt 0.087687 0.531663
vt 0.087687 0.587666
vt 0.074277 0.587666
vt 0.066528 0.587666
vt 0.066528 0.531663
vt 0.053117 0.531663
vt 0.053117 0.587666
vt 0.045369 0.531663
vt 0.045369 0.587666
vt 0.319077 0.152647
vt 0.332488 0.152647
vt 0.332488 0.208650
vt 0.319077 0.208650
vt 0.311329 0.152647
vt 0.311329 0.208650
vt 0.297918 0.152647
vt 0.297918 0.208650
vt 0.290170 0.208650
vt 0.290170 0.152647
vt 0.727975 0.503073
vt 0.720227 0.503073
vt 0.720227 0.447070
vt 0.727975 0.447070
vt 0.741386 0.503073
vt 0.741386 0.447070
vt 0.749133 0.447070
vt 0.749133 0.503073
vt 0.762545 0.447070
vt 0.762545 0.503073
vt 0.587616 0.308838
vt 0.579867 0.308838
vt 0.579867 0.252835
vt 0.587616 0.252835
vt 0.601027 0.308838
vt 0.601027 0.252835
vt 0.608775 0.252835
vt 0.608775 0.308838
vt 0.622186 0.252835
vt 0.622186 0.308838
vt 0.726084 0.412336
vt 0.718336 0.412336
vt 0.718336 0.356333
vt 0.726084 0.356333
vt 0.739495 0.356333
vt 0.739495 0.412336
vt 0.747244 0.356333
vt 0.747244 0.412336
vt 0.760654 0.356333
vt 0.760654 0.412336
vt 0.308021 0.857516
vt 0.294611 0.857516
vt 0.294611 0.801513
vt 0.308021 0.801513
vt 0.315770 0.801513
vt 0.315770 0.857516
vt 0.286862 0.857516
vt 0.286862 0.801513
vt 0.329181 0.801513
vt 0.329181 0.857516
vt 0.373060 0.054820
vt 0.386471 0.054820
vt 0.386471 0.110824
vt 0.373060 0.110824
vt 0.394220 0.054820
vt 0.394220 0.110824
vt 0.365312 0.110824
vt 0.365312 0.054820
vt 0.407631 0.054820
vt 0.407631 0.110824
vt 0.785810 0.503073
vt 0.772399 0.503073
vt 0.772399 0.447070
vt 0.785810 0.447070
vt 0.793557 0.447070
vt 0.793557 0.503073
vt 0.764650 0.503073
vt 0.764650 0.447070
vt 0.806969 0.447070
vt 0.806969 0.503073
vt 0.531269 0.138941
vt 0.544681 0.138941
vt 0.544681 0.194944
vt 0.531269 0.194944
vt 0.523522 0.138941
vt 0.523522 0.194944
vt 0.510111 0.138941
vt 0.510111 0.194944
vt 0.502363 0.194944
vt 0.502363 0.138941
vt 0.444235 0.629489
vt 0.638665 0.629489
vt 0.638665 0.944438
vt 0.444235 0.944438
vt 0.263705 0.815217
vt 0.268986 0.815217
vt 0.268986 0.902714
vt 0.263705 0.902714
vt 0.274332 0.902714
vt 0.274332 0.815217
vt 0.279604 0.815217
vt 0.279604 0.902714
vt 0.284909 0.815217
vt 0.284909 0.902714
vt 0.378325 0.453686
vt 0.383197 0.453686
vt 0.383197 0.481583
vt 0.378325 0.481583
vt 0.388070 0.453686
vt 0.388070 0.481583
vt 0.373945 0.453686
vt 0.373945 0.481583
vt 0.369565 0.481583
vt 0.369565 0.453686
vt 0.109641 0.448960
vt 0.114114 0.448960
vt 0.114114 0.484804
vt 0.109641 0.484804
vt 0.118587 0.484804
vt 0.118587 0.448960
vt 0.122730 0.448960
vt 0.122730 0.484804
vt 0.126872 0.448960
vt 0.126872 0.484804
vt 0.382325 0.483932
vt 0.386650 0.483932
vt 0.386650 0.516356
vt 0.382325 0.516356
vt 0.390976 0.516356
vt 0.390976 0.483932
vt 0.395378 0.483932
vt 0.395378 0.516356
vt 0.399780 0.483932
vt 0.399780 0.516356
vt 0.380562 0.283554
vt 0.385686 0.283554
vt 0.385686 0.321789
vt 0.380562 0.321789
vt 0.376024 0.283554
vt 0.376024 0.321789
vt 0.371418 0.283554
vt 0.371418 0.321789
vt 0.367202 0.321789
vt 0.367202 0.283554
vt 0.119092 0.667297
vt 0.124365 0.667297
vt 0.124365 0.753879
vt 0.119092 0.753879
vt 0.129669 0.753879
vt 0.129669 0.667297
vt 0.134941 0.667297
vt 0.134941 0.753879
vt 0.140246 0.667297
vt 0.140246 0.753879
vt 0.972810 0.500945
vt 0.978082 0.500945
vt 0.978082 0.587859
vt 0.972810 0.587859
vt 0.967538 0.500945
vt 0.967538 0.587859
vt 0.962267 0.500945
vt 0.962267 0.587859
vt 0.956994 0.587859
vt 0.956994 0.500945
vt 0.351607 0.498582
vt 0.356217 0.498582
vt 0.356217 0.531856
vt 0.351607 0.531856
vt 0.360827 0.531856
vt 0.360827 0.498582
vt 0.365317 0.498582
vt 0.365317 0.531856
vt 0.369808 0.498582
vt 0.369808 0.531856
vt 0.755543 0.414462
vt 0.760517 0.414462
vt 0.760517 0.444988
vt 0.755543 0.444988
vt 0.750592 0.414462
vt 0.750592 0.444988
vt 0.746036 0.414462
vt 0.746036 0.444988
vt 0.741494 0.444988
vt 0.741494 0.414462
vt 0.580813 0.071834
vt 0.586085 0.071834
vt 0.586085 0.159224
vt 0.580813 0.159224
vt 0.591383 0.159224
vt 0.591383 0.071834
vt 0.596654 0.071834
vt 0.596654 0.159224
vt 0.601959 0.071834
vt 0.601959 0.159224
vt 0.373165 0.534027
vt 0.377569 0.534027
vt 0.377569 0.571851
vt 0.373165 0.571851
vt 0.368764 0.534027
vt 0.368764 0.571851
vt 0.364439 0.571851
vt 0.364439 0.534027
vt 0.360114 0.534027
vt 0.360114 0.571851
vt 0.357593 0.453686
vt 0.362132 0.453686
vt 0.362132 0.485649
vt 0.357593 0.485649
vt 0.367255 0.453686
vt 0.367255 0.485649
vt 0.352987 0.453686
vt 0.352987 0.485649
vt 0.348771 0.485649
vt 0.348771 0.453686
vt 0.557656 0.071834
vt 0.562928 0.071834
vt 0.562928 0.158260
vt 0.557656 0.158260
vt 0.568233 0.158260
vt 0.568233 0.071834
vt 0.573504 0.071834
vt 0.573504 0.158260
vt 0.578809 0.071834
vt 0.578809 0.158260
vt 0.376463 0.825142
vt 0.381587 0.825142
vt 0.381587 0.863715
vt 0.376463 0.863715
vt 0.371925 0.825142
vt 0.371925 0.863715
vt 0.367290 0.825142
vt 0.367290 0.863715
vt 0.363422 0.863715
vt 0.363422 0.825142
vt 0.509925 0.424858
vt 0.514250 0.424858
vt 0.514250 0.457348
vt 0.509925 0.457348
vt 0.518575 0.457348
vt 0.518575 0.424858
vt 0.522976 0.424858
vt 0.522976 0.457348
vt 0.527379 0.424858
vt 0.527379 0.457348
vt 0.040642 0.283081
vt 0.045915 0.283081
vt 0.045915 0.369663
vt 0.040642 0.369663
vt 0.051219 0.369663
vt 0.051219 0.283081
vt 0.056491 0.283081
vt 0.056491 0.369663
vt 0.061796 0.283081
vt 0.061796 0.369663
vt 0.938036 0.563769
vt 0.936201 0.563769
vt 0.936201 0.504198
vt 0.938036 0.504198
vt 0.938036 0.502363
vt 0.941200 0.502363
vt 0.941200 0.504198
vt 0.943036 0.563769
vt 0.941200 0.563769
vt 0.943036 0.504198
vt 0.941200 0.565604
vt 0.938036 0.565604
vt 0.157646 0.322220
vt 0.154482 0.322220
vt 0.154482 0.320385
vt 0.157646 0.320385
vt 0.152647 0.320385
vt 0.152647 0.260814
vt 0.154482 0.260814
vt 0.154482 0.258979
vt 0.157646 0.258979
vt 0.157646 0.260814
vt 0.159482 0.320385
vt 0.159482 0.260814
vt 0.063799 0.283081
vt 0.066224 0.283081
vt 0.066224 0.365829
vt 0.063799 0.365829
vt 0.068649 0.283081
vt 0.068649 0.365829
vt 0.071073 0.283081
vt 0.071073 0.365829
vt 0.073498 0.365829
vt 0.073498 0.283081
vt 0.950029 0.504726
vt 0.952453 0.504726
vt 0.952453 0.587474
vt 0.950029 0.587474
vt 0.954879 0.504726
vt 0.954879 0.587474
vt 0.947605 0.504726
vt 0.947605 0.587474
vt 0.945180 0.587474
vt 0.945180 0.504726
vt 0.163921 0.753697
vt 0.155559 0.753697
vt 0.155559 0.682531
vt 0.163921 0.682531
vt 0.153086 0.753697
vt 0.153086 0.682531
vt 0.144724 0.753697
vt 0.144724 0.680057
vt 0.153086 0.680057
vt 0.144724 0.682531
vt 0.142250 0.753697
vt 0.142250 0.682531
vt 0.622352 0.250637
vt 0.614217 0.250637
vt 0.614217 0.184894
vt 0.622352 0.184894
vt 0.611743 0.250637
vt 0.611743 0.184894
vt 0.603608 0.250637
vt 0.603608 0.182420
vt 0.611743 0.182420
vt 0.603608 0.184894
vt 0.601134 0.250637
vt 0.601134 0.184894
vt 0.355680 0.859641
vt 0.355680 0.867151
vt 0.288946 0.867151
vt 0.288946 0.859641
vt 0.355680 0.869234
vt 0.288946 0.869234
vt 0.355680 0.876744
vt 0.286862 0.876744
vt 0.286862 0.869234
vt 0.288946 0.876744
vt 0.355680 0.878827
vt 0.288946 0.878827
vt 0.075615 0.331287
vt 0.075615 0.323566
vt 0.142153 0.323566
vt 0.142153 0.331287
vt 0.075615 0.321362
vt 0.142153 0.321362
vt 0.075615 0.313641
vt 0.144357 0.313641
vt 0.144357 0.321362
vt 0.142153 0.313641
vt 0.075615 0.311437
vt 0.142153 0.311437
vt 0.323799 0.129963
vt 0.323799 0.137906
vt 0.253179 0.137906
vt 0.253179 0.129963
vt 0.323799 0.140140
vt 0.253179 0.140140
vt 0.323799 0.148083
vt 0.250946 0.148083
vt 0.250946 0.140140
vt 0.253179 0.148083
vt 0.323799 0.150317
vt 0.253179 0.150317
vt 0.918489 0.946598
vt 0.918489 0.954416
vt 0.852268 0.954416
vt 0.852268 0.946598
vt 0.918489 0.956493
vt 0.852268 0.956493
vt 0.918489 0.964311
vt 0.850189 0.964311
vt 0.850189 0.956493
vt 0.852268 0.964311
vt 0.918489 0.966389
vt 0.852268 0.966389
vt 0.786666 0.036445
vt 0.786666 0.044933
vt 0.714121 0.044933
vt 0.714121 0.036445
vt 0.714121 0.034045
vt 0.786666 0.034045
vt 0.786666 0.025558
vt 0.711721 0.034045
vt 0.711721 0.025558
vt 0.714121 0.025558
vt 0.714121 0.023157
vt 0.786666 0.023157
vt 0.105182 0.633743
vt 0.105182 0.693314
vt 0.042025 0.693314
vt 0.042025 0.633743
vt 0.105182 0.693750
vt 0.042025 0.693750
vt 0.105182 0.753321
vt 0.041588 0.753321
vt 0.041588 0.693750
vt 0.042025 0.753321
vt 0.105182 0.753758
vt 0.042025 0.753758
vt 0.437090 0.942526
vt 0.435255 0.942526
vt 0.435255 0.818470
vt 0.437090 0.818470
vt 0.437090 0.816635
vt 0.440255 0.816635
vt 0.440255 0.818470
vt 0.442090 0.942526
vt 0.440255 0.942526
vt 0.442090 0.818470
vt 0.440255 0.944361
vt 0.437090 0.944361
vt 0.019849 0.247110
vt 0.021684 0.247110
vt 0.021684 0.371165
vt 0.019849 0.371165
vt 0.024849 0.247110
vt 0.026684 0.247110
vt 0.026684 0.371165
vt 0.024849 0.371165
vt 0.024849 0.373000
vt 0.021684 0.373000
vt 0.021684 0.245275
vt 0.024849 0.245275
vt 0.763197 0.419926
vt 0.762760 0.419926
vt 0.762760 0.356770
vt 0.763197 0.356770
vt 0.880634 0.419926
vt 0.763197 0.356333
vt 0.880634 0.356333
vt 0.880634 0.356770
vt 0.881070 0.356770
vt 0.881070 0.419926
vt 0.998508 0.356770
vt 0.998508 0.419926
vt 0.695291 0.987679
vt 0.692817 0.987679
vt 0.692817 0.979317
vt 0.695291 0.979317
vt 0.766457 0.979317
vt 0.766457 0.987679
vt 0.766457 0.990152
vt 0.695291 0.990152
vt 0.695291 0.976843
vt 0.766457 0.976843
vt 0.695291 0.998514
vt 0.766457 0.998514
vt 0.085592 0.385845
vt 0.088066 0.385845
vt 0.088066 0.393980
vt 0.085592 0.393980
vt 0.019849 0.393980
vt 0.019849 0.385845
vt 0.019849 0.383371
vt 0.085592 0.383371
vt 0.085592 0.396454
vt 0.019849 0.396454
vt 0.085592 0.375236
vt 0.019849 0.375236
vt 0.920605 0.964174
vt 0.920605 0.956664
vt 0.920605 0.954581
vt 0.996388 0.954581
vt 0.996388 0.956664
vt 0.998472 0.956664
vt 0.998472 0.964174
vt 0.996388 0.964174
vt 0.996388 0.966258
vt 0.920605 0.966258
vt 0.996388 0.947070
vt 0.920605 0.947070
vt 0.789601 0.611059
vt 0.791805 0.611059
vt 0.791805 0.618780
vt 0.789601 0.618780
vt 0.723063 0.618780
vt 0.723063 0.611059
vt 0.723063 0.608855
vt 0.789601 0.608855
vt 0.789601 0.620984
vt 0.723063 0.620984
vt 0.789601 0.601134
vt 0.723063 0.601134
vt 0.553134 0.082011
vt 0.555368 0.082011
vt 0.555368 0.089954
vt 0.553134 0.089954
vt 0.482514 0.089954
vt 0.482514 0.082011
vt 0.482514 0.079777
vt 0.553134 0.079777
vt 0.553134 0.092188
vt 0.482514 0.092188
vt 0.553134 0.071834
vt 0.482514 0.071834
vt 0.165879 0.751646
vt 0.165879 0.743828
vt 0.165879 0.741751
vt 0.232101 0.741751
vt 0.232101 0.743828
vt 0.234179 0.743828
vt 0.234179 0.751646
vt 0.232101 0.751646
vt 0.232101 0.753724
vt 0.165879 0.753724
vt 0.232101 0.733932
vt 0.165879 0.733932
vt 0.553134 0.104695
vt 0.555368 0.104695
vt 0.555368 0.112638
vt 0.553134 0.112638
vt 0.482514 0.112638
vt 0.482514 0.104695
vt 0.482514 0.102461
vt 0.553134 0.102461
vt 0.553134 0.114872
vt 0.482514 0.114872
vt 0.553134 0.094518
vt 0.482514 0.094518
vt 0.285722 0.172934
vt 0.288196 0.172934
vt 0.288196 0.181295
vt 0.285722 0.181295
vt 0.214556 0.181295
vt 0.214556 0.172934
vt 0.214556 0.170461
vt 0.285722 0.170461
vt 0.285722 0.183769
vt 0.214556 0.183769
vt 0.285722 0.162098
vt 0.214556 0.162098
vt 0.420186 0.934049
vt 0.422660 0.934049
vt 0.422660 0.942183
vt 0.420186 0.942183
vt 0.354443 0.942183
vt 0.354443 0.934049
vt 0.354443 0.931575
vt 0.420186 0.931575
vt 0.420186 0.944658
vt 0.354443 0.944658
vt 0.420186 0.923441
vt 0.354443 0.923441
vt 0.613520 0.170747
vt 0.615604 0.170747
vt 0.615604 0.178257
vt 0.613520 0.178257
vt 0.546787 0.178257
vt 0.546787 0.170747
vt 0.546787 0.168664
vt 0.613520 0.168664
vt 0.613520 0.180341
vt 0.546787 0.180341
vt 0.613520 0.161153
vt 0.546787 0.161153
vt 0.871455 0.585226
vt 0.871455 0.577505
vt 0.871455 0.575301
vt 0.940856 0.575301
vt 0.940856 0.577505
vt 0.943060 0.577505
vt 0.943060 0.585226
vt 0.940856 0.585226
vt 0.940856 0.587430
vt 0.871455 0.587430
vt 0.940856 0.567580
vt 0.871455 0.567580
vt 0.696125 0.972280
vt 0.696125 0.964336
vt 0.696125 0.962103
vt 0.766745 0.962103
vt 0.766745 0.964336
vt 0.768978 0.964336
vt 0.768978 0.972280
vt 0.766745 0.972280
vt 0.766745 0.974514
vt 0.696125 0.974514
vt 0.766745 0.954159
vt 0.696125 0.954159
vt 0.276524 0.198932
vt 0.278602 0.198932
vt 0.278602 0.206750
vt 0.276524 0.206750
vt 0.210302 0.206750
vt 0.210302 0.198932
vt 0.210302 0.196855
vt 0.276524 0.196855
vt 0.276524 0.208828
vt 0.210302 0.208828
vt 0.276524 0.189036
vt 0.210302 0.189036
vt 0.361808 0.891796
vt 0.361808 0.900283
vt 0.361808 0.902684
vt 0.289263 0.902684
vt 0.289263 0.900283
vt 0.286862 0.900283
vt 0.286862 0.891796
vt 0.289263 0.891796
vt 0.289263 0.889396
vt 0.361808 0.889396
vt 0.289263 0.880908
vt 0.361808 0.880908
vt 0.033676 0.248582
vt 0.036101 0.248582
vt 0.036101 0.337576
vt 0.033676 0.337576
vt 0.038525 0.337576
vt 0.038525 0.248582
vt 0.031252 0.248582
vt 0.031252 0.337576
vt 0.028828 0.248582
vt 0.028828 0.337576
vt 0.107278 0.664934
vt 0.109702 0.664934
vt 0.109702 0.753927
vt 0.107278 0.753927
vt 0.112126 0.664934
vt 0.112126 0.753927
vt 0.114550 0.664934
vt 0.114550 0.753927
vt 0.116975 0.753927
vt 0.116975 0.664934
vt 0.980151 0.498582
vt 0.982576 0.498582
vt 0.982576 0.587576
vt 0.980151 0.587576
vt 0.985000 0.498582
vt 0.985000 0.587576
vt 0.987425 0.498582
vt 0.987425 0.587576
vt 0.989850 0.587576
vt 0.989850 0.498582
vt 0.603969 0.069471
vt 0.606395 0.069471
vt 0.606395 0.158465
vt 0.603969 0.158465
vt 0.608819 0.069471
vt 0.608819 0.158465
vt 0.611243 0.069471
vt 0.611243 0.158465
vt 0.613668 0.158465
vt 0.613668 0.069471
vt 0.551357 0.058674
vt 0.551357 0.066575
vt 0.969510 0.998080
vt 0.798147 0.998227
vt 0.798137 0.987314
vt 0.969501 0.987172
vt 0.768431 0.989887
vt 0.771531 0.979429
vt 0.795036 0.997775
vt 0.771522 0.968520
vt 0.995362 0.968336
vt 0.995371 0.979248
vt 0.998566 0.989681
vt 0.972697 0.997606
vt 0.551357 0.055388
vt 0.623024 0.054822
vt 0.623029 0.058114
vt 0.623979 0.061263
vt 0.597438 0.069363
vt 0.596468 0.066221
vt 0.596472 0.069509
vt 0.551357 0.069864
vt 0.479683 0.058111
vt 0.479688 0.054820
vt 0.506241 0.069507
vt 0.506244 0.066219
vt 0.478733 0.061260
vt 0.505274 0.069360
vt 0.149684 0.294614
vt 0.131808 0.298388
vt 0.113824 0.293944
vt 0.115712 0.286274
vt 0.116497 0.283082
vt 0.150473 0.291409
vt 0.113044 0.297133
vt 0.146763 0.309302
vt 0.113044 0.297119
vt 0.147740 0.306966
vt 0.112265 0.293943
vt 0.079327 0.309303
vt 0.078350 0.306967
vt 0.094281 0.298389
vt 0.110375 0.286273
vt 0.076404 0.294619
vt 0.109589 0.283081
vt 0.075615 0.291414
vt 0.254027 0.860050
vt 0.175803 0.860050
vt 0.175803 0.853279
vt 0.254027 0.853279
vt 0.254027 0.851339
vt 0.175803 0.851339
vt 0.254027 0.844567
vt 0.175803 0.844567
vt 0.175803 0.842628
vt 0.254027 0.842628
vt 0.777184 0.018368
vt 0.698961 0.018368
vt 0.698961 0.011596
vt 0.777184 0.011596
vt 0.698961 0.009657
vt 0.777184 0.009657
vt 0.777184 0.002885
vt 0.698961 0.002885
vt 0.777184 0.000945
vt 0.698961 0.000945
vt 0.041588 0.609168
vt 0.066699 0.609168
vt 0.066699 0.617076
vt 0.041588 0.617076
vt 0.066699 0.618493
vt 0.041588 0.618493
vt 0.066699 0.626401
vt 0.041588 0.626401
vt 0.066699 0.627819
vt 0.041588 0.627819
vt 0.782136 0.422022
vt 0.807247 0.422022
vt 0.807247 0.429931
vt 0.782136 0.429931
vt 0.807247 0.431348
vt 0.782136 0.431348
vt 0.807247 0.439256
vt 0.782136 0.439256
vt 0.807247 0.440674
vt 0.782136 0.440674
vt 0.822779 0.947543
vt 0.847890 0.947543
vt 0.847890 0.955452
vt 0.822779 0.955452
vt 0.847890 0.956869
vt 0.822779 0.956869
vt 0.847890 0.964776
vt 0.822779 0.964776
vt 0.847890 0.966194
vt 0.822779 0.966194
vt 0.040642 0.255199
vt 0.065754 0.255199
vt 0.065754 0.263107
vt 0.040642 0.263107
vt 0.065754 0.264524
vt 0.040642 0.264524
vt 0.065754 0.272432
vt 0.040642 0.272432
vt 0.065754 0.273850
vt 0.040642 0.273850
vt 0.041588 0.832231
vt 0.066699 0.832231
vt 0.066699 0.840140
vt 0.041588 0.840140
vt 0.066699 0.841557
vt 0.041588 0.841557
vt 0.066699 0.849464
vt 0.041588 0.849464
vt 0.066699 0.850882
vt 0.041588 0.850882
vt 0.820889 0.484404
vt 0.846000 0.484404
vt 0.846000 0.492313
vt 0.820889 0.492313
vt 0.846000 0.493730
vt 0.820889 0.493730
vt 0.846000 0.501638
vt 0.820889 0.501638
vt 0.846000 0.503056
vt 0.820889 0.503056
vt 0.795369 0.947543
vt 0.820480 0.947543
vt 0.820480 0.955452
vt 0.795369 0.955452
vt 0.820480 0.956869
vt 0.795369 0.956869
vt 0.820480 0.964776
vt 0.795369 0.964776
vt 0.820480 0.966194
vt 0.795369 0.966194
vt 0.048915 0.148797
vt 0.045719 0.159227
vt 0.019849 0.151303
vt 0.023044 0.140873
vt 0.023052 0.129963
vt 0.246891 0.130115
vt 0.246884 0.141024
vt 0.249984 0.151486
vt 0.223378 0.159371
vt 0.220279 0.148909
vt 0.048908 0.159709
vt 0.220272 0.159817
vt 0.114211 0.756247
vt 0.185878 0.755673
vt 0.185883 0.758963
vt 0.186833 0.762113
vt 0.160294 0.770216
vt 0.159323 0.767074
vt 0.159328 0.770362
vt 0.114211 0.770725
vt 0.042539 0.758963
vt 0.042543 0.755671
vt 0.069094 0.770361
vt 0.069099 0.767073
vt 0.041588 0.762113
vt 0.068128 0.770216
vt 0.054986 0.593065
vt 0.055710 0.600928
vt 0.037263 0.602650
vt 0.020151 0.596261
vt 0.056004 0.604197
vt 0.054685 0.589792
vt 0.019849 0.592973
vt 0.056477 0.600950
vt 0.020854 0.611224
vt 0.020234 0.608768
vt 0.056004 0.604176
vt 0.092238 0.598244
vt 0.074800 0.603682
vt 0.057631 0.593139
vt 0.090711 0.613150
vt 0.091466 0.610732
vt 0.058111 0.589888
vt 0.092721 0.594979
vt 0.043423 0.854860
vt 0.043423 0.853024
vt 0.102994 0.853024
vt 0.102994 0.854860
vt 0.104829 0.854860
vt 0.104829 0.858024
vt 0.102994 0.858024
vt 0.043423 0.859859
vt 0.043423 0.858024
vt 0.102994 0.859859
vt 0.041588 0.858024
vt 0.041588 0.854860
vt 0.793157 0.963877
vt 0.793157 0.965389
vt 0.779773 0.965389
vt 0.779773 0.963877
vt 0.793157 0.966128
vt 0.779773 0.966128
vt 0.793157 0.963138
vt 0.779773 0.963138
vt 0.979358 0.044217
vt 0.979358 0.045729
vt 0.965974 0.045729
vt 0.965974 0.044217
vt 0.979358 0.046468
vt 0.965974 0.046468
vt 0.979358 0.043478
vt 0.965974 0.043478
vt 0.793157 0.958679
vt 0.793157 0.960190
vt 0.779773 0.960190
vt 0.779773 0.958679
vt 0.793157 0.960929
vt 0.779773 0.960929
vt 0.793157 0.957940
vt 0.779773 0.957940
vt 0.998261 0.050361
vt 0.998261 0.051873
vt 0.984877 0.051873
vt 0.984877 0.050361
vt 0.998261 0.052612
vt 0.984877 0.052612
vt 0.998261 0.049622
vt 0.984877 0.049622
vt 0.082383 0.848565
vt 0.082383 0.850077
vt 0.068998 0.850077
vt 0.068998 0.848565
vt 0.082383 0.850816
vt 0.068998 0.850816
vt 0.082383 0.847826
vt 0.068998 0.847826
vt 0.081438 0.263972
vt 0.081438 0.265484
vt 0.068053 0.265484
vt 0.068053 0.263972
vt 0.081438 0.266223
vt 0.068053 0.266223
vt 0.081438 0.263233
vt 0.068053 0.263233
vt 0.054972 0.900550
vt 0.054972 0.902062
vt 0.041588 0.902062
vt 0.041588 0.900550
vt 0.054972 0.902801
vt 0.041588 0.902801
vt 0.054972 0.899811
vt 0.041588 0.899811
vt 0.081438 0.269170
vt 0.081438 0.270682
vt 0.068053 0.270682
vt 0.068053 0.269170
vt 0.081438 0.271421
vt 0.068053 0.271421
vt 0.081438 0.268431
vt 0.068053 0.268431
vt 0.054972 0.895351
vt 0.054972 0.896863
vt 0.041588 0.896863
vt 0.041588 0.895351
vt 0.054972 0.897602
vt 0.041588 0.897602
vt 0.054972 0.894612
vt 0.041588 0.894612
vt 0.793157 0.953480
vt 0.793157 0.954992
vt 0.779773 0.954992
vt 0.779773 0.953480
vt 0.793157 0.955731
vt 0.779773 0.955731
vt 0.793157 0.952741
vt 0.779773 0.952741
vt 0.081438 0.276619
vt 0.068053 0.276619
vt 0.068053 0.275880
vt 0.081438 0.275880
vt 0.081438 0.274369
vt 0.068053 0.274369
vt 0.081438 0.273630
vt 0.068053 0.273630
vt 0.618184 0.065217
vt 0.619696 0.065217
vt 0.619696 0.067617
vt 0.618184 0.067617
vt 0.622096 0.067617
vt 0.622096 0.165398
vt 0.619696 0.165398
vt 0.619696 0.167798
vt 0.618184 0.167798
vt 0.618184 0.165398
vt 0.615784 0.067617
vt 0.615784 0.165398
vt 0.998277 0.491057
vt 0.998277 0.588839
vt 0.995877 0.588839
vt 0.995877 0.491057
vt 0.994366 0.488658
vt 0.995877 0.488658
vt 0.994366 0.491057
vt 0.995877 0.591238
vt 0.994366 0.591238
vt 0.994366 0.588839
vt 0.991966 0.491057
vt 0.991966 0.588839
vt 0.029856 0.936391
vt 0.023110 0.941055
vt 0.022939 0.615496
vt 0.029936 0.621232
vt 0.019849 0.943310
vt 0.019870 0.612980
vt 0.039266 0.613526
vt 0.039266 0.942475
vt 0.033841 0.935683
vt 0.033861 0.620390
vt 0.033841 0.944604
vt 0.029856 0.944604
vt 0.029917 0.611531
vt 0.033861 0.611541
vt 0.639802 0.404726
vt 0.635757 0.404726
vt 0.631149 0.398389
vt 0.634016 0.395851
vt 0.633406 0.082071
vt 0.640367 0.077083
vt 0.630947 0.398031
vt 0.643692 0.074713
vt 0.643692 0.404726
vt 0.629474 0.081213
vt 0.629474 0.072306
vt 0.633406 0.072306
vt 0.624291 0.074446
vt 0.624291 0.402756
vt 0.004972 0.406969
vt 0.000945 0.406969
vt 0.000945 0.058847
vt 0.004972 0.058847
vt 0.004972 0.054820
vt 0.013552 0.054820
vt 0.013552 0.058847
vt 0.017579 0.058847
vt 0.017579 0.406969
vt 0.013552 0.406969
vt 0.013552 0.410996
vt 0.004972 0.410996
vt 0.004972 0.940523
vt 0.000945 0.940523
vt 0.000945 0.592401
vt 0.004972 0.592401
vt 0.004972 0.588374
vt 0.013552 0.588374
vt 0.013552 0.592401
vt 0.017579 0.592401
vt 0.017579 0.940523
vt 0.013552 0.940523
vt 0.013552 0.944550
vt 0.004972 0.944550
vt 0.984061 0.621345
vt 0.806401 0.621345
vt 0.806402 0.610136
vt 0.984061 0.612246
vt 0.793006 0.601059
vt 0.801357 0.601060
vt 0.793006 0.610137
vt 0.801357 0.589792
vt 0.991327 0.589792
vt 0.991327 0.601868
vt 0.998576 0.601868
vt 0.998576 0.612247
vt 0.212557 0.173107
vt 0.212557 0.186820
vt 0.196496 0.186820
vt 0.196497 0.178402
vt 0.196444 0.189407
vt 0.032236 0.189401
vt 0.032237 0.178304
vt 0.019849 0.186777
vt 0.019850 0.173140
vt 0.032227 0.186777
vt 0.019850 0.162098
vt 0.212557 0.162099
vt 0.355569 0.086358
vt 0.027731 0.086358
vt 0.027732 0.074150
vt 0.355569 0.073846
vt 0.019850 0.065457
vt 0.033610 0.065459
vt 0.019849 0.074151
vt 0.033610 0.054820
vt 0.348702 0.054820
vt 0.348702 0.064533
vt 0.363272 0.064533
vt 0.363272 0.073848
vt 0.662721 0.642364
vt 0.655010 0.642365
vt 0.655010 0.633063
vt 0.669587 0.633064
vt 0.669587 0.623346
vt 0.984678 0.623348
vt 0.984678 0.633987
vt 0.998443 0.633987
vt 0.998443 0.642688
vt 0.990555 0.642688
vt 0.662721 0.654879
vt 0.990556 0.654879
vt 0.949894 0.487377
vt 0.911349 0.505526
vt 0.903476 0.459487
vt 0.912407 0.459692
vt 0.902342 0.509775
vt 0.913249 0.424255
vt 0.951366 0.425157
vt 0.997558 0.461710
vt 0.997207 0.476491
vt 0.894191 0.459278
vt 0.893186 0.504936
vt 0.998401 0.426277
vt 0.855847 0.485249
vt 0.809074 0.472237
vt 0.809391 0.457456
vt 0.894951 0.423840
vt 0.857185 0.423025
vt 0.810147 0.422022
vt 0.125703 0.855121
vt 0.088362 0.835438
vt 0.041588 0.822426
vt 0.041904 0.807645
vt 0.127462 0.774025
vt 0.126706 0.809463
vt 0.089697 0.773214
vt 0.135993 0.809673
vt 0.134858 0.859960
vt 0.042660 0.772212
vt 0.144928 0.809877
vt 0.143865 0.855711
vt 0.182413 0.837568
vt 0.145776 0.774441
vt 0.183894 0.775347
vt 0.230079 0.811906
vt 0.229727 0.826686
vt 0.230929 0.776475
vt 0.794951 0.505199
vt 0.842006 0.505204
vt 0.841990 0.567446
vt 0.794951 0.590942
vt 0.747898 0.505206
vt 0.747912 0.567449
vt 0.889054 0.505219
vt 0.889036 0.555446
vt 0.700850 0.505222
vt 0.700866 0.555449
vt 0.113949 0.277142
vt 0.066911 0.253648
vt 0.066897 0.191406
vt 0.113950 0.191398
vt 0.160989 0.253646
vt 0.161005 0.191404
vt 0.019865 0.241649
vt 0.019849 0.191422
vt 0.208035 0.241646
vt 0.208052 0.191419
vt 0.006403 0.000945
vt 0.332243 0.000945
vt 0.332243 0.052816
vt 0.006403 0.052816
vt 0.337699 0.000945
vt 0.337699 0.052816
vt 0.000945 0.052816
vt 0.000945 0.000945
vt 0.663540 0.000945
vt 0.663540 0.052816
vt 0.000945 0.946598
vt 0.326785 0.946598
vt 0.326785 0.998469
vt 0.000945 0.998469
vt 0.331622 0.946598
vt 0.331622 0.998469
vt 0.657462 0.946598
vt 0.657462 0.998469
vt 0.662298 0.998469
vt 0.662298 0.946598
vt 0.798515 0.010769
vt 0.798515 0.021079
vt 0.888936 0.010769
vt 0.888936 0.021079
vt 0.979358 0.010769
vt 0.979358 0.021079
vt 0.888936 0.030902
vt 0.151497 0.892507
vt 0.061076 0.872101
vt 0.061076 0.882410
vt 0.151497 0.872101
vt 0.151497 0.882410
vt 0.241918 0.872101
vt 0.241918 0.882410
vt 0.352487 0.944411
vt 0.041588 0.944411
vt 0.041588 0.934102
vt 0.352487 0.934102
vt 0.352487 0.924711
vt 0.041588 0.924711
vt 0.352487 0.914401
vt 0.041588 0.914401
vt 0.041588 0.905010
vt 0.352487 0.905010
vt 0.330749 0.097765
vt 0.330749 0.108075
vt 0.019849 0.108075
vt 0.019849 0.097765
vt 0.330749 0.117466
vt 0.019849 0.117466
vt 0.019849 0.088374
vt 0.330749 0.088374
vt 0.019849 0.127776
vt 0.330749 0.127776
vt 0.061076 0.862004
vt 0.151497 0.862004
vt 0.041588 0.882410
vt 0.041588 0.872101
vt 0.051684 0.872101
vt 0.051684 0.882410
vt 0.051684 0.862004
vt 0.061076 0.892507
vt 0.051684 0.892507
vt 0.241918 0.862004
vt 0.061076 0.902816
vt 0.151497 0.902816
vt 0.251309 0.862004
vt 0.251309 0.872101
vt 0.251309 0.892507
vt 0.241918 0.892507
vt 0.251309 0.882410
vt 0.261406 0.872101
vt 0.261406 0.882410
vt 0.241918 0.902816
vt 0.979358 0.030902
vt 0.979358 0.041212
vt 0.888936 0.041212
vt 0.798515 0.041212
vt 0.798515 0.030902
vt 0.988749 0.030902
vt 0.988749 0.021079
vt 0.789124 0.030902
vt 0.789124 0.021079
vt 0.888936 0.000945
vt 0.979358 0.000945
vt 0.798515 0.000945
vt 0.998573 0.010769
vt 0.998573 0.021079
vt 0.988749 0.010769
vt 0.988749 0.000945
vt 0.789124 0.000945
vt 0.789124 0.010769
vt 0.779300 0.021079
vt 0.779300 0.010769
vt 0.998440 0.033082
vt 0.998440 0.035629
vt 0.981569 0.035629
vt 0.981569 0.033082
vt 0.998440 0.040398
vt 0.981569 0.040398
vt 0.998440 0.042945
vt 0.981569 0.042945
vt 0.998440 0.047714
vt 0.981569 0.047714
vt 0.148698 0.476566
vt 0.681044 0.955104
vt 0.683391 0.955104
vt 0.688160 0.955104
vt 0.683391 0.996127
vt 0.681044 0.996127
vt 0.681044 0.993580
vt 0.676276 0.955104
vt 0.676276 0.993580
vt 0.690506 0.955104
vt 0.690506 0.993580
vt 0.690506 0.996127
vt 0.688160 0.996127
vt 0.683391 0.998474
vt 0.688160 0.998474
vt 0.155618 0.476566
vt 0.150849 0.476566
vt 0.150849 0.438091
vt 0.155618 0.438091
vt 0.148698 0.438091
vt 0.150849 0.479113
vt 0.148698 0.479113
vt 0.143929 0.438091
vt 0.141777 0.476566
vt 0.141777 0.438091
vt 0.148698 0.481265
vt 0.143929 0.481265
vt 0.143929 0.479113
vt 0.141777 0.479113
vt 0.998496 0.175074
vt 0.998496 0.227661
vt 0.646030 0.227661
vt 0.646030 0.175074
vt 0.646030 0.072306
vt 0.998496 0.072306
vt 0.998496 0.280249
vt 0.646030 0.280249
vt 0.998496 0.354220
vt 0.646030 0.354220
vt 0.998506 0.762193
vt 0.998506 0.815174
vt 0.640832 0.815174
vt 0.640832 0.762193
vt 0.998506 0.868155
vt 0.640832 0.868155
vt 0.643436 0.944651
vt 0.640832 0.941984
vt 0.998506 0.941984
vt 0.995902 0.944651
vt 0.998506 0.659566
vt 0.995902 0.656900
vt 0.640832 0.659566
vt 0.643436 0.656900
vt 0.540397 0.309375
vt 0.530538 0.309375
vt 0.530538 0.254253
vt 0.540397 0.254253
vt 0.525456 0.309375
vt 0.525456 0.254253
vt 0.545480 0.254253
vt 0.545480 0.309375
vt 0.515596 0.254253
vt 0.515596 0.309375
vt 0.449883 0.289225
vt 0.449883 0.343887
vt 0.444815 0.343887
vt 0.444815 0.289225
vt 0.436425 0.343887
vt 0.436425 0.289225
vt 0.431357 0.343887
vt 0.431357 0.289225
vt 0.422968 0.289225
vt 0.422968 0.343887
vt 0.362093 0.146030
vt 0.362093 0.201157
vt 0.356982 0.201157
vt 0.356982 0.146030
vt 0.348343 0.201157
vt 0.348343 0.146030
vt 0.343233 0.201157
vt 0.343233 0.146030
vt 0.334594 0.146030
vt 0.334594 0.201157
vt 0.590680 0.425331
vt 0.590680 0.480049
vt 0.585647 0.480049
vt 0.585647 0.425331
vt 0.575822 0.480049
vt 0.575822 0.425331
vt 0.570789 0.480049
vt 0.570789 0.425331
vt 0.560964 0.425331
vt 0.560964 0.480049
vt 0.380355 0.226844
vt 0.380355 0.281372
vt 0.375302 0.281372
vt 0.375302 0.226844
vt 0.365508 0.281372
vt 0.365508 0.226844
vt 0.360455 0.281372
vt 0.360455 0.226844
vt 0.350661 0.226844
vt 0.350661 0.281372
vt 0.245126 0.562854
vt 0.245126 0.617449
vt 0.240074 0.617449
vt 0.240074 0.562854
vt 0.230313 0.617449
vt 0.230313 0.562854
vt 0.225261 0.617449
vt 0.225261 0.562854
vt 0.215501 0.562854
vt 0.215501 0.617449
vt 0.368041 0.687619
vt 0.368041 0.742149
vt 0.363009 0.742149
vt 0.363009 0.687619
vt 0.353208 0.742149
vt 0.353208 0.687619
vt 0.348176 0.742149
vt 0.348176 0.687619
vt 0.338374 0.687619
vt 0.338374 0.742149
vt 0.361511 0.396975
vt 0.361511 0.451549
vt 0.356481 0.451549
vt 0.356481 0.396975
vt 0.346634 0.451549
vt 0.346634 0.396975
vt 0.341604 0.451549
vt 0.341604 0.396975
vt 0.331758 0.396975
vt 0.331758 0.451549
vt 0.589977 0.311437
vt 0.589977 0.366300
vt 0.584879 0.366300
vt 0.584879 0.311437
vt 0.574998 0.366300
vt 0.574998 0.311437
vt 0.569901 0.366300
vt 0.569901 0.311437
vt 0.560019 0.311437
vt 0.560019 0.366300
vt 0.442304 0.635161
vt 0.442304 0.689672
vt 0.437238 0.689672
vt 0.437238 0.635161
vt 0.427437 0.689672
vt 0.427437 0.635161
vt 0.422371 0.689672
vt 0.422371 0.635161
vt 0.412571 0.635161
vt 0.412571 0.689672
vt 0.341790 0.467391
vt 0.346852 0.467391
vt 0.346852 0.514705
vt 0.341790 0.514705
vt 0.331980 0.514705
vt 0.331980 0.467391
vt 0.326919 0.467391
vt 0.326919 0.514705
vt 0.317108 0.467391
vt 0.317108 0.514705
vt 0.284808 0.685059
vt 0.279773 0.685059
vt 0.279773 0.630435
vt 0.284808 0.630435
vt 0.294654 0.630435
vt 0.294654 0.685059
vt 0.299687 0.685059
vt 0.299687 0.630435
vt 0.309534 0.685059
vt 0.309534 0.630435
vt 0.401702 0.467864
vt 0.406793 0.467864
vt 0.406793 0.516321
vt 0.401702 0.516321
vt 0.416704 0.467864
vt 0.416704 0.516321
vt 0.421795 0.467864
vt 0.421795 0.516321
vt 0.431706 0.516321
vt 0.431706 0.467864
vt 0.337824 0.143677
vt 0.332703 0.143677
vt 0.332703 0.088374
vt 0.337824 0.088374
vt 0.347720 0.088374
vt 0.347720 0.143677
vt 0.352841 0.143677
vt 0.352841 0.088374
vt 0.362738 0.143677
vt 0.362738 0.088374
vt 0.385498 0.747044
vt 0.380435 0.747044
vt 0.380435 0.692344
vt 0.385498 0.692344
vt 0.395256 0.692344
vt 0.395256 0.747044
vt 0.400319 0.747044
vt 0.400319 0.692344
vt 0.410077 0.747044
vt 0.410077 0.692344
vt 0.181642 0.616329
vt 0.171742 0.616329
vt 0.171742 0.561436
vt 0.181642 0.561436
vt 0.166672 0.616329
vt 0.166672 0.561436
vt 0.156772 0.561436
vt 0.156772 0.616329
vt 0.151701 0.616329
vt 0.151701 0.561436
vt 0.336404 0.742380
vt 0.326605 0.742380
vt 0.326605 0.687619
vt 0.336404 0.687619
vt 0.321557 0.742380
vt 0.321557 0.687619
vt 0.311759 0.687619
vt 0.311759 0.742380
vt 0.306710 0.742380
vt 0.306710 0.687619
vt 0.352903 0.800437
vt 0.347826 0.800437
vt 0.347826 0.745274
vt 0.352903 0.745274
vt 0.362811 0.745274
vt 0.362811 0.800437
vt 0.367887 0.800437
vt 0.367887 0.745274
vt 0.377796 0.800437
vt 0.377796 0.745274
vt 0.532949 0.366152
vt 0.527883 0.366152
vt 0.527883 0.311437
vt 0.532949 0.311437
vt 0.542775 0.311437
vt 0.542775 0.366152
vt 0.547840 0.366152
vt 0.547840 0.311437
vt 0.557666 0.366152
vt 0.557666 0.311437
vt 0.102411 0.547468
vt 0.097354 0.547468
vt 0.097354 0.492911
vt 0.102411 0.492911
vt 0.112261 0.492911
vt 0.112261 0.547468
vt 0.117318 0.547468
vt 0.117318 0.492911
vt 0.127169 0.547468
vt 0.127169 0.492911
vt 0.597261 0.423257
vt 0.592155 0.423257
vt 0.592155 0.368147
vt 0.597261 0.368147
vt 0.607134 0.368147
vt 0.607134 0.423257
vt 0.612240 0.423257
vt 0.612240 0.368147
vt 0.622113 0.423257
vt 0.622113 0.368147
vt 0.575453 0.570265
vt 0.570416 0.570265
vt 0.570416 0.515596
vt 0.575453 0.515596
vt 0.585269 0.515596
vt 0.585269 0.570265
vt 0.590305 0.570265
vt 0.590305 0.515596
vt 0.600122 0.570265
vt 0.600122 0.515596
vt 0.141777 0.381380
vt 0.151475 0.381380
vt 0.151475 0.436049
vt 0.141777 0.436049
vt 0.156511 0.436049
vt 0.156511 0.381380
vt 0.166209 0.436049
vt 0.166209 0.381380
vt 0.171246 0.381380
vt 0.171246 0.436049
vt 0.221086 0.674432
vt 0.215973 0.674432
vt 0.215973 0.619565
vt 0.221086 0.619565
vt 0.230972 0.619565
vt 0.230972 0.674432
vt 0.236085 0.674432
vt 0.236085 0.619565
vt 0.245970 0.674432
vt 0.245970 0.619565
vt 0.481133 0.286906
vt 0.471283 0.286906
vt 0.471283 0.232515
vt 0.481133 0.232515
vt 0.466229 0.286906
vt 0.466229 0.232515
vt 0.456379 0.232515
vt 0.456379 0.286906
vt 0.451324 0.286906
vt 0.451324 0.232515
vt 0.511170 0.627489
vt 0.506143 0.627489
vt 0.506143 0.572778
vt 0.511170 0.572778
vt 0.520985 0.572778
vt 0.520985 0.627489
vt 0.526012 0.627489
vt 0.526012 0.572778
vt 0.535827 0.627489
vt 0.535827 0.572778
vt 0.324045 0.210775
vt 0.333884 0.210775
vt 0.333884 0.265525
vt 0.324045 0.265525
vt 0.338930 0.265525
vt 0.338930 0.210775
vt 0.318998 0.265525
vt 0.318998 0.210775
vt 0.348770 0.265525
vt 0.348770 0.210775
vt 0.398825 0.451759
vt 0.389000 0.451759
vt 0.389000 0.397448
vt 0.398825 0.397448
vt 0.383959 0.451759
vt 0.383959 0.397448
vt 0.374133 0.397448
vt 0.374133 0.451759
vt 0.369093 0.451759
vt 0.369093 0.397448
vt 0.070307 0.511113
vt 0.065217 0.511113
vt 0.065217 0.456049
vt 0.070307 0.456049
vt 0.080196 0.456049
vt 0.080196 0.511113
vt 0.085286 0.511113
vt 0.085286 0.456049
vt 0.095175 0.511113
vt 0.095175 0.456049
vt 0.629358 0.506094
vt 0.624291 0.506094
vt 0.624291 0.451324
vt 0.629358 0.451324
vt 0.639138 0.451324
vt 0.639138 0.506094
vt 0.644204 0.506094
vt 0.644204 0.451324
vt 0.653984 0.506094
vt 0.653984 0.451324
vt 0.394116 0.224890
vt 0.384295 0.224890
vt 0.384295 0.170132
vt 0.394116 0.170132
vt 0.379242 0.224890
vt 0.379242 0.170132
vt 0.369420 0.170132
vt 0.369420 0.224890
vt 0.364367 0.224890
vt 0.364367 0.170132
vt 0.401114 0.225254
vt 0.396031 0.225254
vt 0.396031 0.170132
vt 0.401114 0.170132
vt 0.410973 0.170132
vt 0.410973 0.225254
vt 0.416055 0.225254
vt 0.416055 0.170132
vt 0.425915 0.225254
vt 0.425915 0.170132
vt 0.565560 0.368620
vt 0.575334 0.368620
vt 0.575334 0.423282
vt 0.565560 0.423282
vt 0.580402 0.423282
vt 0.580402 0.368620
vt 0.560492 0.423282
vt 0.560492 0.368620
vt 0.590176 0.423282
vt 0.590176 0.368620
vt 0.243768 0.324031
vt 0.238658 0.324031
vt 0.238658 0.268904
vt 0.243768 0.268904
vt 0.253677 0.268904
vt 0.253677 0.324031
vt 0.258787 0.324031
vt 0.258787 0.268904
vt 0.268695 0.324031
vt 0.268695 0.268904
vt 0.213445 0.380805
vt 0.208412 0.380805
vt 0.208412 0.326087
vt 0.213445 0.326087
vt 0.223270 0.326087
vt 0.223270 0.380805
vt 0.228303 0.380805
vt 0.228303 0.326087
vt 0.238128 0.380805
vt 0.238128 0.326087
vt 0.213531 0.616438
vt 0.203737 0.616438
vt 0.203737 0.561909
vt 0.213531 0.561909
vt 0.198684 0.616438
vt 0.198684 0.561909
vt 0.188891 0.561909
vt 0.188891 0.616438
vt 0.183838 0.616438
vt 0.183838 0.561909
vt 0.424712 0.287109
vt 0.419660 0.287109
vt 0.419660 0.232515
vt 0.424712 0.232515
vt 0.434473 0.232515
vt 0.434473 0.287109
vt 0.439525 0.287109
vt 0.439525 0.232515
vt 0.449286 0.287109
vt 0.449286 0.232515
vt 0.543785 0.570126
vt 0.538752 0.570126
vt 0.538752 0.515596
vt 0.543785 0.515596
vt 0.553586 0.515596
vt 0.553586 0.570126
vt 0.558617 0.570126
vt 0.558617 0.515596
vt 0.568419 0.570126
vt 0.568419 0.515596
vt 0.275824 0.322532
vt 0.270794 0.322532
vt 0.270794 0.267959
vt 0.275824 0.267959
vt 0.285670 0.267959
vt 0.285670 0.322532
vt 0.290701 0.322532
vt 0.290701 0.267959
vt 0.300547 0.322532
vt 0.300547 0.267959
vt 0.488557 0.309116
vt 0.483459 0.309116
vt 0.483459 0.254253
vt 0.488557 0.254253
vt 0.498438 0.254253
vt 0.498438 0.309116
vt 0.503535 0.309116
vt 0.503535 0.254253
vt 0.513417 0.309116
vt 0.513417 0.254253
vt 0.525952 0.365949
vt 0.516152 0.365949
vt 0.516152 0.311437
vt 0.525952 0.311437
vt 0.511086 0.365949
vt 0.511086 0.311437
vt 0.501285 0.311437
vt 0.501285 0.365949
vt 0.496219 0.365949
vt 0.496219 0.311437
vt 0.597690 0.512956
vt 0.592627 0.512956
vt 0.592627 0.458412
vt 0.597690 0.458412
vt 0.607499 0.458412
vt 0.607499 0.512956
vt 0.612561 0.512956
vt 0.612561 0.458412
vt 0.622371 0.512956
vt 0.622371 0.458412
vt 0.178477 0.382798
vt 0.188232 0.382798
vt 0.188232 0.437411
vt 0.178477 0.437411
vt 0.193268 0.437411
vt 0.193268 0.382798
vt 0.173440 0.437411
vt 0.173440 0.382798
vt 0.203025 0.437411
vt 0.203025 0.382798
vt 0.279647 0.741971
vt 0.274575 0.741971
vt 0.274575 0.687146
vt 0.279647 0.687146
vt 0.289532 0.687146
vt 0.289532 0.741971
vt 0.294604 0.741971
vt 0.294604 0.687146
vt 0.304490 0.741971
vt 0.304490 0.687146
vt 0.181368 0.380479
vt 0.176276 0.380479
vt 0.176276 0.325614
vt 0.181368 0.325614
vt 0.191278 0.325614
vt 0.191278 0.380479
vt 0.196370 0.380479
vt 0.196370 0.325614
vt 0.206281 0.380479
vt 0.206281 0.325614
vt 0.691304 0.356333
vt 0.701238 0.356333
vt 0.701238 0.411670
vt 0.691304 0.411670
vt 0.706340 0.411670
vt 0.706340 0.356333
vt 0.686201 0.411670
vt 0.686201 0.356333
vt 0.716275 0.411670
vt 0.716275 0.356333
vt 0.188909 0.673513
vt 0.183838 0.673513
vt 0.183838 0.618620
vt 0.188909 0.618620
vt 0.198808 0.618620
vt 0.198808 0.673513
vt 0.203878 0.673513
vt 0.203878 0.618620
vt 0.213779 0.673513
vt 0.213779 0.618620
vt 0.376104 0.921088
vt 0.370983 0.921088
vt 0.370983 0.865784
vt 0.376104 0.865784
vt 0.386001 0.865784
vt 0.386001 0.921088
vt 0.391121 0.921088
vt 0.391121 0.865784
vt 0.401018 0.921088
vt 0.401018 0.865784
vt 0.393060 0.282015
vt 0.387996 0.282015
vt 0.387996 0.227315
vt 0.393060 0.227315
vt 0.402818 0.227315
vt 0.402818 0.282015
vt 0.407881 0.282015
vt 0.407881 0.227315
vt 0.417639 0.282015
vt 0.417639 0.227315
vt 0.479515 0.627403
vt 0.474480 0.627403
vt 0.474480 0.572778
vt 0.479515 0.572778
vt 0.489361 0.572778
vt 0.489361 0.627403
vt 0.494394 0.627403
vt 0.494394 0.572778
vt 0.504241 0.627403
vt 0.504241 0.572778
vt 0.307506 0.322720
vt 0.302457 0.322720
vt 0.302457 0.267959
vt 0.307506 0.267959
vt 0.317304 0.267959
vt 0.317304 0.322720
vt 0.322352 0.322720
vt 0.322352 0.267959
vt 0.332151 0.322720
vt 0.332151 0.267959
vt 0.542883 0.627469
vt 0.537807 0.627469
vt 0.537807 0.572307
vt 0.542883 0.572307
vt 0.552791 0.572307
vt 0.552791 0.627469
vt 0.557868 0.627469
vt 0.557868 0.572307
vt 0.567776 0.627469
vt 0.567776 0.572307
vt 0.533422 0.422862
vt 0.528356 0.422862
vt 0.528356 0.368147
vt 0.533422 0.368147
vt 0.543247 0.368147
vt 0.543247 0.422862
vt 0.548312 0.422862
vt 0.548312 0.368147
vt 0.558139 0.422862
vt 0.558139 0.368147
vt 0.511674 0.570625
vt 0.506616 0.570625
vt 0.506616 0.516068
vt 0.511674 0.516068
vt 0.521524 0.516068
vt 0.521524 0.570625
vt 0.526580 0.570625
vt 0.526580 0.516068
vt 0.536431 0.570625
vt 0.536431 0.516068
vt 0.433272 0.230441
vt 0.428166 0.230441
vt 0.428166 0.175331
vt 0.433272 0.175331
vt 0.443145 0.175331
vt 0.443145 0.230441
vt 0.448250 0.230441
vt 0.448250 0.175331
vt 0.458124 0.230441
vt 0.458124 0.175331
vt 0.166190 0.504726
vt 0.176006 0.504726
vt 0.176006 0.559396
vt 0.166190 0.559396
vt 0.181042 0.559396
vt 0.181042 0.504726
vt 0.161153 0.559396
vt 0.161153 0.504726
vt 0.190859 0.559396
vt 0.190859 0.504726
vt 0.314621 0.799576
vt 0.309546 0.799576
vt 0.309546 0.744329
vt 0.314621 0.744329
vt 0.324542 0.744329
vt 0.324542 0.799576
vt 0.329616 0.799576
vt 0.329616 0.744329
vt 0.339538 0.799576
vt 0.339538 0.744329
vt 0.410591 0.690184
vt 0.400808 0.690184
vt 0.400808 0.635633
vt 0.410591 0.635633
vt 0.395749 0.690184
vt 0.395749 0.635633
vt 0.385966 0.635633
vt 0.385966 0.690184
vt 0.380907 0.690184
vt 0.380907 0.635633
vt 0.210170 0.437330
vt 0.205104 0.437330
vt 0.205104 0.382798
vt 0.210170 0.382798
vt 0.219970 0.382798
vt 0.219970 0.437330
vt 0.225036 0.437330
vt 0.225036 0.382798
vt 0.234837 0.437330
vt 0.234837 0.382798
vt 0.253177 0.573724
vt 0.262970 0.573724
vt 0.262970 0.628177
vt 0.253177 0.628177
vt 0.268037 0.628177
vt 0.268037 0.573724
vt 0.248110 0.628177
vt 0.248110 0.573724
vt 0.277831 0.628177
vt 0.277831 0.573724
vt 0.607154 0.570349
vt 0.602080 0.570349
vt 0.602080 0.515123
vt 0.607154 0.515123
vt 0.617020 0.515123
vt 0.617020 0.570349
vt 0.622095 0.570349
vt 0.622095 0.515123
vt 0.631961 0.570349
vt 0.631961 0.515123
vt 0.038188 0.473062
vt 0.048118 0.473062
vt 0.048118 0.527968
vt 0.038188 0.527968
vt 0.053224 0.527968
vt 0.053224 0.473062
vt 0.033082 0.527968
vt 0.033082 0.473062
vt 0.063154 0.527968
vt 0.063154 0.473062
vt 0.554562 0.252140
vt 0.544667 0.252140
vt 0.544667 0.197069
vt 0.554562 0.197069
vt 0.539568 0.252140
vt 0.539568 0.197069
vt 0.529673 0.197069
vt 0.529673 0.252140
vt 0.524574 0.252140
vt 0.524574 0.197069
vt 0.316467 0.685581
vt 0.311437 0.685581
vt 0.311437 0.630907
vt 0.316467 0.630907
vt 0.326250 0.630907
vt 0.326250 0.685581
vt 0.331279 0.685581
vt 0.331279 0.630907
vt 0.341063 0.685581
vt 0.341063 0.630907
vt 0.419080 0.167560
vt 0.413989 0.167560
vt 0.413989 0.112476
vt 0.419080 0.112476
vt 0.428952 0.112476
vt 0.428952 0.167560
vt 0.434042 0.167560
vt 0.434042 0.112476
vt 0.443915 0.167560
vt 0.443915 0.112476
vt 0.149258 0.379478
vt 0.144140 0.379478
vt 0.144140 0.324197
vt 0.149258 0.324197
vt 0.159170 0.324197
vt 0.159170 0.379478
vt 0.164289 0.379478
vt 0.164289 0.324197
vt 0.174201 0.379478
vt 0.174201 0.324197
vt 0.166216 0.439508
vt 0.176037 0.439508
vt 0.176037 0.494260
vt 0.166216 0.494260
vt 0.181100 0.494260
vt 0.181100 0.439508
vt 0.161153 0.494260
vt 0.161153 0.439508
vt 0.190921 0.494260
vt 0.190921 0.439508
vt 0.684035 0.411535
vt 0.674145 0.411535
vt 0.674145 0.356333
vt 0.684035 0.356333
vt 0.669050 0.411535
vt 0.669050 0.356333
vt 0.659160 0.356333
vt 0.659160 0.411535
vt 0.654064 0.411535
vt 0.654064 0.356333
vt 0.451717 0.111735
vt 0.446597 0.111735
vt 0.446597 0.054820
vt 0.451717 0.054820
vt 0.461667 0.054820
vt 0.461667 0.111735
vt 0.466787 0.111735
vt 0.466787 0.054820
vt 0.476737 0.111735
vt 0.476737 0.054820
vt 0.435779 0.633221
vt 0.426000 0.633221
vt 0.426000 0.578450
vt 0.435779 0.578450
vt 0.420934 0.633221
vt 0.420934 0.578450
vt 0.440846 0.578450
vt 0.440846 0.633221
vt 0.411153 0.578450
vt 0.411153 0.633221
vt 0.363931 0.283554
vt 0.363931 0.337946
vt 0.358876 0.337946
vt 0.358876 0.283554
vt 0.349026 0.283554
vt 0.349026 0.337946
vt 0.343971 0.337946
vt 0.343971 0.283554
vt 0.334121 0.337946
vt 0.334121 0.283554
vt 0.522436 0.197069
vt 0.522436 0.251936
vt 0.517323 0.251936
vt 0.517323 0.197069
vt 0.507437 0.197069
vt 0.507437 0.251936
vt 0.502324 0.251936
vt 0.502324 0.197069
vt 0.492439 0.251936
vt 0.492439 0.197069
vt 0.558985 0.424858
vt 0.558985 0.479569
vt 0.553958 0.479569
vt 0.553958 0.424858
vt 0.544143 0.424858
vt 0.544143 0.479569
vt 0.539116 0.479569
vt 0.539116 0.424858
vt 0.529301 0.479569
vt 0.529301 0.424858
vt 0.379016 0.630907
vt 0.379016 0.685658
vt 0.373968 0.685658
vt 0.373968 0.630907
vt 0.364130 0.630907
vt 0.364130 0.685658
vt 0.359083 0.685658
vt 0.359083 0.630907
vt 0.349243 0.685658
vt 0.349243 0.630907
vt 0.315177 0.460775
vt 0.315177 0.515086
vt 0.310136 0.515086
vt 0.310136 0.460775
vt 0.300311 0.460775
vt 0.300311 0.515086
vt 0.295270 0.515086
vt 0.295270 0.460775
vt 0.285444 0.515086
vt 0.285444 0.460775
vt 0.584922 0.572307
vt 0.594812 0.572307
vt 0.594812 0.627370
vt 0.584922 0.627370
vt 0.599901 0.572307
vt 0.599901 0.627370
vt 0.579833 0.627370
vt 0.579833 0.572307
vt 0.569943 0.627370
vt 0.569943 0.572307
vt 0.417746 0.284026
vt 0.417746 0.338784
vt 0.412693 0.338784
vt 0.412693 0.284026
vt 0.402871 0.284026
vt 0.402871 0.338784
vt 0.397818 0.338784
vt 0.397818 0.284026
vt 0.387996 0.338784
vt 0.387996 0.284026
vt 0.472983 0.516068
vt 0.472983 0.570839
vt 0.467916 0.570839
vt 0.467916 0.516068
vt 0.458136 0.516068
vt 0.458136 0.570839
vt 0.453070 0.570839
vt 0.453070 0.516068
vt 0.443289 0.570839
vt 0.443289 0.516068
vt 0.107389 0.398393
vt 0.107389 0.453514
vt 0.102306 0.453514
vt 0.102306 0.398393
vt 0.092447 0.398393
vt 0.092447 0.453514
vt 0.087365 0.453514
vt 0.087365 0.398393
vt 0.077505 0.453514
vt 0.077505 0.398393
vt 0.341121 0.574196
vt 0.341121 0.628858
vt 0.336053 0.628858
vt 0.336053 0.574196
vt 0.326279 0.574196
vt 0.326279 0.628858
vt 0.321211 0.628858
vt 0.321211 0.574196
vt 0.311437 0.628858
vt 0.311437 0.574196
vt 0.666615 0.508034
vt 0.666615 0.563161
vt 0.661505 0.563161
vt 0.661505 0.508034
vt 0.651597 0.508034
vt 0.651597 0.563161
vt 0.646487 0.563161
vt 0.646487 0.508034
vt 0.636579 0.563161
vt 0.636579 0.508034
vt 0.527353 0.459357
vt 0.527353 0.514075
vt 0.522321 0.514075
vt 0.522321 0.459357
vt 0.512495 0.459357
vt 0.512495 0.514075
vt 0.507463 0.514075
vt 0.507463 0.459357
vt 0.497637 0.514075
vt 0.497637 0.459357
vt 0.333096 0.338847
vt 0.333096 0.393376
vt 0.328043 0.393376
vt 0.328043 0.338847
vt 0.318249 0.338847
vt 0.318249 0.393376
vt 0.313196 0.393376
vt 0.313196 0.338847
vt 0.303403 0.393376
vt 0.303403 0.338847
vt 0.286242 0.517014
vt 0.286242 0.571608
vt 0.281189 0.571608
vt 0.281189 0.517014
vt 0.271430 0.517014
vt 0.271430 0.571608
vt 0.266377 0.571608
vt 0.266377 0.517014
vt 0.256617 0.571608
vt 0.256617 0.517014
vt 0.494695 0.402647
vt 0.494695 0.457178
vt 0.489663 0.457178
vt 0.489663 0.402647
vt 0.479862 0.402647
vt 0.479862 0.457178
vt 0.474830 0.457178
vt 0.474830 0.402647
vt 0.465028 0.457178
vt 0.465028 0.402647
vt 0.409243 0.575142
vt 0.409243 0.629716
vt 0.404212 0.629716
vt 0.404212 0.575142
vt 0.394366 0.575142
vt 0.394366 0.629716
vt 0.389335 0.629716
vt 0.389335 0.575142
vt 0.379489 0.629716
vt 0.379489 0.575142
vt 0.442056 0.691872
vt 0.442056 0.746734
vt 0.436958 0.746734
vt 0.436958 0.691872
vt 0.427077 0.691872
vt 0.427077 0.746734
vt 0.421980 0.746734
vt 0.421980 0.691872
vt 0.412098 0.746734
vt 0.412098 0.691872
vt 0.372833 0.574196
vt 0.372833 0.628708
vt 0.367766 0.628708
vt 0.367766 0.574196
vt 0.357966 0.574196
vt 0.357966 0.628708
vt 0.352900 0.628708
vt 0.352900 0.574196
vt 0.343100 0.628708
vt 0.343100 0.574196
vt 0.430500 0.345936
vt 0.430500 0.400480
vt 0.425438 0.400480
vt 0.425438 0.345936
vt 0.415628 0.345936
vt 0.415628 0.400480
vt 0.410567 0.400480
vt 0.410567 0.345936
vt 0.400756 0.400480
vt 0.400756 0.345936
vt 0.440738 0.521739
vt 0.440738 0.576352
vt 0.435701 0.576352
vt 0.435701 0.521739
vt 0.425945 0.521739
vt 0.425945 0.576352
vt 0.420909 0.576352
vt 0.420909 0.521739
vt 0.411153 0.576352
vt 0.411153 0.521739
vt 0.685870 0.450378
vt 0.685870 0.505203
vt 0.680798 0.505203
vt 0.680798 0.450378
vt 0.670912 0.450378
vt 0.670912 0.505203
vt 0.665840 0.505203
vt 0.665840 0.450378
vt 0.655955 0.505203
vt 0.655955 0.450378
vt 0.031018 0.472590
vt 0.031018 0.527927
vt 0.025915 0.527927
vt 0.025915 0.472590
vt 0.015981 0.472590
vt 0.015981 0.527927
vt 0.010879 0.527927
vt 0.010879 0.472590
vt 0.000945 0.527927
vt 0.000945 0.472590
vt 0.139646 0.391777
vt 0.139646 0.446641
vt 0.134554 0.446641
vt 0.134554 0.391777
vt 0.124643 0.391777
vt 0.124643 0.446641
vt 0.119552 0.446641
vt 0.119552 0.391777
vt 0.109641 0.446641
vt 0.109641 0.391777
vt 0.094990 0.549622
vt 0.104889 0.549622
vt 0.104889 0.604514
vt 0.094990 0.604514
vt 0.109960 0.549622
vt 0.109960 0.604514
vt 0.379809 0.112949
vt 0.379809 0.167841
vt 0.374738 0.167841
vt 0.374738 0.112949
vt 0.364839 0.167841
vt 0.364839 0.112949
vt 0.444496 0.054820
vt 0.444496 0.110124
vt 0.439375 0.110124
vt 0.439375 0.054820
vt 0.429479 0.054820
vt 0.429479 0.110124
vt 0.424358 0.110124
vt 0.424358 0.054820
vt 0.414462 0.110124
vt 0.414462 0.054820
vt 0.398735 0.340737
vt 0.398735 0.395435
vt 0.393671 0.395435
vt 0.393671 0.340737
vt 0.383914 0.340737
vt 0.383914 0.395435
vt 0.378851 0.395435
vt 0.378851 0.340737
vt 0.369093 0.395435
vt 0.369093 0.340737
vt 0.409250 0.518431
vt 0.409250 0.573055
vt 0.404216 0.573055
vt 0.404216 0.518431
vt 0.394370 0.518431
vt 0.394370 0.573055
vt 0.389336 0.573055
vt 0.389336 0.518431
vt 0.379489 0.573055
vt 0.379489 0.518431
vt 0.329787 0.395558
vt 0.329787 0.450319
vt 0.324739 0.450319
vt 0.324739 0.395558
vt 0.314941 0.395558
vt 0.314941 0.450319
vt 0.309892 0.450319
vt 0.309892 0.395558
vt 0.300094 0.450319
vt 0.300094 0.395558
vt 0.490271 0.175331
vt 0.490271 0.230494
vt 0.485195 0.230494
vt 0.485195 0.175331
vt 0.475287 0.175331
vt 0.475287 0.230494
vt 0.470211 0.230494
vt 0.470211 0.175331
vt 0.460302 0.230494
vt 0.460302 0.175331
vt 0.431012 0.402647
vt 0.431012 0.457361
vt 0.425946 0.457361
vt 0.425946 0.402647
vt 0.416121 0.402647
vt 0.416121 0.457361
vt 0.411055 0.457361
vt 0.411055 0.402647
vt 0.401229 0.457361
vt 0.401229 0.402647
vt 0.448745 0.459357
vt 0.458595 0.459357
vt 0.458595 0.513914
vt 0.448745 0.513914
vt 0.463652 0.459357
vt 0.463652 0.513914
vt 0.443688 0.513914
vt 0.443688 0.459357
vt 0.433837 0.513914
vt 0.433837 0.459357
vt 0.411809 0.112949
vt 0.411809 0.168059
vt 0.406702 0.168059
vt 0.406702 0.112949
vt 0.396831 0.112949
vt 0.396831 0.168059
vt 0.391724 0.168059
vt 0.391724 0.112949
vt 0.381853 0.168059
vt 0.381853 0.112949
vt 0.266474 0.382798
vt 0.266474 0.437467
vt 0.261437 0.437467
vt 0.261437 0.382798
vt 0.251621 0.382798
vt 0.251621 0.437467
vt 0.246585 0.437467
vt 0.246585 0.382798
vt 0.236768 0.437467
vt 0.236768 0.382798
vt 0.141996 0.549622
vt 0.141996 0.604869
vt 0.136921 0.604869
vt 0.136921 0.549622
vt 0.127000 0.549622
vt 0.127000 0.604869
vt 0.121926 0.604869
vt 0.121926 0.549622
vt 0.112004 0.604869
vt 0.112004 0.549622
vt 0.481479 0.289225
vt 0.481479 0.343776
vt 0.476421 0.343776
vt 0.476421 0.289225
vt 0.466637 0.289225
vt 0.466637 0.343776
vt 0.461579 0.343776
vt 0.461579 0.289225
vt 0.451795 0.343776
vt 0.451795 0.289225
vt 0.159223 0.492911
vt 0.159223 0.547444
vt 0.154157 0.547444
vt 0.154157 0.492911
vt 0.144356 0.492911
vt 0.144356 0.547444
vt 0.139290 0.547444
vt 0.139290 0.492911
vt 0.129490 0.547444
vt 0.129490 0.492911
vt 0.277831 0.630435
vt 0.277831 0.684889
vt 0.272764 0.684889
vt 0.272764 0.630435
vt 0.262970 0.630435
vt 0.262970 0.684889
vt 0.257903 0.684889
vt 0.257903 0.630435
vt 0.248110 0.684889
vt 0.248110 0.630435
vt 0.272319 0.699906
vt 0.272319 0.755132
vt 0.267244 0.755132
vt 0.267244 0.699906
vt 0.257379 0.699906
vt 0.257379 0.755132
vt 0.252304 0.755132
vt 0.252304 0.699906
vt 0.242439 0.755132
vt 0.242439 0.699906
vt 0.410034 0.749054
vt 0.410034 0.803960
vt 0.404928 0.803960
vt 0.404928 0.749054
vt 0.394998 0.749054
vt 0.394998 0.803960
vt 0.389892 0.803960
vt 0.389892 0.749054
vt 0.379962 0.803960
vt 0.379962 0.749054
vt 0.622143 0.310964
vt 0.622143 0.366035
vt 0.617044 0.366035
vt 0.617044 0.310964
vt 0.607149 0.310964
vt 0.607149 0.366035
vt 0.602050 0.366035
vt 0.602050 0.310964
vt 0.592155 0.366035
vt 0.592155 0.310964
vt 0.472443 0.572778
vt 0.472443 0.627452
vt 0.467413 0.627452
vt 0.467413 0.572778
vt 0.457630 0.572778
vt 0.457630 0.627452
vt 0.452600 0.627452
vt 0.452600 0.572778
vt 0.442817 0.627452
vt 0.442817 0.572778
vt 0.284652 0.210775
vt 0.284652 0.265859
vt 0.279560 0.265859
vt 0.279560 0.210775
vt 0.269689 0.210775
vt 0.269689 0.265859
vt 0.264598 0.265859
vt 0.264598 0.210775
vt 0.254726 0.265859
vt 0.254726 0.210775
vt 0.632141 0.572307
vt 0.632141 0.627588
vt 0.627022 0.627588
vt 0.627022 0.572307
vt 0.617110 0.572307
vt 0.617110 0.627588
vt 0.611992 0.627588
vt 0.611992 0.572307
vt 0.602080 0.627588
vt 0.602080 0.572307
vt 0.301507 0.324669
vt 0.301507 0.379421
vt 0.296444 0.379421
vt 0.296444 0.324669
vt 0.286623 0.324669
vt 0.286623 0.379421
vt 0.281560 0.379421
vt 0.281560 0.324669
vt 0.271739 0.379421
vt 0.271739 0.324669
vt 0.346271 0.802458
vt 0.356160 0.802458
vt 0.356160 0.857660
vt 0.346271 0.857660
vt 0.361256 0.802458
vt 0.361256 0.857660
vt 0.341175 0.857660
vt 0.341175 0.802458
vt 0.331285 0.857660
vt 0.331285 0.802458
vt 0.433258 0.864366
vt 0.433258 0.921281
vt 0.428138 0.921281
vt 0.428138 0.864366
vt 0.418189 0.864366
vt 0.418189 0.921281
vt 0.413069 0.921281
vt 0.413069 0.864366
vt 0.403119 0.921281
vt 0.403119 0.864366
vt 0.501750 0.422698
vt 0.496692 0.422698
vt 0.496692 0.368147
vt 0.501750 0.368147
vt 0.511534 0.422698
vt 0.511534 0.368147
vt 0.516592 0.422698
vt 0.516592 0.368147
vt 0.526376 0.368147
vt 0.526376 0.422698
vt 0.417173 0.804302
vt 0.412098 0.804302
vt 0.412098 0.749054
vt 0.417173 0.749054
vt 0.427094 0.804302
vt 0.427094 0.749054
vt 0.432168 0.804302
vt 0.432168 0.749054
vt 0.442090 0.749054
vt 0.442090 0.804302
vt 0.479990 0.570738
vt 0.474953 0.570738
vt 0.474953 0.516068
vt 0.479990 0.516068
vt 0.489806 0.570738
vt 0.489806 0.516068
vt 0.494842 0.570738
vt 0.494842 0.516068
vt 0.504660 0.516068
vt 0.504660 0.570738
vt 0.166680 0.673730
vt 0.156808 0.673730
vt 0.156808 0.618620
vt 0.166680 0.618620
vt 0.151701 0.673730
vt 0.151701 0.618620
vt 0.171787 0.673730
vt 0.171787 0.618620
vt 0.181659 0.618620
vt 0.181659 0.673730
vt 0.197874 0.559756
vt 0.192816 0.559756
vt 0.192816 0.505199
vt 0.197874 0.505199
vt 0.207724 0.559756
vt 0.207724 0.505199
vt 0.212781 0.559756
vt 0.212781 0.505199
vt 0.222632 0.505199
vt 0.222632 0.559756
vt 0.478974 0.400650
vt 0.469149 0.400650
vt 0.469149 0.345936
vt 0.478974 0.345936
vt 0.464083 0.400650
vt 0.464083 0.345936
vt 0.484040 0.400650
vt 0.484040 0.345936
vt 0.493866 0.345936
vt 0.493866 0.400650
vt 0.225287 0.731911
vt 0.215379 0.731911
vt 0.215379 0.676748
vt 0.225287 0.676748
vt 0.210302 0.731911
vt 0.210302 0.676748
vt 0.230363 0.731911
vt 0.230363 0.676748
vt 0.240271 0.676748
vt 0.240271 0.731911
vt 0.284822 0.628485
vt 0.279773 0.628485
vt 0.279773 0.573724
vt 0.284822 0.573724
vt 0.294620 0.628485
vt 0.294620 0.573724
vt 0.299668 0.628485
vt 0.299668 0.573724
vt 0.309467 0.573724
vt 0.309467 0.628485
vt 0.229987 0.560768
vt 0.224953 0.560768
vt 0.224953 0.506143
vt 0.229987 0.506143
vt 0.239833 0.560768
vt 0.239833 0.506143
vt 0.244867 0.560768
vt 0.244867 0.506143
vt 0.254714 0.506143
vt 0.254714 0.560768
vt 0.222459 0.439508
vt 0.222459 0.494208
vt 0.217395 0.494208
vt 0.217395 0.439508
vt 0.207638 0.439508
vt 0.207638 0.494208
vt 0.202575 0.494208
vt 0.202575 0.439508
vt 0.192816 0.494208
vt 0.192816 0.439508
vt 0.075404 0.398393
vt 0.075404 0.453696
vt 0.070282 0.453696
vt 0.070282 0.398393
vt 0.060386 0.398393
vt 0.060386 0.453696
vt 0.055266 0.453696
vt 0.055266 0.398393
vt 0.045369 0.453696
vt 0.045369 0.398393
vt 0.577673 0.254253
vt 0.577673 0.309146
vt 0.572602 0.309146
vt 0.572602 0.254253
vt 0.562702 0.254253
vt 0.562702 0.309146
vt 0.557633 0.309146
vt 0.557633 0.254253
vt 0.547732 0.309146
vt 0.547732 0.254253
vt 0.718095 0.448015
vt 0.718095 0.502880
vt 0.713004 0.502880
vt 0.713004 0.448015
vt 0.703093 0.448015
vt 0.703093 0.502880
vt 0.698001 0.502880
vt 0.698001 0.448015
vt 0.688090 0.502880
vt 0.688090 0.448015
vt 0.698789 0.507561
vt 0.698789 0.562898
vt 0.693685 0.562898
vt 0.693685 0.507561
vt 0.683752 0.507561
vt 0.683752 0.562898
vt 0.678649 0.562898
vt 0.678649 0.507561
vt 0.668715 0.562898
vt 0.668715 0.507561
vt 0.292367 0.744329
vt 0.302253 0.744329
vt 0.302253 0.799154
vt 0.292367 0.799154
vt 0.307325 0.744329
vt 0.307325 0.799154
vt 0.287296 0.799154
vt 0.287296 0.744329
vt 0.277410 0.799154
vt 0.277410 0.744329
vt 0.462005 0.345936
vt 0.462005 0.400549
vt 0.456968 0.400549
vt 0.456968 0.345936
vt 0.447212 0.345936
vt 0.447212 0.400549
vt 0.442176 0.400549
vt 0.442176 0.345936
vt 0.432420 0.400549
vt 0.432420 0.345936
vt 0.236480 0.268904
vt 0.236480 0.323767
vt 0.231382 0.323767
vt 0.231382 0.268904
vt 0.221501 0.268904
vt 0.221501 0.323767
vt 0.216404 0.323767
vt 0.216404 0.268904
vt 0.206522 0.323767
vt 0.206522 0.268904
vt 0.278277 0.437372
vt 0.268431 0.437372
vt 0.268431 0.382798
vt 0.278277 0.382798
vt 0.283308 0.437372
vt 0.283308 0.382798
vt 0.293154 0.382798
vt 0.293154 0.437372
vt 0.298185 0.382798
vt 0.298185 0.437372
vt 0.239352 0.439508
vt 0.249162 0.439508
vt 0.249162 0.494052
vt 0.239352 0.494052
vt 0.254224 0.439508
vt 0.254224 0.494052
vt 0.234291 0.494052
vt 0.234291 0.439508
vt 0.224480 0.494052
vt 0.224480 0.439508
vt 0.298080 0.571525
vt 0.288279 0.571525
vt 0.288279 0.517014
vt 0.298080 0.517014
vt 0.303146 0.571525
vt 0.303146 0.517014
vt 0.312946 0.517014
vt 0.312946 0.571525
vt 0.318012 0.517014
vt 0.318012 0.571525
vt 0.443166 0.457178
vt 0.433364 0.457178
vt 0.433364 0.402647
vt 0.443166 0.402647
vt 0.448198 0.457178
vt 0.448198 0.402647
vt 0.457999 0.402647
vt 0.457999 0.457178
vt 0.463031 0.402647
vt 0.463031 0.457178
vt 0.475734 0.513952
vt 0.465973 0.513952
vt 0.465973 0.459357
vt 0.475734 0.459357
vt 0.480786 0.513952
vt 0.480786 0.459357
vt 0.490547 0.459357
vt 0.490547 0.513952
vt 0.495599 0.459357
vt 0.495599 0.513952
vt 0.344860 0.394794
vt 0.335066 0.394794
vt 0.335066 0.340265
vt 0.344860 0.340265
vt 0.349913 0.394794
vt 0.349913 0.340265
vt 0.359707 0.340265
vt 0.359707 0.394794
vt 0.364760 0.340265
vt 0.364760 0.394794
vt 0.329769 0.572204
vt 0.319943 0.572204
vt 0.319943 0.517486
vt 0.329769 0.517486
vt 0.334801 0.572204
vt 0.334801 0.517486
vt 0.344627 0.517486
vt 0.344627 0.572204
vt 0.349659 0.517486
vt 0.349659 0.572204
vt 0.915066 0.565524
vt 0.906427 0.565524
vt 0.906427 0.510397
vt 0.915066 0.510397
vt 0.920176 0.565524
vt 0.920176 0.510397
vt 0.928815 0.510397
vt 0.928815 0.565524
vt 0.933926 0.510397
vt 0.933926 0.565524
vt 0.265006 0.514964
vt 0.256617 0.514964
vt 0.256617 0.460302
vt 0.265006 0.460302
vt 0.270074 0.514964
vt 0.270074 0.460302
vt 0.278464 0.460302
vt 0.278464 0.514964
vt 0.283532 0.460302
vt 0.283532 0.514964
vt 0.296723 0.265896
vt 0.286862 0.265896
vt 0.286862 0.210775
vt 0.296723 0.210775
vt 0.301805 0.265896
vt 0.301805 0.210775
vt 0.311664 0.210775
vt 0.311664 0.265896
vt 0.316747 0.210775
vt 0.316747 0.265896
vt 0.249856 0.380858
vt 0.240075 0.380858
vt 0.240075 0.326087
vt 0.249856 0.326087
vt 0.254922 0.380858
vt 0.254922 0.326087
vt 0.264702 0.326087
vt 0.264702 0.380858
vt 0.269769 0.326087
vt 0.269769 0.380858
vt 0.592627 0.430393
vt 0.597690 0.430393
vt 0.597690 0.439110
vt 0.592627 0.439110
vt 0.607550 0.430393
vt 0.607550 0.439110
vt 0.597690 0.444171
vt 0.607550 0.444171
vt 0.597690 0.425331
vt 0.607550 0.425331
vt 0.597690 0.453162
vt 0.607550 0.453162
vt 0.706050 0.422359
vt 0.711112 0.422359
vt 0.711112 0.431076
vt 0.706050 0.431076
vt 0.721964 0.422359
vt 0.721964 0.431076
vt 0.711112 0.436137
vt 0.721964 0.436137
vt 0.711112 0.417297
vt 0.721964 0.417297
vt 0.711112 0.445127
vt 0.721964 0.445127
vt 0.729070 0.442292
vt 0.729070 0.433302
vt 0.739293 0.433302
vt 0.739293 0.442292
vt 0.729070 0.428241
vt 0.739293 0.428241
vt 0.739293 0.419524
vt 0.724008 0.419524
vt 0.729070 0.419524
vt 0.724008 0.428241
vt 0.729070 0.414462
vt 0.739293 0.414462
vt 0.565081 0.513653
vt 0.565081 0.504663
vt 0.575304 0.504663
vt 0.575304 0.513653
vt 0.565081 0.499602
vt 0.575304 0.499602
vt 0.575304 0.490885
vt 0.560019 0.490885
vt 0.565081 0.490885
vt 0.560019 0.499602
vt 0.565081 0.485822
vt 0.575304 0.485822
# 1341 polygons
usemtl initialShadingGroup
s off
g pCube176 Shack
f 3/2695/1 4/2697/2 6/2698/3 5/2696/4
f 7/2693/5 8/2692/6 2/2691/7 1/2694/8
f 7/2693/9 1/2694/10 3/2695/11 5/2696/12
f 6/2689/13 4/2690/14 2/2691/15 8/2692/16
g pCube179 Shack
f 11/2665/17 12/2667/18 14/2668/19 13/2666/20
f 15/2663/21 16/2662/22 10/2661/23 9/2664/24
f 15/2663/25 9/2664/26 11/2665/27 13/2666/28
f 14/2659/29 12/2660/30 10/2661/31 16/2662/32
g pCube332 Shack
f 19/1406/33 20/1407/34 22/1408/35 21/1409/36
f 21/1409/37 22/1408/38 24/1411/39 23/1415/40
f 23/1415/41 24/1411/42 18/1413/43 17/1414/44
f 18/1410/45 24/1411/46 22/1408/47 20/1412/48
f 23/1415/49 17/1416/50 19/1417/51 21/1409/52
g pCube134 Shack
f 25/941/53 26/938/54 28/939/55 27/940/56
f 27/948/57 28/945/58 30/944/59 29/949/60
f 31/942/61 32/943/62 26/938/63 25/941/64
f 26/938/65 32/943/66 30/944/67 28/945/68
f 31/942/69 25/941/70 27/946/71 29/947/72
g pCube158 Shack
f 33/652/73 34/654/74 36/655/75 35/653/76
f 37/650/77 38/648/78 40/647/79 39/651/80
f 34/646/81 40/647/82 38/648/83 36/649/84
f 39/651/85 33/652/86 35/653/87 37/650/88
g pCube221 Shack
f 43/2255/89 44/2253/90 46/2254/91 45/2256/92
f 47/2250/93 48/2251/94 42/2252/95 41/2247/96
f 47/2250/97 41/2247/98 43/2248/99 45/2249/100
f 46/2254/101 44/2253/102 42/2252/103 48/2251/104
g pCube341 Shack
f 49/789/105 50/790/106 52/791/107 51/786/108
f 51/786/109 52/791/110 54/788/111 53/787/112
f 55/782/113 56/783/114 50/784/115 49/785/116
f 50/792/117 56/793/118 54/788/119 52/791/120
f 55/782/121 49/785/122 51/786/123 53/787/124
g pCube234 Shack
f 59/1967/125 60/1968/126 62/1969/127 61/1970/128
f 63/1973/129 64/1972/130 58/1971/131 57/1974/132
f 63/1973/133 57/1974/134 59/1975/135 61/1976/136
f 62/1969/137 60/1968/138 58/1971/139 64/1972/140
g pCube154 Shack
f 65/917/141 66/914/142 68/915/143 67/916/144
f 67/924/145 68/921/146 70/920/147 69/925/148
f 71/918/149 72/919/150 66/914/151 65/917/152
f 66/914/153 72/919/154 70/920/155 68/921/156
f 71/918/157 65/917/158 67/922/159 69/923/160
g pCube325 Shack
f 75/1729/161 76/1731/162 78/1732/163 77/1730/164
f 79/1735/165 80/1734/166 74/1733/167 73/1736/168
f 79/1727/169 73/1728/170 75/1729/171 77/1730/172
f 78/1732/173 76/1731/174 74/1733/175 80/1734/176
g pCube343 Shack
f 81/777/177 82/778/178 84/775/179 83/779/180
f 83/779/181 84/775/182 86/774/183 85/776/184
f 87/770/185 88/771/186 82/772/187 81/773/188
f 82/772/189 88/771/190 86/774/191 84/775/192
f 87/780/193 81/781/194 83/779/195 85/776/196
g pCube104 Shack
f 89/1511/197 90/1514/198 92/1515/199 91/1512/200
f 93/1513/201 94/1516/202 96/1517/203 95/1510/204
f 90/1514/205 96/1518/206 94/1519/207 92/1515/208
f 95/1510/209 89/1511/210 91/1512/211 93/1513/212
g pCube185 Shack
f 99/2605/213 100/2607/214 102/2608/215 101/2606/216
f 103/2597/217 104/2598/218 98/2599/219 97/2600/220
f 103/2603/221 97/2604/222 99/2605/223 101/2606/224
f 102/2601/225 100/2602/226 98/2599/227 104/2598/228
g pCube338 Shack
f 107/3151/229 108/3150/230 112/3149/231 109/3153/232
f 110/3145/233 111/3146/234 106/3147/235 105/3148/236
f 109/3153/237 110/3155/238 105/3156/239 107/3151/240
f 111/3146/241 112/3149/242 108/3150/243 106/3147/244
f 110/3152/245 109/3153/246 112/3149/247 111/3154/248
g pCube191 Shack
f 115/2543/249 116/2545/250 118/2546/251 117/2544/252
f 119/2541/253 120/2540/254 114/2539/255 113/2542/256
f 119/2541/257 113/2542/258 115/2543/259 117/2544/260
f 118/2537/261 116/2538/262 114/2539/263 120/2540/264
g pCube347 Shack
f 121/765/265 122/766/266 124/763/267 123/767/268
f 123/767/269 124/763/270 126/762/271 125/764/272
f 127/758/273 128/759/274 122/760/275 121/761/276
f 122/760/277 128/759/278 126/762/279 124/763/280
f 127/768/281 121/769/282 123/767/283 125/764/284
g pCube124 Shack
f 129/1149/285 130/1148/286 132/1150/287 131/1151/288
f 131/1151/289 132/1150/290 134/1152/291 133/1153/292
f 133/1153/293 134/1152/294 136/1154/295 135/1155/296
f 135/1146/297 136/1147/298 130/1148/299 129/1149/300
g pCube310 Shack
f 139/1679/301 140/1681/302 142/1682/303 141/1680/304
f 143/1685/305 144/1684/306 138/1683/307 137/1686/308
f 143/1677/309 137/1678/310 139/1679/311 141/1680/312
f 142/1682/313 140/1681/314 138/1683/315 144/1684/316
g pCube152 Shack
f 147/1326/317 148/1325/318 150/1324/319 149/1327/320
f 146/1322/321 152/1323/322 150/1324/323 148/1325/324
f 145/1328/325 147/1326/326 149/1327/327 151/1329/328
g pCube246 Shack
f 155/2185/329 156/2183/330 158/2184/331 157/2186/332
f 159/2180/333 160/2181/334 154/2182/335 153/2177/336
f 159/2180/337 153/2177/338 155/2178/339 157/2179/340
f 158/2184/341 156/2183/342 154/2182/343 160/2181/344
g pCube350 Shack
f 163/680/345 164/684/346 166/687/347 165/681/348
f 162/685/349 168/686/350 166/687/351 164/684/352
f 167/678/353 161/679/354 163/680/355 165/681/356
f 163/680/357 161/682/358 162/683/359 164/684/360
f 167/688/361 165/681/362 166/687/363 168/689/364
g pCube278 Shack
f 171/3099/365 172/3100/366 174/3101/367 173/3102/368
f 175/3104/369 176/3105/370 170/3106/371 169/3103/372
f 175/3104/373 169/3103/374 171/3099/375 173/3102/376
f 174/3107/377 172/3108/378 170/3106/379 176/3105/380
g pCube333 Shack
f 179/1422/381 180/1423/382 182/1424/383 181/1421/384
f 181/1421/385 182/1424/386 184/1426/387 183/1418/388
f 183/1418/389 184/1426/390 178/1428/391 177/1429/392
f 178/1425/393 184/1426/394 182/1424/395 180/1427/396
f 183/1418/397 177/1419/398 179/1420/399 181/1421/400
g polySurface66 Shack
f 185/496/401 186/492/402 188/495/403 187/497/404
f 189/499/405 190/500/406 192/501/407 191/498/408
f 186/492/409 192/493/410 190/494/411 188/495/412
f 191/498/413 185/496/414 187/497/415 189/499/416
f 193/484/417 195/483/418 196/488/419 194/489/420
f 197/482/421 199/485/422 200/486/423 198/487/424
f 194/490/425 196/491/426 198/487/427 200/486/428
f 199/485/429 197/482/430 195/483/431 193/484/432
f 201/473/433 202/476/434 204/477/435 203/474/436
f 205/475/437 206/478/438 208/479/439 207/472/440
f 202/476/441 208/480/442 206/481/443 204/477/444
f 207/472/445 201/473/446 203/474/447 205/475/448
f 209/464/449 211/463/450 212/468/451 210/469/452
f 213/462/453 215/465/454 216/466/455 214/467/456
f 210/470/457 212/471/458 214/467/459 216/466/460
f 215/465/461 213/462/462 211/463/463 209/464/464
f 217/420/465 218/418/466 220/419/467 219/421/468
f 221/415/469 222/416/470 224/417/471 223/412/472
f 218/418/473 224/417/474 222/416/475 220/419/476
f 223/412/477 217/413/478 219/414/479 221/415/480
f 225/405/481 227/404/482 228/406/483 226/407/484
f 229/410/485 231/411/486 232/409/487 230/408/488
f 226/407/489 228/406/490 230/408/491 232/409/492
f 231/402/493 229/403/494 227/404/495 225/405/496
f 233/288/497 234/290/498 236/291/499 235/289/500
f 237/286/501 238/284/502 240/283/503 239/287/504
f 234/282/505 240/283/506 238/284/507 236/285/508
f 239/287/509 233/288/510 235/289/511 237/286/512
f 241/399/513 243/398/514 244/400/515 242/401/516
f 245/397/517 247/396/518 248/395/519 246/394/520
f 242/392/521 244/393/522 246/394/523 248/395/524
f 247/396/525 245/397/526 243/398/527 241/399/528
f 249/296/529 250/292/530 252/295/531 251/297/532
f 253/299/533 254/300/534 256/301/535 255/298/536
f 250/292/537 256/293/538 254/294/539 252/295/540
f 255/298/541 249/296/542 251/297/543 253/299/544
f 257/389/545 259/388/546 260/390/547 258/391/548
f 261/387/549 263/386/550 264/385/551 262/384/552
f 258/382/553 260/383/554 262/384/555 264/385/556
f 263/386/557 261/387/558 259/388/559 257/389/560
f 265/316/561 266/312/562 268/315/563 267/317/564
f 269/319/565 270/320/566 272/321/567 271/318/568
f 266/312/569 272/313/570 270/314/571 268/315/572
f 271/318/573 265/316/574 267/317/575 269/319/576
f 273/364/577 275/363/578 276/368/579 274/369/580
f 277/362/581 279/365/582 280/366/583 278/367/584
f 274/369/585 276/368/586 278/370/587 280/371/588
f 279/365/589 277/362/590 275/363/591 273/364/592
f 281/456/593 282/458/594 284/459/595 283/457/596
f 285/452/597 286/453/598 288/454/599 287/455/600
f 282/458/601 288/460/602 286/461/603 284/459/604
f 287/455/605 281/456/606 283/457/607 285/452/608
f 289/445/609 291/442/610 292/443/611 290/444/612
f 293/446/613 295/447/614 296/448/615 294/449/616
f 290/450/617 292/451/618 294/449/619 296/448/620
f 295/447/621 293/446/622 291/442/623 289/445/624
f 297/426/625 298/422/626 300/425/627 299/427/628
f 301/429/629 302/430/630 304/431/631 303/428/632
f 298/422/633 304/423/634 302/424/635 300/425/636
f 303/428/637 297/426/638 299/427/639 301/429/640
f 305/435/641 307/432/642 308/433/643 306/434/644
f 309/436/645 311/437/646 312/438/647 310/439/648
f 306/440/649 308/441/650 310/439/651 312/438/652
f 311/437/653 309/436/654 307/432/655 305/435/656
f 313/338/657 314/340/658 316/341/659 315/339/660
f 317/336/661 318/334/662 320/333/663 319/337/664
f 314/332/665 320/333/666 318/334/667 316/335/668
f 319/337/669 313/338/670 315/339/671 317/336/672
f 321/349/673 323/348/674 324/350/675 322/351/676
f 325/347/677 327/346/678 328/345/679 326/344/680
f 322/342/681 324/343/682 326/344/683 328/345/684
f 327/346/685 325/347/686 323/348/687 321/349/688
f 329/326/689 330/322/690 332/325/691 331/327/692
f 333/329/693 334/330/694 336/331/695 335/328/696
f 330/322/697 336/323/698 334/324/699 332/325/700
f 335/328/701 329/326/702 331/327/703 333/329/704
f 337/357/705 339/356/706 340/358/707 338/359/708
f 341/355/709 343/352/710 344/353/711 342/354/712
f 338/359/713 340/358/714 342/360/715 344/361/716
f 343/352/717 341/355/718 339/356/719 337/357/720
f 345/306/721 346/302/722 348/305/723 347/307/724
f 349/309/725 350/310/726 352/311/727 351/308/728
f 346/302/729 352/303/730 350/304/731 348/305/732
f 351/308/733 345/306/734 347/307/735 349/309/736
f 353/379/737 355/378/738 356/380/739 354/381/740
f 357/377/741 359/376/742 360/375/743 358/374/744
f 354/372/745 356/373/746 358/374/747 360/375/748
f 359/376/749 357/377/750 355/378/751 353/379/752
g pCube339 Shack
f 363/1356/753 364/1355/754 366/1358/755 365/1359/756
f 365/1360/757 366/1361/758 368/1362/759 367/1363/760
f 367/1363/761 368/1362/762 362/1354/763 361/1357/764
f 362/1354/765 368/1362/766 366/1364/767 364/1365/768
f 367/1363/769 361/1357/770 363/1366/771 365/1367/772
f 371/1373/773 373/1375/774 374/1376/775 372/1368/776
f 373/1380/777 375/1377/778 376/1374/779 374/1381/780
f 375/1377/781 369/1372/782 370/1371/783 376/1374/784
f 370/1371/785 372/1368/786 374/1369/787 376/1370/788
f 375/1377/789 373/1378/790 371/1379/791 369/1372/792
f 372/1368/793 370/1371/794 369/1372/795 371/1373/796
f 362/1354/797 364/1355/798 363/1356/799 361/1357/800
g pCube249 Shack
f 379/2215/801 380/2213/802 382/2214/803 381/2216/804
f 383/2210/805 384/2211/806 378/2212/807 377/2207/808
f 383/2210/809 377/2207/810 379/2208/811 381/2209/812
f 382/2214/813 380/2213/814 378/2212/815 384/2211/816
g pCube172 Shack
f 387/2735/817 388/2737/818 390/2738/819 389/2736/820
f 391/2733/821 392/2732/822 386/2731/823 385/2734/824
f 391/2733/825 385/2734/826 387/2735/827 389/2736/828
f 390/2729/829 388/2730/830 386/2731/831 392/2732/832
g pCube197 Shack
f 395/2483/833 396/2485/834 398/2486/835 397/2484/836
f 399/2481/837 400/2480/838 394/2479/839 393/2482/840
f 399/2481/841 393/2482/842 395/2483/843 397/2484/844
f 398/2477/845 396/2478/846 394/2479/847 400/2480/848
g pCube351 Shack
f 401/753/849 402/754/850 404/751/851 403/755/852
f 403/755/853 404/751/854 406/750/855 405/752/856
f 407/746/857 408/747/858 402/748/859 401/749/860
f 402/748/861 408/747/862 406/750/863 404/751/864
f 407/756/865 401/757/866 403/755/867 405/752/868
g pCube214 Shack
f 411/2315/869 412/2313/870 414/2314/871 413/2316/872
f 415/2310/873 416/2311/874 410/2312/875 409/2307/876
f 415/2310/877 409/2307/878 411/2308/879 413/2309/880
f 414/2314/881 412/2313/882 410/2312/883 416/2311/884
g pCube118 Shack
f 417/1016/885 418/1010/886 420/1013/887 419/1017/888
f 421/1014/889 422/1012/890 424/1011/891 423/1015/892
f 418/1010/893 424/1011/894 422/1012/895 420/1013/896
f 423/1018/897 417/1016/898 419/1017/899 421/1019/900
g pCube129 Shack
f 425/1005/901 426/1002/902 428/1003/903 427/1004/904
f 427/1006/905 428/1008/906 430/1009/907 429/1007/908
f 431/998/909 432/999/910 426/1002/911 425/1005/912
f 426/1002/913 432/999/914 430/1000/915 428/1001/916
f 431/998/917 425/1005/918 427/1006/919 429/1007/920
g pCube284 Shack
f 435/3039/921 436/3040/922 438/3041/923 437/3042/924
f 439/3044/925 440/3045/926 434/3046/927 433/3043/928
f 439/3044/929 433/3043/930 435/3039/931 437/3042/932
f 438/3047/933 436/3048/934 434/3046/935 440/3045/936
g pCube225 Shack
f 443/2067/937 444/2068/938 446/2069/939 445/2070/940
f 447/2073/941 448/2072/942 442/2071/943 441/2074/944
f 447/2073/945 441/2074/946 443/2075/947 445/2076/948
f 446/2069/949 444/2068/950 442/2071/951 448/2072/952
s 1
g polySurface76 Shack
f 458/1475/953 459/1/954 454/1473/955 453/1474/956
s 2
f 456/1484/957 461/2/958 462/1487/959 457/1488/960
s 3
f 455/1480/961 460/1479/962 467/1482/963 468/1483/964
s 4
f 454/1473/965 459/1/966 464/1477/967 465/1472/968
s 1
f 449/1481/969 452/1478/970 459/1/954 458/1475/953
s 4
f 463/1476/971 464/1477/967 459/1/966 452/1478/972
s 2
f 462/1487/959 461/2/958 451/1486/973 450/1489/974
s 4
f 465/1472/968 464/1477/967 460/1479/975 455/1480/976
s 3
f 461/2/977 467/1482/963 466/1485/978 451/1486/979
f 468/1483/964 467/1482/963 461/2/977 456/1484/980
s off
g pCube340 Shack
f 469/691/981 470/694/982 472/695/983 471/692/984
f 473/698/985 474/697/986 476/696/987 475/699/988
f 470/694/989 476/696/990 474/697/991 472/695/992
f 475/690/993 469/691/994 471/692/995 473/693/996
g pCube306 Shack
f 479/1827/997 480/1828/998 482/1829/999 481/1830/1000
f 483/1833/1001 484/1832/1002 478/1831/1003 477/1834/1004
f 483/1833/1005 477/1834/1006 479/1835/1007 481/1836/1008
f 482/1829/1009 480/1828/1010 478/1831/1011 484/1832/1012
g pCube241 Shack
f 487/1995/1013 488/1991/1014 490/1992/1015 489/1996/1016
f 491/1987/1017 492/1988/1018 486/1989/1019 485/1990/1020
f 491/1987/1021 485/1990/1022 487/1993/1023 489/1994/1024
f 490/1992/1025 488/1991/1026 486/1989/1027 492/1988/1028
g pCube170 Shack
f 495/2755/1029 496/2757/1030 498/2758/1031 497/2756/1032
f 499/2753/1033 500/2752/1034 494/2751/1035 493/2754/1036
f 499/2753/1037 493/2754/1038 495/2755/1039 497/2756/1040
f 498/2749/1041 496/2750/1042 494/2751/1043 500/2752/1044
g pCube318 Shack
f 503/1865/1045 504/1863/1046 506/1864/1047 505/1866/1048
f 507/1860/1049 508/1861/1050 502/1862/1051 501/1857/1052
f 507/1860/1053 501/1857/1054 503/1858/1055 505/1859/1056
f 506/1864/1057 504/1863/1058 502/1862/1059 508/1861/1060
g pCube228 Shack
f 511/2355/1061 512/2353/1062 514/2354/1063 513/2356/1064
f 515/2350/1065 516/2351/1066 510/2352/1067 509/2347/1068
f 515/2350/1069 509/2347/1070 511/2348/1071 513/2349/1072
f 514/2354/1073 512/2353/1074 510/2352/1075 516/2351/1076
g pCube242 Shack
f 519/1937/1077 520/1938/1078 522/1939/1079 521/1940/1080
f 523/1943/1081 524/1942/1082 518/1941/1083 517/1944/1084
f 523/1943/1085 517/1944/1086 519/1945/1087 521/1946/1088
f 522/1939/1089 520/1938/1090 518/1941/1091 524/1942/1092
g pCube161 Shack
f 525/606/1093 526/607/1094 528/608/1095 527/609/1096
f 529/611/1097 530/612/1098 532/613/1099 531/610/1100
f 526/614/1101 532/613/1102 530/612/1103 528/615/1104
f 531/610/1105 525/606/1106 527/609/1107 529/611/1108
g pCube142 Shack
f 535/1242/1109 536/1243/1110 538/1244/1111 537/1245/1112
f 534/1246/1113 540/1247/1114 538/1244/1115 536/1243/1116
f 533/1248/1117 535/1242/1118 537/1245/1119 539/1249/1120
g pCube208 Shack
f 543/2373/1121 544/2375/1122 546/2376/1123 545/2374/1124
f 547/2371/1125 548/2370/1126 542/2369/1127 541/2372/1128
f 547/2371/1129 541/2372/1130 543/2373/1131 545/2374/1132
f 546/2367/1133 544/2368/1134 542/2369/1135 548/2370/1136
g pCube232 Shack
f 551/1965/1137 552/1963/1138 554/1964/1139 553/1966/1140
f 555/1960/1141 556/1961/1142 550/1962/1143 549/1957/1144
f 555/1960/1145 549/1957/1146 551/1958/1147 553/1959/1148
f 554/1964/1149 552/1963/1150 550/1962/1151 556/1961/1152
g pCube248 Shack
f 559/2195/1153 560/2193/1154 562/2194/1155 561/2196/1156
f 563/2190/1157 564/2191/1158 558/2192/1159 557/2187/1160
f 563/2190/1161 557/2187/1162 559/2188/1163 561/2189/1164
f 562/2194/1165 560/2193/1166 558/2192/1167 564/2191/1168
g pCube254 Shack
f 567/2105/1169 568/2103/1170 570/2104/1171 569/2106/1172
f 571/2100/1173 572/2101/1174 566/2102/1175 565/2097/1176
f 571/2100/1177 565/2097/1178 567/2098/1179 569/2099/1180
f 570/2104/1181 568/2103/1182 566/2102/1183 572/2101/1184
g pCube157 Shack
f 573/662/1185 574/664/1186 576/665/1187 575/663/1188
f 577/660/1189 578/658/1190 580/657/1191 579/661/1192
f 574/656/1193 580/657/1194 578/658/1195 576/659/1196
f 579/661/1197 573/662/1198 575/663/1199 577/660/1200
g pCube291 Shack
f 583/2925/1201 584/2927/1202 586/2928/1203 585/2926/1204
f 587/2923/1205 588/2922/1206 582/2921/1207 581/2924/1208
f 587/2923/1209 581/2924/1210 583/2925/1211 585/2926/1212
f 586/2919/1213 584/2920/1214 582/2921/1215 588/2922/1216
g pCube304 Shack
f 591/1709/1217 592/1711/1218 594/1712/1219 593/1710/1220
f 595/1715/1221 596/1714/1222 590/1713/1223 589/1716/1224
f 595/1707/1225 589/1708/1226 591/1709/1227 593/1710/1228
f 594/1712/1229 592/1711/1230 590/1713/1231 596/1714/1232
g pCube146 Shack
f 599/1274/1233 600/1275/1234 602/1276/1235 601/1277/1236
f 598/1278/1237 604/1279/1238 602/1276/1239 600/1275/1240
f 597/1280/1241 599/1274/1242 601/1277/1243 603/1281/1244
g pCube282 Shack
f 607/3059/1245 608/3060/1246 610/3061/1247 609/3062/1248
f 611/3064/1249 612/3065/1250 606/3066/1251 605/3063/1252
f 611/3064/1253 605/3063/1254 607/3059/1255 609/3062/1256
f 610/3067/1257 608/3068/1258 606/3066/1259 612/3065/1260
g pCube206 Shack
f 615/2393/1261 616/2395/1262 618/2396/1263 617/2394/1264
f 619/2391/1265 620/2390/1266 614/2389/1267 613/2392/1268
f 619/2391/1269 613/2392/1270 615/2393/1271 617/2394/1272
f 618/2387/1273 616/2388/1274 614/2389/1275 620/2390/1276
g pCube186 Shack
f 623/2593/1277 624/2595/1278 626/2596/1279 625/2594/1280
f 627/2591/1281 628/2590/1282 622/2589/1283 621/2592/1284
f 627/2591/1285 621/2592/1286 623/2593/1287 625/2594/1288
f 626/2587/1289 624/2588/1290 622/2589/1291 628/2590/1292
g pCube107 Shack
f 629/512/1293 630/514/1294 632/515/1295 631/513/1296
f 633/510/1297 634/508/1298 636/507/1299 635/511/1300
f 630/506/1301 636/507/1302 634/508/1303 632/509/1304
f 635/511/1305 629/512/1306 631/513/1307 633/510/1308
g pCube277 Shack
f 639/2945/1309 640/2947/1310 642/2948/1311 641/2946/1312
f 643/2943/1313 644/2942/1314 638/2941/1315 637/2944/1316
f 643/2943/1317 637/2944/1318 639/2945/1319 641/2946/1320
f 642/2939/1321 640/2940/1322 638/2941/1323 644/2942/1324
g pCube183 Shack
f 647/2625/1325 648/2627/1326 650/2628/1327 649/2626/1328
f 651/2623/1329 652/2622/1330 646/2621/1331 645/2624/1332
f 651/2623/1333 645/2624/1334 647/2625/1335 649/2626/1336
f 650/2619/1337 648/2620/1338 646/2621/1339 652/2622/1340
g pCube354 Shack
f 653/845/1341 654/842/1342 656/843/1343 655/844/1344
f 655/852/1345 656/849/1346 658/848/1347 657/853/1348
f 659/846/1349 660/847/1350 654/842/1351 653/845/1352
f 654/842/1353 660/847/1354 658/848/1355 656/849/1356
f 659/846/1357 653/845/1358 655/850/1359 657/851/1360
g pCube211 Shack
f 663/1925/1361 664/1923/1362 666/1924/1363 665/1926/1364
f 667/1920/1365 668/1921/1366 662/1922/1367 661/1917/1368
f 667/1920/1369 661/1917/1370 663/1918/1371 665/1919/1372
f 666/1924/1373 664/1923/1374 662/1922/1375 668/1921/1376
g pCube105 Shack
f 669/1521/1377 670/1524/1378 672/1525/1379 671/1522/1380
f 673/1528/1381 674/1527/1382 676/1526/1383 675/1529/1384
f 670/1524/1385 676/1526/1386 674/1527/1387 672/1525/1388
f 675/1520/1389 669/1521/1390 671/1522/1391 673/1523/1392
g pCube148 Shack
f 679/1290/1393 680/1291/1394 682/1292/1395 681/1293/1396
f 678/1294/1397 684/1295/1398 682/1292/1399 680/1291/1400
f 677/1296/1401 679/1290/1402 681/1293/1403 683/1297/1404
g pCube219 Shack
f 687/2285/1405 688/2281/1406 690/2282/1407 689/2286/1408
f 691/2277/1409 692/2278/1410 686/2279/1411 685/2280/1412
f 691/2277/1413 685/2280/1414 687/2283/1415 689/2284/1416
f 690/2282/1417 688/2281/1418 686/2279/1419 692/2278/1420
g pCube305 Shack
f 695/1805/1421 696/1803/1422 698/1804/1423 697/1806/1424
f 699/1800/1425 700/1801/1426 694/1802/1427 693/1797/1428
f 699/1800/1429 693/1797/1430 695/1798/1431 697/1799/1432
f 698/1804/1433 696/1803/1434 694/1802/1435 700/1801/1436
g pCube295 Shack
f 703/2859/1437 704/2860/1438 706/2861/1439 705/2862/1440
f 707/2866/1441 708/2867/1442 702/2868/1443 701/2865/1444
f 707/2866/1445 701/2865/1446 703/2859/1447 705/2862/1448
f 706/2861/1449 704/2860/1450 702/2863/1451 708/2864/1452
g pCube240 Shack
f 711/2005/1453 712/2003/1454 714/2004/1455 713/2006/1456
f 715/2000/1457 716/2001/1458 710/2002/1459 709/1997/1460
f 715/2000/1461 709/1997/1462 711/1998/1463 713/1999/1464
f 714/2004/1465 712/2003/1466 710/2002/1467 716/2001/1468
g pCube223 Shack
f 719/2225/1469 720/2221/1470 722/2222/1471 721/2226/1472
f 723/2217/1473 724/2218/1474 718/2219/1475 717/2220/1476
f 723/2217/1477 717/2220/1478 719/2223/1479 721/2224/1480
f 722/2222/1481 720/2221/1482 718/2219/1483 724/2218/1484
g pCube149 Shack
f 727/1298/1485 728/1299/1486 730/1300/1487 729/1301/1488
f 726/1302/1489 732/1303/1490 730/1300/1491 728/1299/1492
f 725/1304/1493 727/1298/1494 729/1301/1495 731/1305/1496
g pCube287 Shack
f 735/3079/1497 736/3080/1498 738/3081/1499 737/3082/1500
f 739/3084/1501 740/3085/1502 734/3086/1503 733/3083/1504
f 739/3084/1505 733/3083/1506 735/3079/1507 737/3082/1508
f 738/3087/1509 736/3088/1510 734/3086/1511 740/3085/1512
s 1
g pCylinder1 Shack
f 741/228/1513 742/232/1514 754/233/1515 753/229/1516
f 742/232/1514 743/236/1517 755/237/1518 754/233/1515
f 743/236/1517 744/238/1519 756/239/1520 755/237/1518
f 744/238/1519 745/240/1521 757/241/1522 756/239/1520
f 745/234/1521 746/230/1523 758/231/1524 757/235/1522
f 746/230/1523 747/226/1525 759/227/1526 758/231/1524
f 747/226/1525 748/222/1527 760/223/1528 759/227/1526
f 748/222/1527 749/216/1529 761/219/1530 760/223/1528
f 749/216/1529 750/217/1531 762/218/1532 761/219/1530
f 750/217/1531 751/220/1533 763/221/1534 762/218/1532
f 751/220/1533 752/224/1535 764/225/1536 763/221/1534
f 752/224/1535 741/228/1513 753/229/1516 764/225/1536
f 801/25/1537 814/38/1538 815/39/1539 812/36/1540
f 777/3/1541 778/4/1542 779/5/1543 780/6/1544
f 778/4/1542 781/7/1545 782/8/1546 779/5/1543
f 781/7/1545 783/9/1547 784/10/1548 782/8/1546
f 783/9/1547 785/214/1549 786/212/1550 784/10/1548
f 785/189/1549 787/11/1551 788/12/1552 786/188/1550
f 787/11/1551 789/13/1553 790/14/1554 788/12/1552
f 789/13/1553 791/15/1555 792/16/1556 790/14/1554
f 791/15/1555 793/17/1557 794/18/1558 792/16/1556
f 793/17/1557 795/19/1559 796/20/1560 794/18/1558
f 795/19/1559 797/21/1561 798/22/1562 796/20/1560
f 797/21/1561 799/23/1563 800/24/1564 798/22/1562
f 799/23/1563 777/3/1541 780/6/1544 800/24/1564
f 764/206/1536 753/208/1516 778/4/1542 777/3/1541
f 766/205/1565 765/203/1566 780/6/1544 779/5/1543
f 753/208/1516 754/210/1515 781/7/1545 778/4/1542
f 767/207/1567 766/205/1565 779/5/1543 782/8/1546
f 754/210/1515 755/213/1518 783/9/1547 781/7/1545
f 768/209/1568 767/207/1567 782/8/1546 784/10/1548
f 755/213/1518 756/215/1520 785/214/1549 783/9/1547
f 769/211/1569 768/209/1568 784/10/1548 786/212/1550
f 756/191/1520 757/192/1522 787/11/1551 785/189/1549
f 770/186/1570 769/187/1569 786/188/1550 788/12/1552
f 757/192/1522 758/194/1524 789/13/1553 787/11/1551
f 771/190/1571 770/186/1570 788/12/1552 790/14/1554
f 758/194/1524 759/196/1526 791/15/1555 789/13/1553
f 772/193/1572 771/190/1571 790/14/1554 792/16/1556
f 759/196/1526 760/198/1528 793/17/1557 791/15/1555
f 773/195/1573 772/193/1572 792/16/1556 794/18/1558
f 760/198/1528 761/200/1530 795/19/1559 793/17/1557
f 774/197/1574 773/195/1573 794/18/1558 796/20/1560
f 761/200/1530 762/202/1532 797/21/1561 795/19/1559
f 775/199/1575 774/197/1574 796/20/1560 798/22/1562
f 762/202/1532 763/204/1534 799/23/1563 797/21/1561
f 776/201/1576 775/199/1575 798/22/1562 800/24/1564
f 763/204/1534 764/206/1536 777/3/1541 799/23/1563
f 765/203/1566 776/201/1576 800/24/1564 780/6/1544
f 765/150/1566 766/151/1565 802/26/1577 801/25/1537
f 766/151/1565 767/155/1567 803/27/1578 802/26/1577
f 767/155/1567 768/152/1568 804/28/1579 803/27/1578
f 768/152/1568 769/153/1569 805/29/1580 804/28/1579
f 769/153/1569 770/148/1570 806/30/1581 805/29/1580
f 770/148/1570 771/149/1571 807/31/1582 806/30/1581
f 771/149/1571 772/154/1572 808/32/1583 807/31/1582
f 772/154/1572 773/157/1573 809/33/1584 808/32/1583
f 773/157/1573 774/158/1574 810/34/1585 809/33/1584
f 774/158/1574 775/159/1575 811/35/1586 810/34/1585
f 775/159/1575 776/156/1576 812/36/1540 811/35/1586
f 776/156/1576 765/150/1566 801/25/1537 812/36/1540
f 801/25/1537 802/26/1577 813/37/1587 814/38/1538
f 812/36/1540 815/39/1539 810/34/1585 811/35/1586
f 804/28/1579 813/37/1587 802/26/1577 803/27/1578
f 806/30/1581 813/37/1587 804/28/1579 805/29/1580
f 814/38/1538 813/37/1587 806/30/1581 807/31/1582
f 815/39/1539 814/38/1538 807/31/1582 808/32/1583
f 810/34/1585 815/39/1539 808/32/1583 809/33/1584
s off
g pCube150 Shack
f 818/1306/1588 819/1307/1589 821/1308/1590 820/1309/1591
f 817/1310/1592 823/1311/1593 821/1308/1594 819/1307/1595
f 816/1312/1596 818/1306/1597 820/1309/1598 822/1313/1599
g pCube342 Shack
f 824/717/1600 825/718/1601 827/715/1602 826/719/1603
f 826/719/1604 827/715/1605 829/714/1606 828/716/1607
f 830/710/1608 831/711/1609 825/712/1610 824/713/1611
f 825/712/1612 831/711/1613 829/714/1614 827/715/1615
f 830/720/1616 824/721/1617 826/719/1618 828/716/1619
g pCube165 Shack
f 834/2805/1620 835/2807/1621 837/2808/1622 836/2806/1623
f 838/2803/1624 839/2802/1625 833/2801/1626 832/2804/1627
f 838/2803/1628 832/2804/1629 834/2805/1630 836/2806/1631
f 837/2799/1632 835/2800/1633 833/2801/1634 839/2802/1635
g pCube162 Shack
f 840/1394/1636 841/1403/1637 843/1404/1638 842/1405/1639
f 844/1398/1640 845/1399/1641 847/1400/1642 846/1397/1643
f 841/1403/1644 847/1400/1645 845/1401/1646 843/1402/1647
f 846/1397/1648 840/1394/1649 842/1395/1650 844/1396/1651
f 840/1394/1652 846/1397/1653 847/1400/1654 841/1403/1655
g pCube198 Shack
f 850/2473/1656 851/2475/1657 853/2476/1658 852/2474/1659
f 854/2471/1660 855/2470/1661 849/2469/1662 848/2472/1663
f 854/2471/1664 848/2472/1665 850/2473/1666 852/2474/1667
f 853/2467/1668 851/2468/1669 849/2469/1670 855/2470/1671
g pCube273 Shack
f 858/2999/1672 859/3000/1673 861/3001/1674 860/3002/1675
f 862/3004/1676 863/3005/1677 857/3006/1678 856/3003/1679
f 862/3004/1680 856/3003/1681 858/2999/1682 860/3002/1683
f 861/3007/1684 859/3008/1685 857/3006/1686 863/3005/1687
g polySurface70 Shack
f 874/40/1688 875/41/1689 876/42/1690 877/43/1691
f 878/44/1692 879/45/1693 880/46/1694 881/47/1695
f 882/48/1696 878/44/1697 881/47/1698 883/49/1699
f 875/41/1700 882/48/1701 883/49/1702 876/42/1703
f 864/1663/1704 872/1653/1705 875/41/1706 874/40/1707
f 873/1656/1708 866/1665/1709 877/43/1710 876/42/1711
f 866/1666/1712 864/1664/1713 874/40/1714 877/43/1715
f 868/1657/1716 865/1661/1717 879/45/1718 878/44/1719
f 865/1662/1720 867/1659/1721 880/46/1722 879/45/1723
f 867/1660/1724 869/1658/1725 881/47/1726 880/46/1727
f 870/1654/1728 868/1657/1729 878/44/1730 882/48/1731
f 869/1658/1732 871/1655/1733 883/49/1734 881/47/1735
f 872/1653/1736 870/1654/1737 882/48/1738 875/41/1739
f 871/1655/1740 873/1656/1741 876/42/1742 883/49/1743
f 870/1645/1744 871/1644/1745 869/1649/1746 868/1650/1747
f 868/1650/1748 869/1649/1749 867/1651/1750 865/1652/1751
f 872/1646/1752 864/1647/1753 866/1648/1754 873/1643/1755
f 872/1646/1756 873/1643/1757 871/1644/1758 870/1645/1759
g pCube296 Shack
f 886/2903/1760 887/2899/1761 889/2902/1762 888/2904/1763
f 890/2906/1764 891/2907/1765 885/2908/1766 884/2905/1767
f 890/2906/1768 884/2905/1769 886/2903/1770 888/2904/1771
f 889/2902/1772 887/2899/1773 885/2900/1774 891/2901/1775
g pCube192 Shack
f 894/2533/1776 895/2535/1777 897/2536/1778 896/2534/1779
f 898/2531/1780 899/2530/1781 893/2529/1782 892/2532/1783
f 898/2531/1784 892/2532/1785 894/2533/1786 896/2534/1787
f 897/2527/1788 895/2528/1789 893/2529/1790 899/2530/1791
g pCube269 Shack
f 902/2853/1792 903/2849/1793 905/2852/1794 904/2854/1795
f 906/2856/1796 907/2857/1797 901/2858/1798 900/2855/1799
f 906/2856/1800 900/2855/1801 902/2853/1802 904/2854/1803
f 905/2852/1804 903/2849/1805 901/2850/1806 907/2851/1807
g pCube336 Shack
f 910/3139/1808 911/3138/1809 915/3137/1810 912/3141/1811
f 913/3133/1812 914/3134/1813 909/3135/1814 908/3136/1815
f 912/3141/1816 913/3143/1817 908/3144/1818 910/3139/1819
f 914/3134/1820 915/3137/1821 911/3138/1822 909/3135/1823
f 913/3140/1824 912/3141/1825 915/3137/1826 914/3142/1827
g pCube327 Shack
f 918/2357/1828 919/2358/1829 921/2359/1830 920/2360/1831
f 922/2365/1832 923/2362/1833 917/2361/1834 916/2366/1835
f 922/2363/1836 916/2364/1837 918/2357/1838 920/2360/1839
f 921/2359/1840 919/2358/1841 917/2361/1842 923/2362/1843
g pCube315 Shack
f 926/1770/1844 927/1771/1845 931/1772/1846 928/1767/1847
f 929/1775/1848 930/1773/1849 925/1774/1850 924/1776/1851
f 928/1767/1852 929/1768/1853 924/1769/1854 926/1770/1855
f 930/1773/1856 931/1772/1857 927/1771/1858 925/1774/1859
g pCube180 Shack
f 934/2655/1860 935/2657/1861 937/2658/1862 936/2656/1863
f 938/2653/1864 939/2652/1865 933/2651/1866 932/2654/1867
f 938/2653/1868 932/2654/1869 934/2655/1870 936/2656/1871
f 937/2649/1872 935/2650/1873 933/2651/1874 939/2652/1875
g pCube356 Shack
f 940/909/1876 941/906/1877 943/907/1878 942/908/1879
f 942/912/1880 943/905/1881 945/904/1882 944/913/1883
f 946/902/1884 947/903/1885 941/906/1886 940/909/1887
f 941/906/1888 947/903/1889 945/904/1890 943/905/1891
f 946/902/1892 940/909/1893 942/910/1894 944/911/1895
g polySurface75 Shack
f 950/1196/1896 952/1186/1897 953/1195/1898 951/1197/1899
f 952/1186/1900 954/1189/1901 955/1192/1902 953/1195/1903
f 954/1189/1904 948/1190/1905 949/1191/1906 955/1192/1907
f 949/1193/1908 951/1194/1909 953/1195/1910 955/1192/1911
f 954/1189/1912 952/1186/1913 950/1187/1914 948/1188/1915
g pCube109 Shack
f 956/516/1916 957/517/1917 959/518/1918 958/519/1919
f 960/523/1920 961/524/1921 963/525/1922 962/522/1923
f 957/517/1924 963/520/1925 961/521/1926 959/518/1927
f 962/522/1928 956/516/1929 958/519/1930 960/523/1931
g pCube189 Shack
f 966/2563/1932 967/2565/1933 969/2566/1934 968/2564/1935
f 970/2561/1936 971/2560/1937 965/2559/1938 964/2562/1939
f 970/2561/1940 964/2562/1941 966/2563/1942 968/2564/1943
f 969/2557/1944 967/2558/1945 965/2559/1946 971/2560/1947
g pCube346 Shack
f 972/700/1948 973/701/1949 975/702/1950 974/703/1951
f 976/707/1952 977/708/1953 979/709/1954 978/706/1955
f 973/701/1956 979/704/1957 977/705/1958 975/702/1959
f 978/706/1960 972/700/1961 974/703/1962 976/707/1963
g pCube324 Shack
f 982/1785/1964 983/1783/1965 985/1784/1966 984/1786/1967
f 986/1780/1968 987/1781/1969 981/1782/1970 980/1777/1971
f 986/1780/1972 980/1777/1973 982/1778/1974 984/1779/1975
f 985/1784/1976 983/1783/1977 981/1782/1978 987/1781/1979
g pCube283 Shack
f 990/3089/1980 991/3090/1981 993/3091/1982 992/3092/1983
f 994/3094/1984 995/3095/1985 989/3096/1986 988/3093/1987
f 994/3094/1988 988/3093/1989 990/3089/1990 992/3092/1991
f 993/3097/1992 991/3098/1993 989/3096/1994 995/3095/1995
g pCube202 Shack
f 998/2433/1996 999/2435/1997 1001/2436/1998 1000/2434/1999
f 1002/2431/2000 1003/2430/2001 997/2429/2002 996/2432/2003
f 1002/2431/2004 996/2432/2005 998/2433/2006 1000/2434/2007
f 1001/2427/2008 999/2428/2009 997/2429/2010 1003/2430/2011
g pCube297 Shack
f 1006/2985/2012 1007/2987/2013 1009/2988/2014 1008/2986/2015
f 1010/2983/2016 1011/2982/2017 1005/2981/2018 1004/2984/2019
f 1010/2983/2020 1004/2984/2021 1006/2985/2022 1008/2986/2023
f 1009/2979/2024 1007/2980/2025 1005/2981/2026 1011/2982/2027
g pCube181 Shack
f 1014/2645/2028 1015/2647/2029 1017/2648/2030 1016/2646/2031
f 1018/2643/2032 1019/2642/2033 1013/2641/2034 1012/2644/2035
f 1018/2643/2036 1012/2644/2037 1014/2645/2038 1016/2646/2039
f 1017/2639/2040 1015/2640/2041 1013/2641/2042 1019/2642/2043
g pCube300 Shack
f 1022/2975/2044 1023/2977/2045 1025/2978/2046 1024/2976/2047
f 1026/2969/2048 1027/2970/2049 1021/2971/2050 1020/2972/2051
f 1026/2969/2052 1020/2972/2053 1022/2975/2054 1024/2976/2055
f 1025/2973/2056 1023/2974/2057 1021/2971/2058 1027/2970/2059
g pCube312 Shack
f 1030/1885/2060 1031/1883/2061 1033/1884/2062 1032/1886/2063
f 1034/1880/2064 1035/1881/2065 1029/1882/2066 1028/1877/2067
f 1034/1880/2068 1028/1877/2069 1030/1878/2070 1032/1879/2071
f 1033/1884/2072 1031/1883/2073 1029/1882/2074 1035/1881/2075
g pCube203 Shack
f 1038/2423/2076 1039/2425/2077 1041/2426/2078 1040/2424/2079
f 1042/2417/2080 1043/2418/2081 1037/2419/2082 1036/2420/2083
f 1042/2417/2084 1036/2420/2085 1038/2423/2086 1040/2424/2087
f 1041/2421/2088 1039/2422/2089 1037/2419/2090 1043/2418/2091
g pCube222 Shack
f 1046/2235/2092 1047/2233/2093 1049/2234/2094 1048/2236/2095
f 1050/2230/2096 1051/2231/2097 1045/2232/2098 1044/2227/2099
f 1050/2230/2100 1044/2227/2101 1046/2228/2102 1048/2229/2103
f 1049/2234/2104 1047/2233/2105 1045/2232/2106 1051/2231/2107
g pCube309 Shack
f 1054/1739/2108 1055/1741/2109 1057/1742/2110 1056/1740/2111
f 1058/1745/2112 1059/1744/2113 1053/1743/2114 1052/1746/2115
f 1058/1737/2116 1052/1738/2117 1054/1739/2118 1056/1740/2119
f 1057/1742/2120 1055/1741/2121 1053/1743/2122 1059/1744/2123
g pCube153 Shack
f 1060/272/2124 1061/273/2125 1063/274/2126 1062/270/2127
f 1062/270/2128 1063/274/2129 1065/276/2130 1064/271/2131
f 1064/271/2132 1065/276/2133 1067/278/2134 1066/279/2135
f 1061/277/2136 1067/275/2137 1065/276/2138 1063/274/2139
f 1066/268/2140 1060/269/2141 1062/270/2142 1064/271/2143
f 1060/280/2144 1066/281/2145 1067/275/2146 1061/277/2147
g pCube144 Shack
f 1070/1258/2148 1071/1259/2149 1073/1260/2150 1072/1261/2151
f 1069/1262/2152 1075/1263/2153 1073/1260/2154 1071/1259/2155
f 1068/1264/2156 1070/1258/2157 1072/1261/2158 1074/1265/2159
g pCube235 Shack
f 1078/2045/2160 1079/2043/2161 1081/2044/2162 1080/2046/2163
f 1082/2040/2164 1083/2041/2165 1077/2042/2166 1076/2037/2167
f 1082/2040/2168 1076/2037/2169 1078/2038/2170 1080/2039/2171
f 1081/2044/2172 1079/2043/2173 1077/2042/2174 1083/2041/2175
g pCube137 Shack
f 1086/1230/2176 1087/1233/2177 1089/1236/2178 1088/1238/2179
f 1085/1234/2180 1091/1235/2181 1089/1236/2182 1087/1233/2183
f 1090/1240/2184 1084/1241/2185 1086/1230/2186 1088/1238/2187
f 1086/1230/2188 1084/1231/2189 1085/1232/2190 1087/1233/2191
f 1090/1237/2192 1088/1238/2193 1089/1236/2194 1091/1239/2195
g pCube126 Shack
f 1092/1169/2196 1093/1168/2197 1095/1170/2198 1094/1171/2199
f 1094/1171/2200 1095/1170/2201 1097/1172/2202 1096/1173/2203
f 1096/1173/2204 1097/1172/2205 1099/1174/2206 1098/1175/2207
f 1098/1166/2208 1099/1167/2209 1093/1168/2210 1092/1169/2211
g pCube175 Shack
f 1102/2705/2212 1103/2707/2213 1105/2708/2214 1104/2706/2215
f 1106/2703/2216 1107/2702/2217 1101/2701/2218 1100/2704/2219
f 1106/2703/2220 1100/2704/2221 1102/2705/2222 1104/2706/2223
f 1105/2699/2224 1103/2700/2225 1101/2701/2226 1107/2702/2227
g pCube114 Shack
f 1108/602/2228 1109/604/2229 1111/605/2230 1110/603/2231
f 1112/600/2232 1113/598/2233 1115/597/2234 1114/601/2235
f 1109/596/2236 1115/597/2237 1113/598/2238 1111/599/2239
f 1114/601/2240 1108/602/2241 1110/603/2242 1112/600/2243
g pCube244 Shack
f 1118/2165/2244 1119/2163/2245 1121/2164/2246 1120/2166/2247
f 1122/2160/2248 1123/2161/2249 1117/2162/2250 1116/2157/2251
f 1122/2160/2252 1116/2157/2253 1118/2158/2254 1120/2159/2255
f 1121/2164/2256 1119/2163/2257 1117/2162/2258 1123/2161/2259
g pCube348 Shack
f 1124/741/2260 1125/742/2261 1127/739/2262 1126/743/2263
f 1126/743/2264 1127/739/2265 1129/738/2266 1128/740/2267
f 1130/734/2268 1131/735/2269 1125/736/2270 1124/737/2271
f 1125/736/2272 1131/735/2273 1129/738/2274 1127/739/2275
f 1130/744/2276 1124/745/2277 1126/743/2278 1128/740/2279
g pCube210 Shack
f 1134/1905/2280 1135/1903/2281 1137/1904/2282 1136/1906/2283
f 1138/1900/2284 1139/1901/2285 1133/1902/2286 1132/1897/2287
f 1138/1900/2288 1132/1897/2289 1134/1898/2290 1136/1899/2291
f 1137/1904/2292 1135/1903/2293 1133/1902/2294 1139/1901/2295
g pCube349 Shack
f 1140/801/2296 1141/802/2297 1143/799/2298 1142/803/2299
f 1142/803/2300 1143/799/2301 1145/798/2302 1144/800/2303
f 1146/794/2304 1147/795/2305 1141/796/2306 1140/797/2307
f 1141/796/2308 1147/795/2309 1145/798/2310 1143/799/2311
f 1146/804/2312 1140/805/2313 1142/803/2314 1144/800/2315
g pCube290 Shack
f 1150/2913/2316 1151/2909/2317 1153/2912/2318 1152/2914/2319
f 1154/2916/2320 1155/2917/2321 1149/2918/2322 1148/2915/2323
f 1154/2916/2324 1148/2915/2325 1150/2913/2326 1152/2914/2327
f 1153/2912/2328 1151/2909/2329 1149/2910/2330 1155/2911/2331
g pCube216 Shack
f 1158/2337/2332 1159/2338/2333 1161/2339/2334 1160/2340/2335
f 1162/2343/2336 1163/2342/2337 1157/2341/2338 1156/2344/2339
f 1162/2343/2340 1156/2344/2341 1158/2345/2342 1160/2346/2343
f 1161/2339/2344 1159/2338/2345 1157/2341/2346 1163/2342/2347
g pCube199 Shack
f 1166/2463/2348 1167/2465/2349 1169/2466/2350 1168/2464/2351
f 1170/2461/2352 1171/2460/2353 1165/2459/2354 1164/2462/2355
f 1170/2461/2356 1164/2462/2357 1166/2463/2358 1168/2464/2359
f 1169/2457/2360 1167/2458/2361 1165/2459/2362 1171/2460/2363
g pCube151 Shack
f 1174/1314/2364 1175/1315/2365 1177/1316/2366 1176/1317/2367
f 1173/1318/2368 1179/1319/2369 1177/1316/2370 1175/1315/2371
f 1172/1320/2372 1174/1314/2373 1176/1317/2374 1178/1321/2375
g polySurface72 Shack
f 1180/1498/2376 1189/1494/2377 1191/1495/2378 1190/1499/2379
f 1195/1508/2380 1196/1504/2381 1188/1505/2382 1182/1509/2383
f 1184/1502/2384 1198/1501/2385 1199/1506/2386 1183/1507/2387
f 1193/1492/2388 1185/1491/2389 1181/1496/2390 1194/1497/2391
f 1186/1503/2392 1197/1500/2393 1198/1501/2394 1184/1502/2395
f 1192/1493/2396 1187/1490/2397 1185/1491/2398 1193/1492/2399
f 1188/1505/2400 1196/1504/2401 1197/1500/2402 1186/1503/2403
f 1191/1495/2404 1189/1494/2405 1187/1490/2406 1192/1493/2407
g pCube321 Shack
f 1202/1749/2408 1203/1751/2409 1205/1752/2410 1204/1750/2411
f 1206/1755/2412 1207/1754/2413 1201/1753/2414 1200/1756/2415
f 1206/1747/2416 1200/1748/2417 1202/1749/2418 1204/1750/2419
f 1205/1752/2420 1203/1751/2421 1201/1753/2422 1207/1754/2423
g pCube252 Shack
f 1210/2085/2424 1211/2083/2425 1213/2084/2426 1212/2086/2427
f 1214/2080/2428 1215/2081/2429 1209/2082/2430 1208/2077/2431
f 1214/2080/2432 1208/2077/2433 1210/2078/2434 1212/2079/2435
f 1213/2084/2436 1211/2083/2437 1209/2082/2438 1215/2081/2439
g pCube335 Shack
f 1218/3113/2440 1219/3114/2441 1223/3111/2442 1220/3110/2443
f 1221/3119/2444 1222/3115/2445 1217/3116/2446 1216/3120/2447
f 1220/3110/2448 1221/3117/2449 1216/3118/2450 1218/3113/2451
f 1222/3115/2452 1223/3111/2453 1219/3114/2454 1217/3116/2455
f 1221/3109/2456 1220/3110/2457 1223/3111/2458 1222/3112/2459
s 1
g pCylinder2 Shack
f 1224/260/2460 1225/258/2461 1237/259/2462 1236/261/2463
f 1225/258/2461 1226/256/2464 1238/257/2465 1237/259/2462
f 1226/256/2464 1227/254/2466 1239/255/2467 1238/257/2465
f 1227/254/2466 1228/252/2468 1240/253/2469 1239/255/2467
f 1228/252/2468 1229/250/2470 1241/251/2471 1240/253/2469
f 1229/250/2470 1230/248/2472 1242/249/2473 1241/251/2471
f 1230/248/2472 1231/242/2474 1243/245/2475 1242/249/2473
f 1231/242/2474 1232/243/2476 1244/244/2477 1243/245/2475
f 1232/243/2476 1233/246/2478 1245/247/2479 1244/244/2477
f 1233/266/2478 1234/264/2480 1246/265/2481 1245/267/2479
f 1234/264/2480 1235/262/2482 1247/263/2483 1246/265/2481
f 1235/262/2482 1224/260/2460 1236/261/2463 1247/263/2483
f 1284/50/2484 1297/63/2485 1298/64/2486 1295/61/2487
f 1260/164/2488 1261/166/2489 1262/167/2490 1263/165/2491
f 1261/166/2489 1264/168/2492 1265/169/2493 1262/167/2490
f 1264/168/2492 1266/170/2494 1267/171/2495 1265/169/2493
f 1266/170/2494 1268/172/2496 1269/173/2497 1267/171/2495
f 1268/172/2496 1270/174/2498 1271/175/2499 1269/173/2497
f 1270/174/2498 1272/176/2500 1273/177/2501 1271/175/2499
f 1272/176/2500 1274/178/2502 1275/179/2503 1273/177/2501
f 1274/178/2502 1276/180/2504 1277/181/2505 1275/179/2503
f 1276/180/2504 1278/182/2506 1279/183/2507 1277/181/2505
f 1278/182/2506 1280/184/2508 1281/185/2509 1279/183/2507
f 1280/160/2508 1282/161/2510 1283/162/2511 1281/163/2509
f 1282/161/2510 1260/164/2488 1263/165/2491 1283/162/2511
f 1247/140/2483 1236/144/2463 1261/145/2489 1260/141/2488
f 1249/114/2512 1248/110/2513 1263/111/2491 1262/115/2490
f 1236/144/2463 1237/146/2462 1264/147/2492 1261/145/2489
f 1250/118/2514 1249/114/2512 1262/115/2490 1265/119/2493
f 1237/146/2462 1238/142/2465 1266/143/2494 1264/147/2492
f 1251/122/2515 1250/118/2514 1265/119/2493 1267/123/2495
f 1238/142/2465 1239/138/2467 1268/139/2496 1266/143/2494
f 1252/120/2516 1251/122/2515 1267/123/2495 1269/121/2497
f 1239/138/2467 1240/134/2469 1270/135/2498 1268/139/2496
f 1253/116/2517 1252/120/2516 1269/121/2497 1271/117/2499
f 1240/134/2469 1241/130/2471 1272/131/2500 1270/135/2498
f 1254/112/2518 1253/116/2517 1271/117/2499 1273/113/2501
f 1241/130/2471 1242/124/2473 1274/127/2502 1272/131/2500
f 1255/108/2519 1254/112/2518 1273/113/2501 1275/109/2503
f 1242/124/2473 1243/125/2475 1276/126/2504 1274/127/2502
f 1256/104/2520 1255/108/2519 1275/109/2503 1277/105/2505
f 1243/125/2475 1244/128/2477 1278/129/2506 1276/126/2504
f 1257/101/2521 1256/104/2520 1277/105/2505 1279/102/2507
f 1244/128/2477 1245/132/2479 1280/133/2508 1278/129/2506
f 1258/100/2522 1257/101/2521 1279/102/2507 1281/103/2509
f 1245/132/2479 1246/136/2481 1282/137/2510 1280/133/2508
f 1259/106/2523 1258/100/2522 1281/103/2509 1283/107/2511
f 1246/136/2481 1247/140/2483 1260/141/2488 1282/137/2510
f 1248/110/2513 1259/106/2523 1283/107/2511 1263/111/2491
f 1248/91/2513 1249/95/2512 1285/51/2524 1284/50/2484
f 1249/95/2512 1250/99/2514 1286/52/2525 1285/51/2524
f 1250/99/2514 1251/97/2515 1287/53/2526 1286/52/2525
f 1251/97/2515 1252/98/2516 1288/54/2527 1287/53/2526
f 1252/98/2516 1253/92/2517 1289/55/2528 1288/54/2527
f 1253/92/2517 1254/88/2518 1290/56/2529 1289/55/2528
f 1254/88/2518 1255/89/2519 1291/57/2530 1290/56/2529
f 1255/89/2519 1256/93/2520 1292/58/2531 1291/57/2530
f 1256/93/2520 1257/94/2521 1293/59/2532 1292/58/2531
f 1257/94/2521 1258/96/2522 1294/60/2533 1293/59/2532
f 1258/96/2522 1259/90/2523 1295/61/2487 1294/60/2533
f 1259/90/2523 1248/91/2513 1284/50/2484 1295/61/2487
f 1284/50/2484 1285/51/2524 1296/62/2534 1297/63/2485
f 1295/61/2487 1298/64/2486 1293/59/2532 1294/60/2533
f 1287/53/2526 1296/62/2534 1285/51/2524 1286/52/2525
f 1289/55/2528 1296/62/2534 1287/53/2526 1288/54/2527
f 1297/63/2485 1296/62/2534 1289/55/2528 1290/56/2529
f 1298/64/2486 1297/63/2485 1290/56/2529 1291/57/2530
f 1293/59/2532 1298/64/2486 1291/57/2530 1292/58/2531
s off
g pCube174 Shack
f 1301/2715/2535 1302/2717/2536 1304/2718/2537 1303/2716/2538
f 1305/2713/2539 1306/2712/2540 1300/2711/2541 1299/2714/2542
f 1305/2713/2543 1299/2714/2544 1301/2715/2545 1303/2716/2546
f 1304/2709/2547 1302/2710/2548 1300/2711/2549 1306/2712/2550
g pCube337 Shack
f 1309/3125/2551 1310/3126/2552 1314/3123/2553 1311/3122/2554
f 1312/3131/2555 1313/3127/2556 1308/3128/2557 1307/3132/2558
f 1311/3122/2559 1312/3129/2560 1307/3130/2561 1309/3125/2562
f 1313/3127/2563 1314/3123/2564 1310/3126/2565 1308/3128/2566
f 1312/3121/2567 1311/3122/2568 1314/3123/2569 1313/3124/2570
g pCube212 Shack
f 1317/2265/2571 1318/2261/2572 1320/2262/2573 1319/2266/2574
f 1321/2257/2575 1322/2258/2576 1316/2259/2577 1315/2260/2578
f 1321/2257/2579 1315/2260/2580 1317/2263/2581 1319/2264/2582
f 1320/2262/2583 1318/2261/2584 1316/2259/2585 1322/2258/2586
s 1
g pCube331 Shack
f 1323/1615/2587 1324/1616/2588 1334/66/2589 1331/1620/2590
s 2
f 1325/1627/2591 1326/1618/2592 1328/1626/2593 1327/1628/2594
s 3
f 1332/1624/2595 1333/65/2596 1330/1617/2597 1329/1623/2598
s 4
f 1324/1616/2599 1330/1617/2600 1333/65/2601 1334/66/2602
s off
f 1329/1621/2603 1323/1615/2604 1331/1620/2605 1332/1622/2606
s 5
f 1336/67/2607 1335/1614/2608 1337/1635/2609 1338/1641/2610
s 3
f 1327/1625/2611 1328/1626/2612 1333/65/2596 1332/1624/2595
s 4
f 1334/66/2602 1333/65/2601 1328/1626/2613 1326/1618/2614
s 1
f 1331/1620/2590 1334/66/2589 1326/1618/2615 1325/1619/2616
s off
f 1332/1605/2617 1331/1608/2618 1339/1609/2619 1340/1606/2620
s 1
f 1331/1608/2590 1325/1610/2616 1342/1611/2621 1339/1609/2622
s 2
f 1325/1610/2591 1327/1612/2594 1341/1613/2623 1342/1611/2624
s 3
f 1327/1604/2611 1332/1605/2595 1340/1606/2625 1341/1607/2626
f 1341/1642/2626 1340/1637/2625 1336/67/2627 1338/1641/2628
s 2
f 1342/1639/2624 1341/1640/2623 1338/1641/2629 1337/1635/2630
s 1
f 1339/1630/2622 1342/1634/2621 1337/1635/2631 1335/1614/2632
s off
f 1340/1629/2633 1339/1630/2634 1343/1631/2635 1344/1632/2636
s 1
f 1339/1630/2622 1335/1614/2632 1345/1633/2637 1343/1631/2638
s 5
f 1335/1614/2608 1336/67/2607 1346/1636/2639 1345/1633/2640
s 3
f 1336/67/2627 1340/1637/2625 1344/1638/2641 1346/1636/2642
s off
g pCube117 Shack
f 1347/1021/2643 1348/1024/2644 1350/1025/2645 1349/1022/2646
f 1351/1028/2647 1352/1027/2648 1354/1026/2649 1353/1029/2650
f 1348/1024/2651 1354/1026/2652 1352/1027/2653 1350/1025/2654
f 1353/1020/2655 1347/1021/2656 1349/1022/2657 1351/1023/2658
g pCube345 Shack
f 1355/881/2659 1356/878/2660 1358/879/2661 1357/880/2662
f 1357/888/2663 1358/885/2664 1360/884/2665 1359/889/2666
f 1361/882/2667 1362/883/2668 1356/878/2669 1355/881/2670
f 1356/878/2671 1362/883/2672 1360/884/2673 1358/885/2674
f 1361/882/2675 1355/881/2676 1357/886/2677 1359/887/2678
g pCube314 Shack
f 1365/1759/2679 1366/1761/2680 1368/1762/2681 1367/1760/2682
f 1369/1765/2683 1370/1764/2684 1364/1763/2685 1363/1766/2686
f 1369/1757/2687 1363/1758/2688 1365/1759/2689 1367/1760/2690
f 1368/1762/2691 1366/1761/2692 1364/1763/2693 1370/1764/2694
g pCube155 Shack
f 1371/1382/2695 1372/1391/2696 1374/1392/2697 1373/1393/2698
f 1375/1386/2699 1376/1387/2700 1378/1388/2701 1377/1385/2702
f 1372/1391/2703 1378/1388/2704 1376/1389/2705 1374/1390/2706
f 1377/1385/2707 1371/1382/2708 1373/1383/2709 1375/1384/2710
f 1371/1382/2711 1377/1385/2712 1378/1388/2713 1372/1391/2714
g pCube303 Shack
f 1379/1089/2715 1382/1090/2716 1381/1091/2717 1380/1086/2718
s 1
f 1385/1088/2719 1384/1084/2720 1380/1086/2721 1381/1091/2722
s 2
f 1386/1092/2723 1385/1088/2724 1381/1091/2725 1382/1093/2726
s 3
f 1383/1094/2727 1386/1092/2728 1382/1093/2729 1379/1095/2730
s off
f 1387/1085/2731 1380/1086/2732 1388/1079/2733 1389/1087/2734
s 1
f 1385/1080/2719 1388/1079/2735 1380/1086/2721 1384/1084/2720
s 2
f 1386/1081/2723 1389/1078/2736 1388/1079/2737 1385/1080/2724
s 3
f 1383/1082/2727 1387/1083/2738 1389/1078/2739 1386/1081/2728
s off
f 1390/1226/2740 1391/1222/2741 1392/1224/2742 1393/1227/2743
s 4
f 1396/1219/2744 1392/1224/2745 1391/1222/2746 1395/1216/2747
s 5
f 1397/1225/2748 1393/1223/2749 1392/1224/2750 1396/1219/2751
s 6
f 1394/1228/2752 1390/1229/2753 1393/1223/2754 1397/1225/2755
s off
f 1398/1220/2756 1400/1221/2757 1399/1214/2758 1391/1222/2759
s 4
f 1396/1213/2744 1395/1216/2747 1391/1222/2746 1399/1214/2760
s 5
f 1397/1212/2748 1396/1213/2751 1399/1214/2761 1400/1215/2762
s 6
f 1394/1217/2752 1397/1212/2755 1400/1215/2763 1398/1218/2764
s off
g pCube119 Shack
f 1401/837/2765 1402/833/2766 1404/835/2767 1403/836/2768
f 1403/838/2769 1404/840/2770 1406/841/2771 1405/839/2772
f 1407/834/2773 1408/830/2774 1402/833/2775 1401/837/2776
f 1402/833/2777 1408/830/2778 1406/831/2779 1404/832/2780
f 1407/834/2781 1401/837/2782 1403/838/2783 1405/839/2784
g pCube166 Shack
f 1411/2795/2785 1412/2797/2786 1414/2798/2787 1413/2796/2788
f 1415/2793/2789 1416/2792/2790 1410/2791/2791 1409/2794/2792
f 1415/2793/2793 1409/2794/2794 1411/2795/2795 1413/2796/2796
f 1414/2789/2797 1412/2790/2798 1410/2791/2799 1416/2792/2800
g pCube238 Shack
f 1419/2035/2801 1420/2033/2802 1422/2034/2803 1421/2036/2804
f 1423/2030/2805 1424/2031/2806 1418/2032/2807 1417/2027/2808
f 1423/2030/2809 1417/2027/2810 1419/2028/2811 1421/2029/2812
f 1422/2034/2813 1420/2033/2814 1418/2032/2815 1424/2031/2816
g pCube298 Shack
f 1427/3015/2817 1428/3017/2818 1430/3018/2819 1429/3016/2820
f 1431/3009/2821 1432/3010/2822 1426/3011/2823 1425/3012/2824
f 1431/3009/2825 1425/3012/2826 1427/3015/2827 1429/3016/2828
f 1430/3013/2829 1428/3014/2830 1426/3011/2831 1432/3010/2832
g pCube237 Shack
f 1435/1985/2833 1436/1983/2834 1438/1984/2835 1437/1986/2836
f 1439/1980/2837 1440/1981/2838 1434/1982/2839 1433/1977/2840
f 1439/1980/2841 1433/1977/2842 1435/1978/2843 1437/1979/2844
f 1438/1984/2845 1436/1983/2846 1434/1982/2847 1440/1981/2848
g pCube121 Shack
f 1443/1108/2849 1444/1110/2850 1446/1111/2851 1445/1109/2852
f 1447/1114/2853 1448/1112/2854 1442/1113/2855 1441/1115/2856
f 1442/1113/2857 1448/1112/2858 1446/1111/2859 1444/1110/2860
f 1447/1106/2861 1441/1107/2862 1443/1108/2863 1445/1109/2864
g pCube328 Shack
f 1451/1815/2865 1452/1813/2866 1454/1814/2867 1453/1816/2868
f 1455/1810/2869 1456/1811/2870 1450/1812/2871 1449/1807/2872
f 1455/1810/2873 1449/1807/2874 1451/1808/2875 1453/1809/2876
f 1454/1814/2877 1452/1813/2878 1450/1812/2879 1456/1811/2880
g pCube320 Shack
f 1459/1689/2881 1460/1691/2882 1462/1692/2883 1461/1690/2884
f 1463/1695/2885 1464/1694/2886 1458/1693/2887 1457/1696/2888
f 1463/1687/2889 1457/1688/2890 1459/1689/2891 1461/1690/2892
f 1462/1692/2893 1460/1691/2894 1458/1693/2895 1464/1694/2896
g pCube113 Shack
f 1465/590/2897 1466/586/2898 1468/589/2899 1467/591/2900
f 1469/593/2901 1470/594/2902 1472/595/2903 1471/592/2904
f 1466/586/2905 1472/587/2906 1470/588/2907 1468/589/2908
f 1471/592/2909 1465/590/2910 1467/591/2911 1469/593/2912
g pCube168 Shack
f 1475/2775/2913 1476/2777/2914 1478/2778/2915 1477/2776/2916
f 1479/2773/2917 1480/2772/2918 1474/2771/2919 1473/2774/2920
f 1479/2773/2921 1473/2774/2922 1475/2775/2923 1477/2776/2924
f 1478/2769/2925 1476/2770/2926 1474/2771/2927 1480/2772/2928
g pCube108 Shack
f 1481/532/2929 1482/534/2930 1484/535/2931 1483/533/2932
f 1485/530/2933 1486/528/2934 1488/527/2935 1487/531/2936
f 1482/526/2937 1488/527/2938 1486/528/2939 1484/529/2940
f 1487/531/2941 1481/532/2942 1483/533/2943 1485/530/2944
g pCube270 Shack
f 1491/2833/2945 1492/2829/2946 1494/2832/2947 1493/2834/2948
f 1495/2836/2949 1496/2837/2950 1490/2838/2951 1489/2835/2952
f 1495/2836/2953 1489/2835/2954 1491/2833/2955 1493/2834/2956
f 1494/2832/2957 1492/2829/2958 1490/2830/2959 1496/2831/2960
g pCube204 Shack
f 1499/2413/2961 1500/2415/2962 1502/2416/2963 1501/2414/2964
f 1503/2411/2965 1504/2410/2966 1498/2409/2967 1497/2412/2968
f 1503/2411/2969 1497/2412/2970 1499/2413/2971 1501/2414/2972
f 1502/2407/2973 1500/2408/2974 1498/2409/2975 1504/2410/2976
g pCube141 Shack
f 1505/1330/2977 1506/1331/2978 1508/1332/2979 1507/1333/2980
f 1507/1333/2981 1508/1332/2982 1510/1336/2983 1509/1339/2984
f 1506/1334/2985 1512/1335/2986 1510/1336/2987 1508/1332/2988
f 1510/1336/2989 1512/1337/2990 1511/1338/2991 1509/1339/2992
f 1505/1340/2993 1507/1333/2994 1509/1339/2995 1511/1341/2996
g pCube253 Shack
f 1515/2125/2997 1516/2121/2998 1518/2122/2999 1517/2126/3000
f 1519/2117/3001 1520/2118/3002 1514/2119/3003 1513/2120/3004
f 1519/2117/3005 1513/2120/3006 1515/2123/3007 1517/2124/3008
f 1518/2122/3009 1516/2121/3010 1514/2119/3011 1520/2118/3012
g pCube159 Shack
f 1521/616/3013 1522/617/3014 1524/618/3015 1523/619/3016
f 1525/623/3017 1526/624/3018 1528/625/3019 1527/622/3020
f 1522/617/3021 1528/620/3022 1526/621/3023 1524/618/3024
f 1527/622/3025 1521/616/3026 1523/619/3027 1525/623/3028
g pCube122 Shack
f 1529/1129/3029 1530/1128/3030 1532/1130/3031 1531/1131/3032
f 1531/1131/3033 1532/1130/3034 1534/1132/3035 1533/1133/3036
f 1533/1133/3037 1534/1132/3038 1536/1134/3039 1535/1135/3040
f 1535/1126/3041 1536/1127/3042 1530/1128/3043 1529/1129/3044
g pCube184 Shack
f 1539/2615/3045 1540/2617/3046 1542/2618/3047 1541/2616/3048
f 1543/2613/3049 1544/2612/3050 1538/2611/3051 1537/2614/3052
f 1543/2613/3053 1537/2614/3054 1539/2615/3055 1541/2616/3056
f 1542/2609/3057 1540/2610/3058 1538/2611/3059 1544/2612/3060
g pCube217 Shack
f 1547/2275/3061 1548/2273/3062 1550/2274/3063 1549/2276/3064
f 1551/2270/3065 1552/2271/3066 1546/2272/3067 1545/2267/3068
f 1551/2270/3069 1545/2267/3070 1547/2268/3071 1549/2269/3072
f 1550/2274/3073 1548/2273/3074 1546/2272/3075 1552/2271/3076
g pCube156 Shack
f 1553/640/3077 1554/636/3078 1556/639/3079 1555/641/3080
f 1557/643/3081 1558/644/3082 1560/645/3083 1559/642/3084
f 1554/636/3085 1560/637/3086 1558/638/3087 1556/639/3088
f 1559/642/3089 1553/640/3090 1555/641/3091 1557/643/3092
g pCube132 Shack
f 1561/969/3093 1562/966/3094 1564/967/3095 1563/968/3096
f 1563/972/3097 1564/965/3098 1566/964/3099 1565/973/3100
f 1567/962/3101 1568/963/3102 1562/966/3103 1561/969/3104
f 1562/966/3105 1568/963/3106 1566/964/3107 1564/965/3108
f 1567/962/3109 1561/969/3110 1563/970/3111 1565/971/3112
g pCube317 Shack
f 1571/1719/3113 1572/1721/3114 1574/1722/3115 1573/1720/3116
f 1575/1725/3117 1576/1724/3118 1570/1723/3119 1569/1726/3120
f 1575/1717/3121 1569/1718/3122 1571/1719/3123 1573/1720/3124
f 1574/1722/3125 1572/1721/3126 1570/1723/3127 1576/1724/3128
g pCube130 Shack
f 1577/989/3129 1578/986/3130 1580/987/3131 1579/988/3132
f 1579/996/3133 1580/993/3134 1582/992/3135 1581/997/3136
f 1583/990/3137 1584/991/3138 1578/986/3139 1577/989/3140
f 1578/986/3141 1584/991/3142 1582/992/3143 1580/993/3144
f 1583/990/3145 1577/989/3146 1579/994/3147 1581/995/3148
g pCube167 Shack
f 1587/2785/3149 1588/2787/3150 1590/2788/3151 1589/2786/3152
f 1591/2783/3153 1592/2782/3154 1586/2781/3155 1585/2784/3156
f 1591/2783/3157 1585/2784/3158 1587/2785/3159 1589/2786/3160
f 1590/2779/3161 1588/2780/3162 1586/2781/3163 1592/2782/3164
g pCube110 Shack
f 1593/550/3165 1594/546/3166 1596/549/3167 1595/551/3168
f 1597/553/3169 1598/554/3170 1600/555/3171 1599/552/3172
f 1594/546/3173 1600/547/3174 1598/548/3175 1596/549/3176
f 1599/552/3177 1593/550/3178 1595/551/3179 1597/553/3180
g pCube207 Shack
f 1603/2383/3181 1604/2385/3182 1606/2386/3183 1605/2384/3184
f 1607/2381/3185 1608/2380/3186 1602/2379/3187 1601/2382/3188
f 1607/2381/3189 1601/2382/3190 1603/2383/3191 1605/2384/3192
f 1606/2377/3193 1604/2378/3194 1602/2379/3195 1608/2380/3196
g pCube285 Shack
f 1611/3049/3197 1612/3050/3198 1614/3051/3199 1613/3052/3200
f 1615/3054/3201 1616/3055/3202 1610/3056/3203 1609/3053/3204
f 1615/3054/3205 1609/3053/3206 1611/3049/3207 1613/3052/3208
f 1614/3057/3209 1612/3058/3210 1610/3056/3211 1616/3055/3212
g pCube171 Shack
f 1619/2745/3213 1620/2747/3214 1622/2748/3215 1621/2746/3216
f 1623/2743/3217 1624/2742/3218 1618/2741/3219 1617/2744/3220
f 1623/2743/3221 1617/2744/3222 1619/2745/3223 1621/2746/3224
f 1622/2739/3225 1620/2740/3226 1618/2741/3227 1624/2742/3228
g pCube163 Shack
f 1627/2825/3229 1628/2827/3230 1630/2828/3231 1629/2826/3232
f 1631/2823/3233 1632/2822/3234 1626/2821/3235 1625/2824/3236
f 1631/2823/3237 1625/2824/3238 1627/2825/3239 1629/2826/3240
f 1630/2819/3241 1628/2820/3242 1626/2821/3243 1632/2822/3244
g pCube196 Shack
f 1635/2493/3245 1636/2495/3246 1638/2496/3247 1637/2494/3248
f 1639/2491/3249 1640/2490/3250 1634/2489/3251 1633/2492/3252
f 1639/2491/3253 1633/2492/3254 1635/2493/3255 1637/2494/3256
f 1638/2487/3257 1636/2488/3258 1634/2489/3259 1640/2490/3260
g pCube239 Shack
f 1643/2017/3261 1644/2018/3262 1646/2019/3263 1645/2020/3264
f 1647/2023/3265 1648/2022/3266 1642/2021/3267 1641/2024/3268
f 1647/2023/3269 1641/2024/3270 1643/2025/3271 1645/2026/3272
f 1646/2019/3273 1644/2018/3274 1642/2021/3275 1648/2022/3276
g pCube233 Shack
f 1651/1955/3277 1652/1953/3278 1654/1954/3279 1653/1956/3280
f 1655/1950/3281 1656/1951/3282 1650/1952/3283 1649/1947/3284
f 1655/1950/3285 1649/1947/3286 1651/1948/3287 1653/1949/3288
f 1654/1954/3289 1652/1953/3290 1650/1952/3291 1656/1951/3292
g pCube213 Shack
f 1659/2335/3293 1660/2331/3294 1662/2332/3295 1661/2336/3296
f 1663/2327/3297 1664/2328/3298 1658/2329/3299 1657/2330/3300
f 1663/2327/3301 1657/2330/3302 1659/2333/3303 1661/2334/3304
f 1662/2332/3305 1660/2331/3306 1658/2329/3307 1664/2328/3308
g pCube143 Shack
f 1667/1250/3309 1668/1251/3310 1670/1252/3311 1669/1253/3312
f 1666/1254/3313 1672/1255/3314 1670/1252/3315 1668/1251/3316
f 1665/1256/3317 1667/1250/3318 1669/1253/3319 1671/1257/3320
g pCube169 Shack
f 1675/2765/3321 1676/2767/3322 1678/2768/3323 1677/2766/3324
f 1679/2763/3325 1680/2762/3326 1674/2761/3327 1673/2764/3328
f 1679/2763/3329 1673/2764/3330 1675/2765/3331 1677/2766/3332
f 1678/2759/3333 1676/2760/3334 1674/2761/3335 1680/2762/3336
g pCube120 Shack
f 1683/1100/3337 1684/1099/3338 1686/1098/3339 1685/1101/3340
f 1687/1103/3341 1688/1104/3342 1682/1105/3343 1681/1102/3344
f 1682/1096/3345 1688/1097/3346 1686/1098/3347 1684/1099/3348
f 1687/1103/3349 1681/1102/3350 1683/1100/3351 1685/1101/3352
g pCube194 Shack
f 1691/2513/3353 1692/2515/3354 1694/2516/3355 1693/2514/3356
f 1695/2511/3357 1696/2510/3358 1690/2509/3359 1689/2512/3360
f 1695/2511/3361 1689/2512/3362 1691/2513/3363 1693/2514/3364
f 1694/2507/3365 1692/2508/3366 1690/2509/3367 1696/2510/3368
g pCube106 Shack
f 1701/86/3369 1702/68/3370 1705/70/3371 1706/87/3372
f 1702/68/3373 1701/86/3374 1704/82/3375 1703/69/3376
f 1703/69/3377 1704/82/3378 1708/79/3379 1707/75/3380
f 1706/87/3381 1705/70/3382 1707/75/3383 1708/79/3384
f 1697/81/3385 1698/76/3386 1704/82/3387 1701/83/3388
f 1702/68/3389 1703/69/3390 1707/75/3391 1705/70/3392
f 1706/78/3393 1708/79/3394 1700/77/3395 1699/80/3396
f 1698/76/3397 1700/77/3398 1708/79/3399 1704/82/3400
f 1699/80/3401 1697/84/3402 1701/85/3403 1706/78/3404
g pCube319 Shack
f 1711/1845/3405 1712/1843/3406 1714/1844/3407 1713/1846/3408
f 1715/1840/3409 1716/1841/3410 1710/1842/3411 1709/1837/3412
f 1715/1840/3413 1709/1837/3414 1711/1838/3415 1713/1839/3416
f 1714/1844/3417 1712/1843/3418 1710/1842/3419 1716/1841/3420
g pCube205 Shack
f 1719/2403/3421 1720/2405/3422 1722/2406/3423 1721/2404/3424
f 1723/2401/3425 1724/2400/3426 1718/2399/3427 1717/2402/3428
f 1723/2401/3429 1717/2402/3430 1719/2403/3431 1721/2404/3432
f 1722/2397/3433 1720/2398/3434 1718/2399/3435 1724/2400/3436
g pCube138 Shack
f 1727/806/3437 1728/809/3438 1730/812/3439 1729/814/3440
f 1726/810/3441 1732/811/3442 1730/812/3443 1728/809/3444
f 1731/816/3445 1725/817/3446 1727/806/3447 1729/814/3448
f 1727/806/3449 1725/807/3450 1726/808/3451 1728/809/3452
f 1731/813/3453 1729/814/3454 1730/812/3455 1732/815/3456
g pCube247 Shack
f 1735/2205/3457 1736/2203/3458 1738/2204/3459 1737/2206/3460
f 1739/2200/3461 1740/2201/3462 1734/2202/3463 1733/2197/3464
f 1739/2200/3465 1733/2197/3466 1735/2198/3467 1737/2199/3468
f 1738/2204/3469 1736/2203/3470 1734/2202/3471 1740/2201/3472
g pCube123 Shack
f 1741/1139/3473 1742/1138/3474 1744/1140/3475 1743/1141/3476
f 1743/1141/3477 1744/1140/3478 1746/1142/3479 1745/1143/3480
f 1745/1143/3481 1746/1142/3482 1748/1144/3483 1747/1145/3484
f 1747/1136/3485 1748/1137/3486 1742/1138/3487 1741/1139/3488
g pCube231 Shack
f 1751/2135/3489 1752/2133/3490 1754/2134/3491 1753/2136/3492
f 1755/2130/3493 1756/2131/3494 1750/2132/3495 1749/2127/3496
f 1755/2130/3497 1749/2127/3498 1751/2128/3499 1753/2129/3500
f 1754/2134/3501 1752/2133/3502 1750/2132/3503 1756/2131/3504
g pCube127 Shack
f 1757/1179/3505 1758/1178/3506 1760/1180/3507 1759/1181/3508
f 1759/1181/3509 1760/1180/3510 1762/1182/3511 1761/1183/3512
f 1761/1183/3513 1762/1182/3514 1764/1184/3515 1763/1185/3516
f 1763/1176/3517 1764/1177/3518 1758/1178/3519 1757/1179/3520
g pCube293 Shack
f 1767/2873/3521 1768/2869/3522 1770/2872/3523 1769/2874/3524
f 1771/2876/3525 1772/2877/3526 1766/2878/3527 1765/2875/3528
f 1771/2876/3529 1765/2875/3530 1767/2873/3531 1769/2874/3532
f 1770/2872/3533 1768/2869/3534 1766/2870/3535 1772/2871/3536
g pCube195 Shack
f 1775/2503/3537 1776/2505/3538 1778/2506/3539 1777/2504/3540
f 1779/2501/3541 1780/2500/3542 1774/2499/3543 1773/2502/3544
f 1779/2501/3545 1773/2502/3546 1775/2503/3547 1777/2504/3548
f 1778/2497/3549 1776/2498/3550 1774/2499/3551 1780/2500/3552
g pCube227 Shack
f 1783/2055/3553 1784/2053/3554 1786/2054/3555 1785/2056/3556
f 1787/2050/3557 1788/2051/3558 1782/2052/3559 1781/2047/3560
f 1787/2050/3561 1781/2047/3562 1783/2048/3563 1785/2049/3564
f 1786/2054/3565 1784/2053/3566 1782/2052/3567 1788/2051/3568
g pCube302 Shack
f 1789/1076/3569 1792/1072/3570 1791/1075/3571 1790/1077/3572
s 1
f 1795/1051/3573 1794/1071/3574 1790/1074/3575 1791/1075/3576
s 2
f 1796/1050/3577 1795/1051/3578 1791/1075/3579 1792/1072/3580
s 3
f 1793/1064/3581 1796/1050/3582 1792/1072/3583 1789/1073/3584
s off
f 1797/1067/3585 1798/1068/3586 1799/1069/3587 1800/1066/3588
s 1
f 1795/1051/3573 1799/1069/3589 1798/1070/3590 1794/1071/3574
s 2
f 1796/1050/3577 1800/1066/3591 1799/1069/3592 1795/1051/3578
s 3
f 1793/1064/3581 1797/1065/3593 1800/1066/3594 1796/1050/3582
s off
f 1801/1201/3595 1802/1202/3596 1803/1203/3597 1804/1200/3598
s 4
f 1807/71/3599 1803/1203/3600 1802/1204/3601 1806/1205/3602
s 5
f 1808/72/3603 1804/1200/3604 1803/1203/3605 1807/71/3606
s 6
f 1805/1198/3607 1801/1199/3608 1804/1200/3609 1808/72/3610
s off
f 1809/1210/3611 1812/1206/3612 1811/1209/3613 1810/1211/3614
s 4
f 1807/71/3599 1806/1205/3602 1810/1208/3615 1811/1209/3616
s 5
f 1808/72/3603 1807/71/3606 1811/1209/3617 1812/1206/3618
s 6
f 1805/1198/3607 1808/72/3610 1812/1206/3619 1809/1207/3620
s off
g pCube136 Shack
f 1815/822/3621 1816/825/3622 1818/820/3623 1817/819/3624
f 1814/826/3625 1820/827/3626 1818/820/3627 1816/825/3628
f 1819/828/3629 1813/829/3630 1815/822/3631 1817/819/3632
f 1815/822/3633 1813/823/3634 1814/824/3635 1816/825/3636
f 1819/818/3637 1817/819/3638 1818/820/3639 1820/821/3640
g pCube322 Shack
f 1823/1855/3641 1824/1853/3642 1826/1854/3643 1825/1856/3644
f 1827/1850/3645 1828/1851/3646 1822/1852/3647 1821/1847/3648
f 1827/1850/3649 1821/1847/3650 1823/1848/3651 1825/1849/3652
f 1826/1854/3653 1824/1853/3654 1822/1852/3655 1828/1851/3656
g pCube145 Shack
f 1831/1266/3657 1832/1267/3658 1834/1268/3659 1833/1269/3660
f 1830/1270/3661 1836/1271/3662 1834/1268/3663 1832/1267/3664
f 1829/1272/3665 1831/1266/3666 1833/1269/3667 1835/1273/3668
g pCube344 Shack
f 1839/666/3669 1840/669/3670 1842/672/3671 1841/674/3672
f 1838/670/3673 1844/671/3674 1842/672/3675 1840/669/3676
f 1843/676/3677 1837/677/3678 1839/666/3679 1841/674/3680
f 1839/666/3681 1837/667/3682 1838/668/3683 1840/669/3684
f 1843/673/3685 1841/674/3686 1842/672/3687 1844/675/3688
g pCube187 Shack
f 1847/2583/3689 1848/2585/3690 1850/2586/3691 1849/2584/3692
f 1851/2581/3693 1852/2580/3694 1846/2579/3695 1845/2582/3696
f 1851/2581/3697 1845/2582/3698 1847/2583/3699 1849/2584/3700
f 1850/2577/3701 1848/2578/3702 1846/2579/3703 1852/2580/3704
g pCube271 Shack
f 1855/3019/3705 1856/3020/3706 1858/3021/3707 1857/3022/3708
f 1859/3024/3709 1860/3025/3710 1854/3026/3711 1853/3023/3712
f 1859/3024/3713 1853/3023/3714 1855/3019/3715 1857/3022/3716
f 1858/3027/3717 1856/3028/3718 1854/3026/3719 1860/3025/3720
g pCube250 Shack
f 1863/2175/3721 1864/2173/3722 1866/2174/3723 1865/2176/3724
f 1867/2170/3725 1868/2171/3726 1862/2172/3727 1861/2167/3728
f 1867/2170/3729 1861/2167/3730 1863/2168/3731 1865/2169/3732
f 1866/2174/3733 1864/2173/3734 1862/2172/3735 1868/2171/3736
g pCube115 Shack
f 1869/582/3737 1870/584/3738 1872/585/3739 1871/583/3740
f 1873/580/3741 1874/578/3742 1876/577/3743 1875/581/3744
f 1870/576/3745 1876/577/3746 1874/578/3747 1872/579/3748
f 1875/581/3749 1869/582/3750 1871/583/3751 1873/580/3752
g pCube173 Shack
f 1879/2725/3753 1880/2727/3754 1882/2728/3755 1881/2726/3756
f 1883/2723/3757 1884/2722/3758 1878/2721/3759 1877/2724/3760
f 1883/2723/3761 1877/2724/3762 1879/2725/3763 1881/2726/3764
f 1882/2719/3765 1880/2720/3766 1878/2721/3767 1884/2722/3768
g pCube236 Shack
f 1887/2015/3769 1888/2013/3770 1890/2014/3771 1889/2016/3772
f 1891/2010/3773 1892/2011/3774 1886/2012/3775 1885/2007/3776
f 1891/2010/3777 1885/2007/3778 1887/2008/3779 1889/2009/3780
f 1890/2014/3781 1888/2013/3782 1886/2012/3783 1892/2011/3784
g pCube218 Shack
f 1895/2287/3785 1896/2288/3786 1898/2289/3787 1897/2290/3788
f 1899/2293/3789 1900/2292/3790 1894/2291/3791 1893/2294/3792
f 1899/2293/3793 1893/2294/3794 1895/2295/3795 1897/2296/3796
f 1898/2289/3797 1896/2288/3798 1894/2291/3799 1900/2292/3800
g pCube307 Shack
f 1903/1667/3801 1904/1668/3802 1906/1669/3803 1905/1670/3804
f 1907/1675/3805 1908/1672/3806 1902/1671/3807 1901/1676/3808
f 1907/1673/3809 1901/1674/3810 1903/1667/3811 1905/1670/3812
f 1906/1669/3813 1904/1668/3814 1902/1671/3815 1908/1672/3816
g pCube251 Shack
f 1911/2095/3817 1912/2091/3818 1914/2092/3819 1913/2096/3820
f 1915/2087/3821 1916/2088/3822 1910/2089/3823 1909/2090/3824
f 1915/2087/3825 1909/2090/3826 1911/2093/3827 1913/2094/3828
f 1914/2092/3829 1912/2091/3830 1910/2089/3831 1916/2088/3832
g pCube359 Shack
f 1917/873/3833 1918/870/3834 1920/871/3835 1919/872/3836
f 1919/876/3837 1920/869/3838 1922/868/3839 1921/877/3840
f 1923/866/3841 1924/867/3842 1918/870/3843 1917/873/3844
f 1918/870/3845 1924/867/3846 1922/868/3847 1920/869/3848
f 1923/866/3849 1917/873/3850 1919/874/3851 1921/875/3852
g pCube224 Shack
f 1927/2237/3853 1928/2238/3854 1930/2239/3855 1929/2240/3856
f 1931/2243/3857 1932/2242/3858 1926/2241/3859 1925/2244/3860
f 1931/2243/3861 1925/2244/3862 1927/2245/3863 1929/2246/3864
f 1930/2239/3865 1928/2238/3866 1926/2241/3867 1932/2242/3868
g pCube131 Shack
f 1933/981/3869 1934/978/3870 1936/979/3871 1935/980/3872
f 1935/984/3873 1936/977/3874 1938/976/3875 1937/985/3876
f 1939/974/3877 1940/975/3878 1934/978/3879 1933/981/3880
f 1934/978/3881 1940/975/3882 1938/976/3883 1936/977/3884
f 1939/974/3885 1933/981/3886 1935/982/3887 1937/983/3888
g pCube272 Shack
f 1943/2995/3889 1944/2997/3890 1946/2998/3891 1945/2996/3892
f 1947/2993/3893 1948/2992/3894 1942/2991/3895 1941/2994/3896
f 1947/2993/3897 1941/2994/3898 1943/2995/3899 1945/2996/3900
f 1946/2989/3901 1944/2990/3902 1942/2991/3903 1948/2992/3904
g pCube281 Shack
f 1951/3029/3905 1952/3030/3906 1954/3031/3907 1953/3032/3908
f 1955/3034/3909 1956/3035/3910 1950/3036/3911 1949/3033/3912
f 1955/3034/3913 1949/3033/3914 1951/3029/3915 1953/3032/3916
f 1954/3037/3917 1952/3038/3918 1950/3036/3919 1956/3035/3920
g pCube330 Shack
f 1959/1893/3921 1960/1891/3922 1962/1892/3923 1961/1894/3924
f 1963/1887/3925 1964/1888/3926 1958/1889/3927 1957/1890/3928
f 1963/1895/3929 1957/1896/3930 1959/1893/3931 1961/1894/3932
f 1962/1892/3933 1960/1891/3934 1958/1889/3935 1964/1888/3936
g pCube292 Shack
f 1967/2889/3937 1968/2890/3938 1970/2891/3939 1969/2892/3940
f 1971/2896/3941 1972/2897/3942 1966/2898/3943 1965/2895/3944
f 1971/2896/3945 1965/2895/3946 1967/2889/3947 1969/2892/3948
f 1970/2891/3949 1968/2890/3950 1966/2893/3951 1972/2894/3952
g pCube275 Shack
f 1975/2955/3953 1976/2957/3954 1978/2958/3955 1977/2956/3956
f 1979/2953/3957 1980/2952/3958 1974/2951/3959 1973/2954/3960
f 1979/2953/3961 1973/2954/3962 1975/2955/3963 1977/2956/3964
f 1978/2949/3965 1976/2950/3966 1974/2951/3967 1980/2952/3968
g pCube243 Shack
f 1983/1935/3969 1984/1931/3970 1986/1932/3971 1985/1936/3972
f 1987/1927/3973 1988/1928/3974 1982/1929/3975 1981/1930/3976
f 1987/1927/3977 1981/1930/3978 1983/1933/3979 1985/1934/3980
f 1986/1932/3981 1984/1931/3982 1982/1929/3983 1988/1928/3984
g pCube226 Shack
f 1991/2065/3985 1992/2063/3986 1994/2064/3987 1993/2066/3988
f 1995/2060/3989 1996/2061/3990 1990/2062/3991 1989/2057/3992
f 1995/2060/3993 1989/2057/3994 1991/2058/3995 1993/2059/3996
f 1994/2064/3997 1992/2063/3998 1990/2062/3999 1996/2061/4000
g pCube316 Shack
f 1999/1875/4001 2000/1873/4002 2002/1874/4003 2001/1876/4004
f 2003/1870/4005 2004/1871/4006 1998/1872/4007 1997/1867/4008
f 2003/1870/4009 1997/1867/4010 1999/1868/4011 2001/1869/4012
f 2002/1874/4013 2000/1873/4014 1998/1872/4015 2004/1871/4016
g pCube353 Shack
f 2005/1031/4017 2006/1034/4018 2008/1035/4019 2007/1032/4020
f 2009/1038/4021 2010/1037/4022 2012/1036/4023 2011/1039/4024
f 2006/1034/4025 2012/1036/4026 2010/1037/4027 2008/1035/4028
f 2011/1030/4029 2005/1031/4030 2007/1032/4031 2009/1033/4032
g pCube355 Shack
f 2013/1041/4033 2014/1044/4034 2016/1045/4035 2015/1042/4036
f 2017/1048/4037 2018/1047/4038 2020/1046/4039 2019/1049/4040
f 2014/1044/4041 2020/1046/4042 2018/1047/4043 2016/1045/4044
f 2019/1040/4045 2013/1041/4046 2015/1042/4047 2017/1043/4048
g pCube220 Shack
f 2023/2305/4049 2024/2303/4050 2026/2304/4051 2025/2306/4052
f 2027/2300/4053 2028/2301/4054 2022/2302/4055 2021/2297/4056
f 2027/2300/4057 2021/2297/4058 2023/2298/4059 2025/2299/4060
f 2026/2304/4061 2024/2303/4062 2022/2302/4063 2028/2301/4064
g pCube133 Shack
f 2029/953/4065 2030/950/4066 2032/951/4067 2031/952/4068
f 2031/960/4069 2032/957/4070 2034/956/4071 2033/961/4072
f 2035/954/4073 2036/955/4074 2030/950/4075 2029/953/4076
f 2030/950/4077 2036/955/4078 2034/956/4079 2032/957/4080
f 2035/954/4081 2029/953/4082 2031/958/4083 2033/959/4084
g pCube177 Shack
f 2039/2685/4085 2040/2687/4086 2042/2688/4087 2041/2686/4088
f 2043/2683/4089 2044/2682/4090 2038/2681/4091 2037/2684/4092
f 2043/2683/4093 2037/2684/4094 2039/2685/4095 2041/2686/4096
f 2042/2679/4097 2040/2680/4098 2038/2681/4099 2044/2682/4100
g pCube358 Shack
f 2045/893/4101 2046/890/4102 2048/891/4103 2047/892/4104
f 2047/900/4105 2048/897/4106 2050/896/4107 2049/901/4108
f 2051/894/4109 2052/895/4110 2046/890/4111 2045/893/4112
f 2046/890/4113 2052/895/4114 2050/896/4115 2048/897/4116
f 2051/894/4117 2045/893/4118 2047/898/4119 2049/899/4120
g pCube95 Shack
f 2053/502/4121 2054/503/4122 2056/504/4123 2055/505/4124
g pCube96 Shack
f 2073/1601/4125 2074/1530/4126 2075/1531/4127 2076/1592/4128
f 2059/1548/4129 2060/1547/4130 2062/1546/4131 2061/1549/4132
f 2085/1580/4133 2086/1543/4134 2087/1542/4135 2088/1577/4136
f 2063/1551/4137 2064/1552/4138 2058/1553/4139 2057/1550/4140
f 2058/1544/4141 2064/1545/4142 2062/1546/4143 2060/1547/4144
f 2063/1551/4145 2057/1550/4146 2059/1548/4147 2061/1549/4148
f 2077/1598/4149 2078/1590/4150 2079/1535/4151 2080/1534/4152
f 2067/1556/4153 2069/1555/4154 2070/1558/4155 2068/1559/4156
f 2089/1569/4157 2090/1568/4158 2091/1538/4159 2092/1539/4160
f 2071/1554/4161 2065/1557/4162 2066/1560/4163 2072/1561/4164
f 2066/1562/4165 2068/1559/4166 2070/1558/4167 2072/1563/4168
f 2071/1554/4169 2069/1555/4170 2067/1556/4171 2065/1557/4172
f 2057/1600/4173 2058/1595/4174 2074/1530/4175 2073/1601/4176
f 2060/1588/4177 2059/1591/4178 2076/1592/4179 2075/1531/4180
f 2059/1602/4181 2057/1603/4182 2073/1601/4183 2076/1592/4184
f 2065/1596/4185 2067/1597/4186 2078/1590/4187 2077/1598/4188
f 2067/1589/4189 2068/1584/4190 2079/1535/4191 2078/1590/4192
f 2066/1594/4193 2065/1599/4194 2077/1598/4195 2080/1534/4196
f 2058/1587/4197 2060/1588/4198 2082/1536/4199 2081/1586/4200
f 2060/1588/4201 2075/1531/4202 2083/1533/4203 2082/1536/4204
f 2075/1531/4205 2074/1530/4206 2084/1532/4207 2083/1533/4208
f 2074/1530/4209 2058/1595/4210 2081/1593/4211 2084/1532/4212
f 2068/1584/4213 2066/1585/4214 2081/1586/4215 2082/1536/4216
f 2066/1594/4217 2080/1534/4218 2084/1532/4219 2081/1593/4220
f 2080/1534/4221 2079/1535/4222 2083/1533/4223 2084/1532/4224
f 2079/1535/4225 2068/1584/4226 2082/1536/4227 2083/1533/4228
f 2061/1578/4229 2062/1579/4230 2086/1543/4231 2085/1580/4232
f 2064/1573/4233 2063/1576/4234 2088/1577/4235 2087/1542/4236
f 2063/1581/4237 2061/1582/4238 2085/1580/4239 2088/1577/4240
f 2069/1566/4241 2071/1567/4242 2090/1568/4243 2089/1569/4244
f 2071/1570/4245 2072/1564/4246 2091/1538/4247 2090/1568/4248
f 2070/1571/4249 2069/1572/4250 2089/1569/4251 2092/1539/4252
f 2062/1579/4253 2064/1583/4254 2094/1575/4255 2093/1537/4256
f 2064/1573/4257 2087/1542/4258 2095/1540/4259 2094/1565/4260
f 2087/1542/4261 2086/1543/4262 2096/1541/4263 2095/1540/4264
f 2086/1543/4265 2062/1579/4266 2093/1537/4267 2096/1541/4268
f 2072/1574/4269 2070/1571/4270 2093/1537/4271 2094/1575/4272
f 2070/1571/4273 2092/1539/4274 2096/1541/4275 2093/1537/4276
f 2092/1539/4277 2091/1538/4278 2095/1540/4279 2096/1541/4280
f 2091/1538/4281 2072/1564/4282 2094/1565/4283 2095/1540/4284
g pCube193 Shack
f 2099/2523/4285 2100/2525/4286 2102/2526/4287 2101/2524/4288
f 2103/2521/4289 2104/2520/4290 2098/2519/4291 2097/2522/4292
f 2103/2521/4293 2097/2522/4294 2099/2523/4295 2101/2524/4296
f 2102/2517/4297 2100/2518/4298 2098/2519/4299 2104/2520/4300
g pCube147 Shack
f 2107/1282/4301 2108/1283/4302 2110/1284/4303 2109/1285/4304
f 2106/1286/4305 2112/1287/4306 2110/1284/4307 2108/1283/4308
f 2105/1288/4309 2107/1282/4310 2109/1285/4311 2111/1289/4312
g pCube215 Shack
f 2115/2325/4313 2116/2323/4314 2118/2324/4315 2117/2326/4316
f 2119/2320/4317 2120/2321/4318 2114/2322/4319 2113/2317/4320
f 2119/2320/4321 2113/2317/4322 2115/2318/4323 2117/2319/4324
f 2118/2324/4325 2116/2323/4326 2114/2322/4327 2120/2321/4328
g pCube329 Shack
f 2123/1699/4329 2124/1701/4330 2126/1702/4331 2125/1700/4332
f 2127/1705/4333 2128/1704/4334 2122/1703/4335 2121/1706/4336
f 2127/1697/4337 2121/1698/4338 2123/1699/4339 2125/1700/4340
f 2126/1702/4341 2124/1701/4342 2122/1703/4343 2128/1704/4344
g pCube182 Shack
f 2131/2635/4345 2132/2637/4346 2134/2638/4347 2133/2636/4348
f 2135/2633/4349 2136/2632/4350 2130/2631/4351 2129/2634/4352
f 2135/2633/4353 2129/2634/4354 2131/2635/4355 2133/2636/4356
f 2134/2629/4357 2132/2630/4358 2130/2631/4359 2136/2632/4360
g pCube209 Shack
f 2139/1907/4361 2140/1908/4362 2142/1909/4363 2141/1910/4364
f 2143/1913/4365 2144/1912/4366 2138/1911/4367 2137/1914/4368
f 2143/1913/4369 2137/1914/4370 2139/1915/4371 2141/1916/4372
f 2142/1909/4373 2140/1908/4374 2138/1911/4375 2144/1912/4376
g pCube230 Shack
f 2147/2145/4377 2148/2143/4378 2150/2144/4379 2149/2146/4380
f 2151/2140/4381 2152/2141/4382 2146/2142/4383 2145/2137/4384
f 2151/2140/4385 2145/2137/4386 2147/2138/4387 2149/2139/4388
f 2150/2144/4389 2148/2143/4390 2146/2142/4391 2152/2141/4392
g pCube190 Shack
f 2155/2553/4393 2156/2555/4394 2158/2556/4395 2157/2554/4396
f 2159/2551/4397 2160/2550/4398 2154/2549/4399 2153/2552/4400
f 2159/2551/4401 2153/2552/4402 2155/2553/4403 2157/2554/4404
f 2158/2547/4405 2156/2548/4406 2154/2549/4407 2160/2550/4408
g pCube299 Shack
f 2163/2965/4409 2164/2967/4410 2166/2968/4411 2165/2966/4412
f 2167/2963/4413 2168/2962/4414 2162/2961/4415 2161/2964/4416
f 2167/2963/4417 2161/2964/4418 2163/2965/4419 2165/2966/4420
f 2166/2959/4421 2164/2960/4422 2162/2961/4423 2168/2962/4424
g pCube268 Shack
f 2171/2843/4425 2172/2839/4426 2174/2842/4427 2173/2844/4428
f 2175/2846/4429 2176/2847/4430 2170/2848/4431 2169/2845/4432
f 2175/2846/4433 2169/2845/4434 2171/2843/4435 2173/2844/4436
f 2174/2842/4437 2172/2839/4438 2170/2840/4439 2176/2841/4440
g pCube111 Shack
f 2177/562/4441 2178/564/4442 2180/565/4443 2179/563/4444
f 2181/560/4445 2182/558/4446 2184/557/4447 2183/561/4448
f 2178/556/4449 2184/557/4450 2182/558/4451 2180/559/4452
f 2183/561/4453 2177/562/4454 2179/563/4455 2181/560/4456
g pCube276 Shack
f 2187/2935/4457 2188/2937/4458 2190/2938/4459 2189/2936/4460
f 2191/2933/4461 2192/2932/4462 2186/2931/4463 2185/2934/4464
f 2191/2933/4465 2185/2934/4466 2187/2935/4467 2189/2936/4468
f 2190/2929/4469 2188/2930/4470 2186/2931/4471 2192/2932/4472
g pCube164 Shack
f 2195/2815/4473 2196/2817/4474 2198/2818/4475 2197/2816/4476
f 2199/2809/4477 2200/2810/4478 2194/2811/4479 2193/2812/4480
f 2199/2809/4481 2193/2812/4482 2195/2815/4483 2197/2816/4484
f 2198/2813/4485 2196/2814/4486 2194/2811/4487 2200/2810/4488
g pCube245 Shack
f 2203/2155/4489 2204/2153/4490 2206/2154/4491 2205/2156/4492
f 2207/2150/4493 2208/2151/4494 2202/2152/4495 2201/2147/4496
f 2207/2150/4497 2201/2147/4498 2203/2148/4499 2205/2149/4500
f 2206/2154/4501 2204/2153/4502 2202/2152/4503 2208/2151/4504
g pCube334 Shack
f 2211/1430/4505 2212/1431/4506 2214/1432/4507 2213/1433/4508
f 2213/1433/4509 2214/1432/4510 2216/1435/4511 2215/1439/4512
f 2215/1439/4513 2216/1435/4514 2210/1437/4515 2209/1438/4516
f 2210/1434/4517 2216/1435/4518 2214/1432/4519 2212/1436/4520
f 2215/1439/4521 2209/1440/4522 2211/1441/4523 2213/1433/4524
f 2219/1452/4525 2221/1442/4526 2222/1451/4527 2220/1453/4528
f 2221/1442/4529 2223/1445/4530 2224/1448/4531 2222/1451/4532
f 2223/1445/4533 2217/1446/4534 2218/1447/4535 2224/1448/4536
f 2218/1449/4537 2220/1450/4538 2222/1451/4539 2224/1448/4540
f 2223/1445/4541 2221/1442/4542 2219/1443/4543 2217/1444/4544
g pCube140 Shack
f 2225/1346/4545 2226/1347/4546 2228/1345/4547 2227/1348/4548
f 2227/1348/4549 2228/1345/4550 2230/1344/4551 2229/1351/4552
f 2226/1342/4553 2232/1343/4554 2230/1344/4555 2228/1345/4556
f 2230/1344/4557 2232/1349/4558 2231/1350/4559 2229/1351/4560
f 2225/1352/4561 2227/1348/4562 2229/1351/4563 2231/1353/4564
g pCube178 Shack
f 2235/2675/4565 2236/2677/4566 2238/2678/4567 2237/2676/4568
f 2239/2669/4569 2240/2670/4570 2234/2671/4571 2233/2672/4572
f 2239/2669/4573 2233/2672/4574 2235/2675/4575 2237/2676/4576
f 2238/2673/4577 2236/2674/4578 2234/2671/4579 2240/2670/4580
g pCube201 Shack
f 2243/2443/4581 2244/2445/4582 2246/2446/4583 2245/2444/4584
f 2247/2441/4585 2248/2440/4586 2242/2439/4587 2241/2442/4588
f 2247/2441/4589 2241/2442/4590 2243/2443/4591 2245/2444/4592
f 2246/2437/4593 2244/2438/4594 2242/2439/4595 2248/2440/4596
g pCube112 Shack
f 2249/542/4597 2250/544/4598 2252/545/4599 2251/543/4600
f 2253/540/4601 2254/538/4602 2256/537/4603 2255/541/4604
f 2250/536/4605 2256/537/4606 2254/538/4607 2252/539/4608
f 2255/541/4609 2249/542/4610 2251/543/4611 2253/540/4612
g pCube135 Shack
f 2257/929/4613 2258/926/4614 2260/927/4615 2259/928/4616
f 2259/936/4617 2260/933/4618 2262/932/4619 2261/937/4620
f 2263/930/4621 2264/931/4622 2258/926/4623 2257/929/4624
f 2258/926/4625 2264/931/4626 2262/932/4627 2260/933/4628
f 2263/930/4629 2257/929/4630 2259/934/4631 2261/935/4632
g pCube294 Shack
f 2267/2879/4633 2268/2880/4634 2270/2881/4635 2269/2882/4636
f 2271/2886/4637 2272/2887/4638 2266/2888/4639 2265/2885/4640
f 2271/2886/4641 2265/2885/4642 2267/2879/4643 2269/2882/4644
f 2270/2881/4645 2268/2880/4646 2266/2883/4647 2272/2884/4648
g pCube313 Shack
f 2275/1817/4649 2276/1818/4650 2278/1819/4651 2277/1820/4652
f 2279/1823/4653 2280/1822/4654 2274/1821/4655 2273/1824/4656
f 2279/1823/4657 2273/1824/4658 2275/1825/4659 2277/1826/4660
f 2278/1819/4661 2276/1818/4662 2274/1821/4663 2280/1822/4664
g pCube125 Shack
f 2281/1159/4665 2282/1158/4666 2284/1160/4667 2283/1161/4668
f 2283/1161/4669 2284/1160/4670 2286/1162/4671 2285/1163/4672
f 2285/1163/4673 2286/1162/4674 2288/1164/4675 2287/1165/4676
f 2287/1156/4677 2288/1157/4678 2282/1158/4679 2281/1159/4680
g pCube323 Shack
f 2291/1795/4681 2292/1794/4682 2296/1793/4683 2293/1796/4684
f 2294/1788/4685 2295/1791/4686 2290/1792/4687 2289/1789/4688
f 2293/1787/4689 2294/1788/4690 2289/1789/4691 2291/1790/4692
f 2295/1791/4693 2296/1793/4694 2292/1794/4695 2290/1792/4696
g pCube128 Shack
f 2297/1119/4697 2298/1118/4698 2300/1120/4699 2299/1121/4700
f 2299/1121/4701 2300/1120/4702 2302/1122/4703 2301/1123/4704
f 2301/1123/4705 2302/1122/4706 2304/1124/4707 2303/1125/4708
f 2303/1116/4709 2304/1117/4710 2298/1118/4711 2297/1119/4712
g pCube352 Shack
f 2305/729/4713 2306/730/4714 2308/727/4715 2307/731/4716
f 2307/731/4717 2308/727/4718 2310/726/4719 2309/728/4720
f 2311/722/4721 2312/723/4722 2306/724/4723 2305/725/4724
f 2306/724/4725 2312/723/4726 2310/726/4727 2308/727/4728
f 2311/732/4729 2305/733/4730 2307/731/4731 2309/728/4732
g polySurface73 Shack
f 2315/1052/4733 2316/1053/4734 2318/1054/4735 2317/1055/4736
f 2317/1055/4737 2318/1054/4738 2320/1057/4739 2319/1061/4740
f 2319/1061/4741 2320/1057/4742 2314/1059/4743 2313/1060/4744
f 2314/1056/4745 2320/1057/4746 2318/1054/4747 2316/1058/4748
f 2319/1061/4749 2313/1062/4750 2315/1063/4751 2317/1055/4752
g pCube188 Shack
f 2323/2573/4753 2324/2575/4754 2326/2576/4755 2325/2574/4756
f 2327/2571/4757 2328/2570/4758 2322/2569/4759 2321/2572/4760
f 2327/2571/4761 2321/2572/4762 2323/2573/4763 2325/2574/4764
f 2326/2567/4765 2324/2568/4766 2322/2569/4767 2328/2570/4768
g pCube229 Shack
f 2331/2115/4769 2332/2113/4770 2334/2114/4771 2333/2116/4772
f 2335/2110/4773 2336/2111/4774 2330/2112/4775 2329/2107/4776
f 2335/2110/4777 2329/2107/4778 2331/2108/4779 2333/2109/4780
f 2334/2114/4781 2332/2113/4782 2330/2112/4783 2336/2111/4784
g pCube357 Shack
f 2337/857/4785 2338/854/4786 2340/855/4787 2339/856/4788
f 2339/864/4789 2340/861/4790 2342/860/4791 2341/865/4792
f 2343/858/4793 2344/859/4794 2338/854/4795 2337/857/4796
f 2338/854/4797 2344/859/4798 2342/860/4799 2340/861/4800
f 2343/858/4801 2337/857/4802 2339/862/4803 2341/863/4804
g pCube286 Shack
f 2347/3069/4805 2348/3070/4806 2350/3071/4807 2349/3072/4808
f 2351/3074/4809 2352/3075/4810 2346/3076/4811 2345/3073/4812
f 2351/3074/4813 2345/3073/4814 2347/3069/4815 2349/3072/4816
f 2350/3077/4817 2348/3078/4818 2346/3076/4819 2352/3075/4820
g pCube160 Shack
f 2353/632/4821 2354/634/4822 2356/635/4823 2355/633/4824
f 2357/630/4825 2358/628/4826 2360/627/4827 2359/631/4828
f 2354/626/4829 2360/627/4830 2358/628/4831 2356/629/4832
f 2359/631/4833 2353/632/4834 2355/633/4835 2357/630/4836
g pCube200 Shack
f 2363/2453/4837 2364/2455/4838 2366/2456/4839 2365/2454/4840
f 2367/2451/4841 2368/2450/4842 2362/2449/4843 2361/2452/4844
f 2367/2451/4845 2361/2452/4846 2363/2453/4847 2365/2454/4848
f 2366/2447/4849 2364/2448/4850 2362/2449/4851 2368/2450/4852
g pCube116 Shack
f 2369/570/4853 2370/566/4854 2372/569/4855 2371/571/4856
f 2373/573/4857 2374/574/4858 2376/575/4859 2375/572/4860
f 2370/566/4861 2376/567/4862 2374/568/4863 2372/569/4864
f 2375/572/4865 2369/570/4866 2371/571/4867 2373/573/4868
s 1
g polySurface71 Shack
f 2386/1468/4869 2387/73/4870 2382/1466/4871 2381/1467/4872
s 2
f 2384/1454/4873 2389/74/4874 2390/1461/4875 2385/1462/4876
s 3
f 2383/1458/4877 2388/1456/4878 2395/1457/4879 2396/1455/4880
s 4
f 2382/1466/4881 2387/73/4882 2392/1463/4883 2393/1464/4884
s 1
f 2377/1471/4885 2380/1470/4886 2387/73/4870 2386/1468/4869
s 4
f 2391/1469/4887 2392/1463/4883 2387/73/4882 2380/1470/4888
s 2
f 2390/1461/4875 2389/74/4874 2379/1460/4889 2378/1465/4890
s 4
f 2393/1464/4884 2392/1463/4883 2388/1456/4891 2383/1458/4892
s 3
f 2389/74/4893 2395/1457/4879 2394/1459/4894 2379/1460/4895
f 2396/1455/4880 2395/1457/4879 2389/74/4893 2384/1454/4896
# totals: 2396 3156 4896 1341
